{
	"info": {
		"description": "2D pose estimation outputs from Hawaii 2D Pose (based on MultiPoseNet)",
		"url": "",
		"version": "191128",
		"year": 2020,
		"contributor": "KakaoBrain-HumanCV",
		"date_created": "2020-01-15 18:08:03"
	},
	"video": {
		"path": "S002C003P007R001A008_rgb.avi",
		"width": 1920,
		"height": 1080,
		"original_length": 72,
		"fps": 30.0
	},
	"annotations": [
		{
			"frame_num": 0,
			"objects": [
				{
					"category_id": 1,
					"bbox": [
						836.75,
						188.03,
						237.62,
						764.36
					],
					"score": 0.952,
					"keypoints": [
						951.58,
						263.67,
						1.0,
						967.51,
						247.75,
						1.0,
						935.66,
						247.75,
						1.0,
						983.43,
						263.67,
						1.0,
						911.77,
						271.64,
						1.0,
						1031.2,
						367.18,
						0.94,
						871.96,
						367.18,
						0.99,
						1047.13,
						486.61,
						1.0,
						856.04,
						478.65,
						1.0,
						1047.13,
						590.12,
						1.0,
						856.04,
						582.16,
						1.0,
						991.39,
						590.12,
						0.73,
						903.81,
						590.12,
						0.73,
						1015.28,
						733.44,
						0.91,
						911.77,
						725.48,
						0.89,
						1031.2,
						860.83,
						1.0,
						919.74,
						852.87,
						1.0
					],
					"area": 40821.01,
					"b_score": 0.944,
					"object_id": 0
				}
			]
		},
		{
			"frame_num": 1,
			"objects": [
				{
					"category_id": 1,
					"bbox": [
						836.71,
						188.2,
						237.72,
						763.74
					],
					"score": 0.961,
					"keypoints": [
						951.587,
						263.708,
						1.0,
						967.51,
						247.791,
						1.0,
						935.667,
						247.791,
						1.0,
						983.427,
						263.708,
						1.0,
						911.787,
						271.674,
						1.0,
						1031.183,
						367.187,
						0.93,
						871.988,
						364.08,
						0.98,
						1047.106,
						486.586,
						1.0,
						859.187,
						478.626,
						1.0,
						1047.094,
						590.038,
						1.0,
						856.086,
						582.078,
						1.0,
						994.494,
						590.065,
						0.69,
						906.944,
						590.065,
						0.71,
						1015.266,
						733.343,
						0.93,
						911.787,
						725.387,
						0.9,
						1031.174,
						860.634,
						1.0,
						919.755,
						852.679,
						1.0
					],
					"area": 40804.542,
					"b_score": 0.955,
					"object_id": 0
				}
			]
		},
		{
			"frame_num": 2,
			"objects": [
				{
					"category_id": 1,
					"bbox": [
						836.83,
						188.69,
						237.67,
						763.32
					],
					"score": 0.938,
					"keypoints": [
						951.622,
						263.889,
						1.0,
						967.538,
						247.979,
						1.0,
						935.706,
						247.979,
						1.0,
						983.448,
						263.889,
						1.0,
						911.836,
						271.85,
						1.0,
						1031.189,
						367.33,
						0.89,
						872.051,
						362.262,
						0.97,
						1047.104,
						486.684,
						1.0,
						858.107,
						478.727,
						1.0,
						1047.097,
						590.136,
						1.0,
						856.181,
						582.181,
						1.0,
						993.367,
						590.122,
						0.68,
						905.847,
						590.122,
						0.7,
						1015.278,
						733.346,
						0.93,
						911.836,
						725.391,
						0.87,
						1031.187,
						860.601,
						0.99,
						919.819,
						852.649,
						1.0
					],
					"area": 40772.3,
					"b_score": 0.956,
					"object_id": 0
				}
			]
		},
		{
			"frame_num": 3,
			"objects": [
				{
					"category_id": 1,
					"bbox": [
						837.39,
						188.48,
						237.2,
						763.23
					],
					"score": 0.941,
					"keypoints": [
						951.757,
						263.928,
						1.0,
						967.667,
						248.021,
						1.0,
						935.846,
						251.166,
						1.0,
						986.717,
						263.928,
						1.0,
						911.984,
						271.885,
						1.0,
						1031.3,
						367.34,
						0.89,
						872.21,
						364.182,
						0.97,
						1047.21,
						486.658,
						1.0,
						857.569,
						478.704,
						1.0,
						1047.258,
						590.051,
						1.0,
						856.404,
						582.093,
						1.0,
						992.793,
						590.069,
						0.66,
						905.296,
						590.069,
						0.7,
						1015.393,
						733.25,
						0.92,
						908.919,
						728.373,
						0.87,
						1031.354,
						860.429,
						0.99,
						920.022,
						852.478,
						1.0
					],
					"area": 40686.901,
					"b_score": 0.959,
					"object_id": 0
				}
			]
		},
		{
			"frame_num": 4,
			"objects": [
				{
					"category_id": 1,
					"bbox": [
						836.95,
						188.67,
						237.82,
						762.83
					],
					"score": 0.947,
					"keypoints": [
						951.8,
						264.009,
						1.0,
						967.702,
						248.108,
						1.0,
						935.896,
						253.269,
						1.0,
						988.747,
						264.009,
						1.0,
						912.042,
						271.963,
						1.0,
						1031.314,
						367.382,
						0.89,
						872.284,
						365.342,
						0.97,
						1047.22,
						486.656,
						1.0,
						857.204,
						478.706,
						1.0,
						1047.249,
						585.239,
						1.0,
						856.469,
						582.051,
						1.0,
						995.467,
						590.028,
						0.67,
						904.913,
						590.028,
						0.7,
						1015.413,
						733.156,
						0.92,
						910.098,
						730.259,
						0.89,
						1031.347,
						860.268,
						0.98,
						920.062,
						852.322,
						1.0
					],
					"area": 40772.382,
					"b_score": 0.962,
					"object_id": 0
				}
			]
		},
		{
			"frame_num": 5,
			"objects": [
				{
					"category_id": 1,
					"bbox": [
						837.01,
						188.36,
						238.04,
						763.74
					],
					"score": 0.948,
					"keypoints": [
						951.887,
						263.985,
						1.0,
						967.792,
						248.081,
						1.0,
						935.981,
						254.42,
						1.0,
						990.056,
						263.985,
						1.0,
						912.121,
						271.938,
						1.0,
						1031.417,
						367.374,
						0.89,
						872.359,
						366.043,
						0.97,
						1047.324,
						486.671,
						1.0,
						856.988,
						478.718,
						1.0,
						1047.389,
						583.353,
						1.0,
						856.527,
						582.107,
						1.0,
						997.255,
						590.06,
						0.66,
						904.708,
						590.06,
						0.7,
						1015.512,
						733.213,
						0.91,
						907.809,
						731.543,
						0.89,
						1031.483,
						860.444,
						0.99,
						920.149,
						852.497,
						1.0
					],
					"area": 40858.832,
					"b_score": 0.962,
					"object_id": 0
				}
			]
		},
		{
			"frame_num": 6,
			"objects": [
				{
					"category_id": 1,
					"bbox": [
						836.73,
						188.46,
						238.14,
						764.34
					],
					"score": 0.971,
					"keypoints": [
						951.864,
						264.025,
						1.0,
						967.774,
						248.115,
						1.0,
						935.949,
						255.153,
						1.0,
						990.726,
						264.025,
						1.0,
						912.083,
						271.98,
						1.0,
						1031.425,
						367.453,
						0.92,
						872.304,
						366.598,
						0.98,
						1047.337,
						486.795,
						1.0,
						856.74,
						478.84,
						1.0,
						1047.374,
						582.886,
						1.0,
						856.395,
						582.351,
						1.0,
						998.234,
						590.226,
						0.69,
						904.477,
						590.226,
						0.7,
						1015.512,
						733.433,
						0.92,
						909.353,
						732.522,
						0.93,
						1031.461,
						860.856,
						1.0,
						920.057,
						852.902,
						1.0
					],
					"area": 40909.234,
					"b_score": 0.962,
					"object_id": 0
				}
			]
		},
		{
			"frame_num": 7,
			"objects": [
				{
					"category_id": 1,
					"bbox": [
						836.44,
						189.14,
						238.3,
						763.11
					],
					"score": 0.949,
					"keypoints": [
						951.779,
						264.248,
						1.0,
						967.683,
						251.538,
						1.0,
						935.87,
						255.818,
						1.0,
						990.993,
						264.248,
						1.0,
						912.009,
						272.202,
						1.0,
						1031.316,
						367.645,
						0.89,
						872.244,
						367.108,
						0.96,
						1047.224,
						486.947,
						1.0,
						856.562,
						478.994,
						1.0,
						1047.187,
						582.728,
						1.0,
						856.31,
						582.491,
						1.0,
						998.685,
						590.346,
						0.66,
						904.282,
						590.346,
						0.7,
						1015.408,
						736.644,
						0.92,
						907.2,
						733.0,
						0.91,
						1031.281,
						860.848,
						0.99,
						919.936,
						852.896,
						0.99
					],
					"area": 40870.479,
					"b_score": 0.963,
					"object_id": 0
				}
			]
		},
		{
			"frame_num": 8,
			"objects": [
				{
					"category_id": 1,
					"bbox": [
						835.67,
						190.17,
						239.1,
						762.98
					],
					"score": 0.976,
					"keypoints": [
						951.597,
						268.044,
						1.0,
						967.495,
						254.173,
						1.0,
						935.691,
						256.639,
						1.0,
						990.992,
						264.76,
						1.0,
						911.837,
						272.712,
						1.0,
						1031.11,
						368.13,
						0.93,
						872.081,
						367.815,
						0.99,
						1047.015,
						487.397,
						1.0,
						856.318,
						479.445,
						1.0,
						1046.893,
						583.216,
						1.0,
						856.083,
						583.07,
						1.0,
						998.786,
						590.766,
						0.67,
						904.027,
						590.766,
						0.7,
						1015.208,
						739.119,
						0.94,
						908.781,
						733.675,
						0.96,
						1030.99,
						861.323,
						1.0,
						919.69,
						853.378,
						1.0
					],
					"area": 40999.545,
					"b_score": 0.962,
					"object_id": 0
				}
			]
		},
		{
			"frame_num": 9,
			"objects": [
				{
					"category_id": 1,
					"bbox": [
						834.87,
						192.71,
						240.3,
						760.4
					],
					"score": 0.914,
					"keypoints": [
						954.451,
						271.484,
						1.0,
						967.287,
						256.794,
						1.0,
						938.57,
						258.131,
						1.0,
						990.857,
						269.431,
						1.0,
						914.76,
						273.907,
						1.0,
						1030.811,
						369.177,
						0.89,
						875.074,
						369.025,
						0.94,
						1046.696,
						488.263,
						1.0,
						859.225,
						480.324,
						0.99,
						1046.479,
						584.082,
						1.0,
						860.736,
						584.019,
						0.94,
						998.702,
						588.556,
						0.65,
						906.85,
						591.481,
						0.66,
						1014.931,
						740.893,
						0.93,
						909.711,
						734.363,
						0.91,
						1030.605,
						861.7,
						0.99,
						924.175,
						853.763,
						0.92
					],
					"area": 41066.471,
					"b_score": 0.965,
					"object_id": 0
				}
			]
		},
		{
			"frame_num": 10,
			"objects": [
				{
					"category_id": 1,
					"bbox": [
						833.98,
						196.33,
						242.12,
						756.87
					],
					"score": 0.953,
					"keypoints": [
						953.234,
						271.375,
						1.0,
						967.141,
						259.855,
						1.0,
						937.39,
						260.501,
						1.0,
						990.722,
						270.191,
						1.0,
						913.632,
						276.004,
						1.0,
						1030.501,
						370.979,
						0.91,
						874.036,
						367.859,
						0.98,
						1046.344,
						489.708,
						1.0,
						858.234,
						481.793,
						1.0,
						1046.068,
						585.368,
						1.0,
						858.46,
						581.119,
						1.0,
						998.582,
						587.81,
						0.63,
						905.755,
						592.621,
						0.69,
						1014.661,
						742.387,
						0.98,
						907.445,
						735.228,
						0.95,
						1030.251,
						862.147,
						0.99,
						921.736,
						854.237,
						1.0
					],
					"area": 41185.843,
					"b_score": 0.966,
					"object_id": 0
				}
			]
		},
		{
			"frame_num": 11,
			"objects": [
				{
					"category_id": 1,
					"bbox": [
						832.81,
						202.29,
						243.42,
						750.49
					],
					"score": 0.972,
					"keypoints": [
						952.332,
						277.622,
						1.0,
						966.824,
						264.245,
						1.0,
						936.553,
						268.705,
						1.0,
						990.324,
						276.998,
						1.0,
						912.894,
						279.684,
						1.0,
						1029.875,
						377.962,
						0.92,
						873.466,
						372.205,
						0.99,
						1045.64,
						492.093,
						1.0,
						857.73,
						484.223,
						1.0,
						1049.562,
						592.724,
						1.0,
						857.611,
						581.291,
						0.99,
						998.169,
						588.343,
						0.65,
						905.051,
						594.416,
						0.69,
						1014.116,
						743.835,
						0.97,
						905.95,
						740.1,
						0.95,
						1029.453,
						862.545,
						1.0,
						920.478,
						854.685,
						1.0
					],
					"area": 41057.939,
					"b_score": 0.966,
					"object_id": 0
				}
			]
		},
		{
			"frame_num": 12,
			"objects": [
				{
					"category_id": 1,
					"bbox": [
						833.8,
						212.22,
						242.8,
						740.87
					],
					"score": 0.941,
					"keypoints": [
						951.99,
						285.88,
						1.0,
						966.808,
						271.465,
						1.0,
						936.331,
						273.542,
						1.0,
						987.48,
						281.296,
						1.0,
						912.847,
						286.338,
						1.0,
						1029.372,
						381.817,
						0.89,
						873.72,
						374.834,
						1.0,
						1045.005,
						496.427,
						1.0,
						858.091,
						485.049,
						1.0,
						1050.781,
						598.954,
						1.0,
						858.204,
						584.182,
						0.95,
						995.263,
						587.654,
						0.64,
						905.047,
						594.342,
						0.64,
						1013.735,
						746.027,
						0.92,
						905.586,
						740.452,
						0.87,
						1028.939,
						863.546,
						1.0,
						920.479,
						855.77,
						1.0
					],
					"area": 40428.414,
					"b_score": 0.965,
					"object_id": 0
				}
			]
		},
		{
			"frame_num": 13,
			"objects": [
				{
					"category_id": 1,
					"bbox": [
						832.74,
						222.1,
						243.97,
						730.23
					],
					"score": 0.94,
					"keypoints": [
						951.61,
						299.773,
						1.0,
						966.565,
						284.895,
						1.0,
						936.115,
						285.625,
						1.0,
						987.989,
						292.879,
						1.0,
						912.862,
						294.712,
						1.0,
						1031.202,
						387.761,
						0.85,
						874.136,
						384.239,
						0.94,
						1046.659,
						501.799,
						1.0,
						858.657,
						492.106,
						1.0,
						1054.932,
						604.023,
						1.0,
						858.98,
						588.37,
						0.99,
						995.709,
						591.829,
						0.69,
						905.128,
						596.115,
						0.69,
						1015.751,
						748.265,
						0.95,
						905.464,
						745.561,
						0.88,
						1027.837,
						864.282,
						0.96,
						920.49,
						856.611,
						0.99
					],
					"area": 40039.154,
					"b_score": 0.962,
					"object_id": 0
				}
			]
		},
		{
			"frame_num": 14,
			"objects": [
				{
					"category_id": 1,
					"bbox": [
						831.94,
						237.83,
						244.82,
						715.24
					],
					"score": 0.949,
					"keypoints": [
						951.257,
						319.808,
						1.0,
						963.126,
						304.922,
						1.0,
						933.029,
						305.012,
						1.0,
						987.951,
						306.963,
						0.96,
						910.218,
						312.095,
						1.0,
						1031.696,
						402.457,
						0.89,
						874.881,
						396.281,
						0.96,
						1049.91,
						514.584,
						0.98,
						859.627,
						501.557,
						1.0,
						1054.931,
						611.307,
						1.0,
						856.112,
						595.666,
						1.0,
						995.578,
						598.526,
						0.7,
						902.584,
						600.937,
						0.68,
						1016.46,
						751.9,
						1.0,
						902.467,
						750.816,
						0.97,
						1026.256,
						862.035,
						1.0,
						920.665,
						858.588,
						1.0
					],
					"area": 39354.127,
					"b_score": 0.959,
					"object_id": 0
				}
			]
		},
		{
			"frame_num": 15,
			"objects": [
				{
					"category_id": 1,
					"bbox": [
						829.2,
						261.68,
						247.76,
						678.03
					],
					"score": 0.942,
					"keypoints": [
						947.676,
						340.311,
						1.0,
						960.305,
						325.979,
						1.0,
						931.094,
						325.879,
						1.0,
						986.834,
						325.81,
						1.0,
						909.016,
						332.229,
						1.0,
						1030.1,
						418.306,
						0.87,
						873.811,
						411.233,
						0.96,
						1049.344,
						521.498,
						0.96,
						858.936,
						511.87,
						1.0,
						1055.267,
						616.465,
						1.0,
						852.855,
						601.677,
						0.98,
						994.231,
						604.864,
						0.71,
						904.194,
						609.961,
						0.67,
						1015.306,
						755.832,
						0.95,
						898.084,
						751.704,
						0.91,
						1026.81,
						860.049,
						1.0,
						920.993,
						854.829,
						1.0
					],
					"area": 37754.948,
					"b_score": 0.961,
					"object_id": 0
				}
			]
		},
		{
			"frame_num": 16,
			"objects": [
				{
					"category_id": 1,
					"bbox": [
						829.29,
						283.59,
						248.4,
						656.51
					],
					"score": 0.9,
					"keypoints": [
						945.786,
						365.748,
						1.0,
						958.801,
						351.944,
						1.0,
						930.452,
						351.812,
						1.0,
						985.869,
						351.175,
						0.86,
						906.115,
						357.927,
						0.97,
						1030.799,
						435.554,
						0.82,
						874.181,
						428.374,
						0.92,
						1050.647,
						537.378,
						0.91,
						859.771,
						529.596,
						0.97,
						1057.894,
						625.914,
						0.98,
						857.266,
						611.754,
						0.95,
						993.028,
						618.482,
						0.68,
						905.969,
						620.71,
						0.62,
						1013.954,
						761.098,
						0.96,
						896.812,
						755.485,
						0.95,
						1025.942,
						860.799,
						0.96,
						921.913,
						854.714,
						1.0
					],
					"area": 36650.089,
					"b_score": 0.963,
					"object_id": 0
				}
			]
		},
		{
			"frame_num": 17,
			"objects": [
				{
					"category_id": 1,
					"bbox": [
						828.86,
						308.86,
						247.37,
						630.72
					],
					"score": 0.894,
					"keypoints": [
						944.444,
						394.255,
						1.0,
						957.471,
						381.019,
						1.0,
						927.116,
						380.909,
						1.0,
						981.453,
						380.286,
						0.93,
						904.884,
						381.88,
						0.84,
						1027.106,
						454.728,
						0.84,
						872.853,
						447.783,
						0.9,
						1052.181,
						548.925,
						0.91,
						858.88,
						542.024,
						1.0,
						1055.869,
						637.422,
						0.98,
						857.274,
						623.941,
						1.0,
						991.269,
						627.741,
						0.69,
						907.469,
						628.58,
						0.67,
						1011.753,
						763.44,
						0.93,
						896.761,
						757.288,
						0.99,
						1027.103,
						858.902,
						0.96,
						922.494,
						856.182,
						1.0
					],
					"area": 35064.444,
					"b_score": 0.95,
					"object_id": 0
				}
			]
		},
		{
			"frame_num": 18,
			"objects": [
				{
					"category_id": 1,
					"bbox": [
						829.45,
						330.68,
						246.81,
						607.06
					],
					"score": 0.901,
					"keypoints": [
						941.036,
						420.443,
						1.0,
						953.787,
						402.748,
						1.0,
						925.893,
						407.654,
						1.0,
						978.538,
						402.268,
						0.84,
						902.267,
						402.478,
						0.77,
						1023.698,
						467.526,
						0.85,
						873.184,
						465.548,
						0.87,
						1051.659,
						561.485,
						0.93,
						857.44,
						550.689,
						0.96,
						1053.296,
						652.673,
						1.0,
						859.483,
						634.534,
						0.94,
						989.747,
						633.542,
						0.69,
						906.711,
						630.013,
						0.67,
						1006.609,
						763.649,
						1.0,
						897.785,
						760.798,
						0.98,
						1026.258,
						858.789,
						1.0,
						923.562,
						854.126,
						1.0
					],
					"area": 33673.028,
					"b_score": 0.954,
					"object_id": 0
				}
			]
		},
		{
			"frame_num": 19,
			"objects": [
				{
					"category_id": 1,
					"bbox": [
						827.89,
						351.94,
						247.96,
						585.99
					],
					"score": 0.858,
					"keypoints": [
						935.831,
						450.235,
						1.0,
						951.384,
						431.944,
						1.0,
						922.286,
						433.033,
						1.0,
						976.069,
						426.707,
						0.77,
						894.976,
						426.574,
						0.64,
						1016.959,
						483.082,
						0.79,
						871.815,
						482.645,
						0.86,
						1052.03,
						574.674,
						0.9,
						857.376,
						567.134,
						0.97,
						1049.293,
						663.758,
						0.98,
						861.798,
						645.3,
						0.97,
						987.886,
						634.868,
						0.71,
						906.484,
						633.363,
						0.65,
						999.043,
						767.065,
						0.97,
						896.038,
						762.488,
						0.96,
						1023.798,
						860.267,
						0.99,
						920.751,
						854.853,
						0.99
					],
					"area": 32656.692,
					"b_score": 0.941,
					"object_id": 0
				}
			]
		},
		{
			"frame_num": 20,
			"objects": [
				{
					"category_id": 1,
					"bbox": [
						830.03,
						379.47,
						245.88,
						558.71
					],
					"score": 0.813,
					"keypoints": [
						934.229,
						474.672,
						1.0,
						947.804,
						456.969,
						1.0,
						918.758,
						461.87,
						1.0,
						971.867,
						450.936,
						0.77,
						893.408,
						455.405,
						0.61,
						1015.555,
						498.686,
						0.69,
						870.569,
						503.096,
						0.86,
						1050.889,
						586.582,
						0.86,
						859.345,
						580.319,
						0.93,
						1045.448,
						671.568,
						0.95,
						866.136,
						653.825,
						0.92,
						991.2,
						640.525,
						0.64,
						907.562,
						636.319,
						0.6,
						994.751,
						769.883,
						0.94,
						896.748,
						764.628,
						0.9,
						1024.867,
						863.182,
						0.94,
						924.151,
						854.29,
						0.94
					],
					"area": 30874.419,
					"b_score": 0.939,
					"object_id": 0
				}
			]
		},
		{
			"frame_num": 21,
			"objects": [
				{
					"category_id": 1,
					"bbox": [
						835.52,
						395.03,
						237.9,
						541.45
					],
					"score": 0.811,
					"keypoints": [
						931.639,
						494.165,
						1.0,
						943.962,
						477.047,
						1.0,
						915.415,
						482.608,
						1.0,
						970.241,
						471.088,
						0.8,
						891.487,
						472.005,
						0.5,
						1011.76,
						511.532,
						0.7,
						869.158,
						517.048,
						0.85,
						1049.702,
						596.541,
						0.83,
						860.121,
						594.889,
						0.85,
						1043.172,
						678.256,
						0.95,
						870.51,
						661.124,
						0.9,
						991.173,
						647.336,
						0.66,
						907.179,
						645.584,
						0.6,
						989.756,
						776.304,
						0.92,
						898.42,
						770.793,
						0.87,
						1021.528,
						868.509,
						0.96,
						923.767,
						857.722,
						0.94
					],
					"area": 28949.618,
					"b_score": 0.943,
					"object_id": 0
				}
			]
		},
		{
			"frame_num": 22,
			"objects": [
				{
					"category_id": 1,
					"bbox": [
						836.4,
						410.79,
						235.83,
						526.41
					],
					"score": 0.856,
					"keypoints": [
						930.64,
						508.393,
						1.0,
						942.231,
						491.788,
						1.0,
						914.294,
						497.342,
						1.0,
						966.304,
						486.053,
						0.87,
						888.549,
						490.533,
						0.59,
						1009.013,
						520.019,
						0.78,
						869.226,
						525.627,
						0.86,
						1047.911,
						602.713,
						0.87,
						861.587,
						598.441,
						0.93,
						1036.788,
						681.405,
						1.0,
						873.411,
						660.476,
						0.93,
						990.712,
						648.529,
						0.68,
						909.596,
						647.818,
						0.65,
						986.891,
						775.836,
						0.94,
						897.736,
						770.339,
						0.93,
						1022.297,
						865.485,
						1.0,
						921.005,
						857.704,
						0.96
					],
					"area": 27901.162,
					"b_score": 0.941,
					"object_id": 0
				}
			]
		},
		{
			"frame_num": 23,
			"objects": [
				{
					"category_id": 1,
					"bbox": [
						837.99,
						423.39,
						234.58,
						513.26
					],
					"score": 0.834,
					"keypoints": [
						928.231,
						523.539,
						1.0,
						942.074,
						507.373,
						1.0,
						912.028,
						508.539,
						1.0,
						964.777,
						493.39,
						0.79,
						888.504,
						498.552,
						0.45,
						1010.198,
						529.443,
						0.68,
						868.359,
						534.971,
						0.89,
						1048.247,
						609.956,
						0.89,
						863.882,
						601.23,
						0.89,
						1034.06,
						686.632,
						0.96,
						876.372,
						661.099,
						0.93,
						992.341,
						649.759,
						0.67,
						911.979,
						649.465,
						0.63,
						985.71,
						774.66,
						0.95,
						898.293,
						766.618,
						0.9,
						1022.196,
						864.93,
						1.0,
						923.661,
						855.659,
						0.99
					],
					"area": 27059.855,
					"b_score": 0.934,
					"object_id": 0
				}
			]
		},
		{
			"frame_num": 24,
			"objects": [
				{
					"category_id": 1,
					"bbox": [
						839.69,
						434.01,
						232.88,
						503.43
					],
					"score": 0.776,
					"keypoints": [
						927.762,
						537.662,
						1.0,
						939.887,
						521.839,
						1.0,
						909.07,
						522.054,
						1.0,
						964.388,
						506.227,
						0.76,
						886.912,
						515.605,
						0.34,
						1010.676,
						542.096,
						0.65,
						868.847,
						543.611,
						0.86,
						1048.126,
						620.753,
						0.86,
						866.404,
						603.411,
						0.76,
						1032.782,
						687.957,
						0.88,
						875.382,
						658.087,
						0.83,
						993.459,
						650.852,
						0.66,
						914.111,
						650.728,
						0.62,
						985.326,
						773.461,
						0.91,
						899.332,
						766.81,
						0.86,
						1021.904,
						863.081,
						0.96,
						922.823,
						855.916,
						0.93
					],
					"area": 26349.27,
					"b_score": 0.937,
					"object_id": 0
				}
			]
		},
		{
			"frame_num": 25,
			"objects": [
				{
					"category_id": 1,
					"bbox": [
						839.48,
						443.02,
						233.09,
						494.89
					],
					"score": 0.808,
					"keypoints": [
						925.109,
						546.262,
						1.0,
						938.925,
						530.718,
						1.0,
						908.035,
						534.813,
						1.0,
						964.079,
						519.072,
						0.83,
						886.675,
						525.221,
						0.57,
						1012.744,
						550.656,
						0.69,
						867.624,
						554.917,
						0.86,
						1047.431,
						628.02,
						0.91,
						866.149,
						611.786,
						0.61,
						1031.437,
						691.841,
						0.79,
						875.853,
						660.954,
						0.79,
						993.908,
						651.391,
						0.69,
						915.571,
						654.352,
						0.65,
						984.838,
						774.482,
						0.89,
						900.246,
						766.056,
						0.9,
						1021.079,
						863.122,
						0.99,
						922.667,
						857.035,
						1.0
					],
					"area": 25925.228,
					"b_score": 0.94,
					"object_id": 0
				}
			]
		},
		{
			"frame_num": 26,
			"objects": [
				{
					"category_id": 1,
					"bbox": [
						836.88,
						453.57,
						235.71,
						485.21
					],
					"score": 0.8,
					"keypoints": [
						923.474,
						554.702,
						1.0,
						937.988,
						539.461,
						1.0,
						907.371,
						544.331,
						1.0,
						963.222,
						525.0,
						0.88,
						884.051,
						534.218,
						0.59,
						1010.473,
						555.354,
						0.68,
						867.084,
						563.977,
						0.86,
						1047.723,
						631.446,
						0.9,
						866.209,
						615.869,
						0.56,
						1025.528,
						697.08,
						0.53,
						873.227,
						662.616,
						0.87,
						993.458,
						652.415,
						0.67,
						916.133,
						653.713,
						0.69,
						983.656,
						774.501,
						0.9,
						900.738,
						765.308,
						0.89,
						1022.103,
						864.389,
						0.99,
						922.259,
						856.192,
						0.99
					],
					"area": 25704.406,
					"b_score": 0.938,
					"object_id": 0
				}
			]
		},
		{
			"frame_num": 27,
			"objects": [
				{
					"category_id": 1,
					"bbox": [
						832.77,
						459.26,
						239.44,
						479.02
					],
					"score": 0.735,
					"keypoints": [
						924.244,
						559.933,
						1.0,
						938.964,
						544.904,
						1.0,
						908.678,
						549.883,
						1.0,
						961.63,
						529.971,
						0.82,
						884.576,
						539.8,
						0.63,
						1007.816,
						556.205,
						0.65,
						868.26,
						565.821,
						0.8,
						1048.44,
						634.812,
						0.86,
						867.93,
						619.581,
						0.4,
						1021.52,
						700.244,
						0.44,
						871.576,
						665.224,
						0.74,
						993.981,
						651.848,
						0.63,
						917.924,
						652.441,
						0.63,
						984.282,
						772.946,
						0.83,
						902.343,
						765.677,
						0.87,
						1020.838,
						865.232,
						0.95,
						923.765,
						856.068,
						0.92
					],
					"area": 25777.339,
					"b_score": 0.935,
					"object_id": 0
				}
			]
		},
		{
			"frame_num": 28,
			"objects": [
				{
					"category_id": 1,
					"bbox": [
						827.94,
						466.27,
						245.49,
						472.69
					],
					"score": 0.76,
					"keypoints": [
						923.939,
						569.205,
						1.0,
						938.688,
						550.603,
						1.0,
						908.754,
						555.562,
						1.0,
						962.278,
						532.026,
						0.84,
						884.406,
						545.584,
						0.74,
						1005.173,
						557.01,
						0.66,
						868.703,
						570.316,
						0.74,
						1049.591,
						632.452,
						0.87,
						864.728,
						614.461,
						0.44,
						1018.441,
						703.869,
						0.43,
						867.544,
						665.541,
						0.8,
						993.474,
						651.36,
						0.59,
						916.144,
						651.644,
						0.63,
						983.506,
						773.435,
						0.89,
						902.931,
						765.024,
						0.91,
						1021.514,
						863.906,
						0.94,
						923.682,
						856.944,
						0.97
					],
					"area": 26079.904,
					"b_score": 0.934,
					"object_id": 0
				}
			]
		},
		{
			"frame_num": 29,
			"objects": [
				{
					"category_id": 1,
					"bbox": [
						827.18,
						472.19,
						246.01,
						467.12
					],
					"score": 0.765,
					"keypoints": [
						923.694,
						574.919,
						1.0,
						938.378,
						559.33,
						1.0,
						906.447,
						564.238,
						1.0,
						959.961,
						539.903,
						0.82,
						882.085,
						554.348,
						0.68,
						1003.259,
						563.95,
						0.63,
						867.269,
						574.887,
						0.75,
						1049.713,
						634.227,
						0.84,
						863.116,
						615.251,
						0.6,
						1016.647,
						703.471,
						0.4,
						862.916,
						664.789,
						0.92,
						992.8,
						650.564,
						0.64,
						915.143,
						650.708,
						0.7,
						982.682,
						774.751,
						0.9,
						903.321,
						765.694,
						0.92,
						1021.093,
						863.898,
						0.96,
						923.544,
						858.088,
						0.95
					],
					"area": 25827.071,
					"b_score": 0.926,
					"object_id": 0
				}
			]
		},
		{
			"frame_num": 30,
			"objects": [
				{
					"category_id": 1,
					"bbox": [
						831.42,
						477.25,
						240.94,
						461.88
					],
					"score": 0.735,
					"keypoints": [
						924.483,
						579.199,
						1.0,
						939.043,
						564.482,
						1.0,
						908.496,
						569.329,
						1.0,
						959.556,
						545.073,
						0.72,
						884.292,
						556.019,
						0.76,
						1002.848,
						565.514,
						0.62,
						867.431,
						575.571,
						0.75,
						1050.007,
						633.839,
						0.83,
						863.033,
						611.875,
						0.6,
						1016.777,
						701.747,
						0.4,
						862.894,
						663.363,
						0.88,
						992.796,
						649.343,
						0.64,
						915.414,
						649.425,
						0.65,
						980.549,
						772.057,
						0.85,
						902.611,
						764.791,
						0.85,
						1021.389,
						864.241,
						0.93,
						921.978,
						856.455,
						0.88
					],
					"area": 25011.092,
					"b_score": 0.925,
					"object_id": 0
				}
			]
		},
		{
			"frame_num": 31,
			"objects": [
				{
					"category_id": 1,
					"bbox": [
						830.5,
						481.78,
						241.56,
						456.95
					],
					"score": 0.782,
					"keypoints": [
						924.756,
						579.316,
						1.0,
						939.191,
						564.917,
						1.0,
						907.391,
						569.702,
						1.0,
						959.022,
						545.762,
						0.84,
						885.473,
						559.122,
						0.74,
						1004.307,
						565.228,
						0.67,
						867.642,
						574.919,
						0.76,
						1049.599,
						632.551,
						0.85,
						861.366,
						607.05,
						0.62,
						1021.679,
						694.422,
						0.55,
						860.093,
						661.592,
						0.95,
						992.422,
						647.803,
						0.65,
						915.48,
						647.858,
						0.72,
						981.342,
						769.414,
						0.92,
						902.147,
						763.041,
						0.89,
						1020.799,
						861.996,
						0.96,
						921.077,
						855.913,
						0.94
					],
					"area": 24808.289,
					"b_score": 0.923,
					"object_id": 0
				}
			]
		},
		{
			"frame_num": 32,
			"objects": [
				{
					"category_id": 1,
					"bbox": [
						831.26,
						483.87,
						240.72,
						455.35
					],
					"score": 0.773,
					"keypoints": [
						925.089,
						584.008,
						1.0,
						939.434,
						569.745,
						1.0,
						909.057,
						574.516,
						1.0,
						958.887,
						547.264,
						0.82,
						886.351,
						561.262,
						0.61,
						1005.13,
						566.296,
						0.69,
						867.998,
						575.873,
						0.74,
						1049.341,
						632.99,
						0.85,
						860.524,
						603.45,
						0.64,
						1023.561,
						694.72,
						0.54,
						859.492,
						661.681,
						0.97,
						992.25,
						647.676,
						0.67,
						915.708,
						647.707,
						0.7,
						981.851,
						768.248,
						0.93,
						903.822,
						762.418,
						0.89,
						1020.583,
						861.417,
						0.96,
						920.92,
						856.073,
						0.94
					],
					"area": 24634.932,
					"b_score": 0.918,
					"object_id": 0
				}
			]
		},
		{
			"frame_num": 33,
			"objects": [
				{
					"category_id": 1,
					"bbox": [
						831.54,
						484.9,
						240.56,
						449.44
					],
					"score": 0.751,
					"keypoints": [
						925.5,
						588.425,
						1.0,
						939.717,
						570.992,
						1.0,
						910.254,
						575.701,
						1.0,
						958.866,
						547.836,
						0.76,
						887.252,
						565.163,
						0.61,
						1005.359,
						566.634,
						0.67,
						866.932,
						576.076,
						0.69,
						1048.801,
						635.382,
						0.85,
						858.652,
						603.871,
						0.65,
						1023.994,
						696.595,
						0.74,
						860.109,
						663.728,
						0.89,
						992.021,
						647.124,
						0.63,
						914.33,
						649.247,
						0.63,
						982.03,
						768.21,
						0.89,
						903.392,
						762.808,
						0.84,
						1020.101,
						864.099,
						0.96,
						921.172,
						859.314,
						0.92
					],
					"area": 24298.965,
					"b_score": 0.914,
					"object_id": 0
				}
			]
		},
		{
			"frame_num": 34,
			"objects": [
				{
					"category_id": 1,
					"bbox": [
						830.76,
						485.4,
						241.48,
						449.24
					],
					"score": 0.746,
					"keypoints": [
						927.405,
						590.004,
						1.0,
						941.554,
						571.669,
						1.0,
						910.827,
						576.359,
						1.0,
						962.459,
						551.5,
						0.7,
						887.664,
						566.625,
						0.66,
						1007.213,
						569.98,
						0.63,
						867.901,
						576.436,
						0.68,
						1049.994,
						636.604,
						0.85,
						857.38,
						606.726,
						0.66,
						1026.606,
						694.983,
						0.86,
						860.186,
						664.821,
						0.87,
						991.749,
						647.007,
						0.61,
						913.403,
						650.287,
						0.61,
						981.977,
						768.316,
						0.87,
						903.02,
						761.529,
						0.83,
						1019.688,
						865.599,
						0.94,
						921.123,
						858.298,
						0.89
					],
					"area": 24380.515,
					"b_score": 0.914,
					"object_id": 0
				}
			]
		},
		{
			"frame_num": 35,
			"objects": [
				{
					"category_id": 1,
					"bbox": [
						830.37,
						484.31,
						242.09,
						450.22
					],
					"score": 0.75,
					"keypoints": [
						928.465,
						589.885,
						1.0,
						942.587,
						574.458,
						1.0,
						912.746,
						575.954,
						1.0,
						964.41,
						552.036,
						0.73,
						889.468,
						566.461,
						0.69,
						1008.286,
						570.649,
						0.63,
						868.412,
						576.024,
						0.66,
						1050.834,
						634.086,
						0.84,
						854.398,
						607.676,
						0.72,
						1027.857,
						693.965,
						0.9,
						860.061,
						667.78,
						0.87,
						991.578,
						644.827,
						0.62,
						912.764,
						648.505,
						0.61,
						981.944,
						768.22,
						0.88,
						902.719,
						760.507,
						0.84,
						1019.542,
						866.122,
						0.94,
						921.02,
						860.327,
						0.9
					],
					"area": 24496.032,
					"b_score": 0.912,
					"object_id": 0
				}
			]
		},
		{
			"frame_num": 36,
			"objects": [
				{
					"category_id": 1,
					"bbox": [
						830.26,
						481.4,
						244.11,
						452.84
					],
					"score": 0.738,
					"keypoints": [
						931.177,
						588.337,
						1.0,
						943.504,
						570.664,
						1.0,
						914.252,
						574.268,
						1.0,
						965.969,
						547.64,
						0.71,
						890.868,
						561.826,
						0.74,
						1007.62,
						566.755,
						0.63,
						868.876,
						571.797,
						0.65,
						1053.967,
						629.609,
						0.83,
						852.828,
						607.047,
						0.74,
						1032.227,
						689.621,
						0.88,
						862.621,
						667.75,
						0.87,
						991.875,
						644.564,
						0.59,
						912.571,
						648.654,
						0.61,
						982.375,
						767.722,
						0.86,
						902.741,
						759.326,
						0.85,
						1020.157,
						865.967,
						0.93,
						921.348,
						860.786,
						0.86
					],
					"area": 24843.917,
					"b_score": 0.908,
					"object_id": 0
				}
			]
		},
		{
			"frame_num": 37,
			"objects": [
				{
					"category_id": 1,
					"bbox": [
						830.95,
						479.45,
						245.42,
						455.41
					],
					"score": 0.696,
					"keypoints": [
						931.601,
						586.958,
						0.94,
						944.596,
						571.489,
						0.93,
						913.93,
						575.833,
						1.0,
						967.592,
						550.99,
						0.64,
						892.194,
						562.223,
						0.68,
						1007.843,
						567.013,
						0.59,
						867.799,
						574.61,
						0.67,
						1056.784,
						627.01,
						0.76,
						852.313,
						608.453,
						0.72,
						1038.41,
						687.284,
						0.85,
						864.433,
						673.397,
						0.84,
						992.602,
						647.954,
						0.53,
						911.09,
						650.368,
						0.58,
						983.228,
						767.27,
						0.75,
						903.139,
						760.177,
						0.81,
						1021.367,
						866.023,
						0.86,
						922.117,
						858.626,
						0.82
					],
					"area": 25119.654,
					"b_score": 0.912,
					"object_id": 0
				}
			]
		},
		{
			"frame_num": 38,
			"objects": [
				{
					"category_id": 1,
					"bbox": [
						830.95,
						476.25,
						247.02,
						462.1
					],
					"score": 0.783,
					"keypoints": [
						934.033,
						582.572,
						1.0,
						947.584,
						567.701,
						1.0,
						915.603,
						572.318,
						1.0,
						969.06,
						545.255,
						0.69,
						893.008,
						558.33,
						0.72,
						1008.56,
						566.074,
						0.69,
						866.901,
						572.16,
						0.73,
						1059.519,
						623.297,
						0.88,
						853.767,
						608.534,
						0.75,
						1041.887,
						683.107,
						0.94,
						864.971,
						675.115,
						0.87,
						993.605,
						647.615,
						0.6,
						910.185,
						649.039,
						0.63,
						984.192,
						763.422,
						0.88,
						901.706,
						757.339,
						0.88,
						1020.361,
						862.006,
						0.95,
						922.679,
						856.086,
						0.9
					],
					"area": 25653.965,
					"b_score": 0.919,
					"object_id": 0
				}
			]
		},
		{
			"frame_num": 39,
			"objects": [
				{
					"category_id": 1,
					"bbox": [
						830.61,
						472.29,
						248.49,
						464.93
					],
					"score": 0.789,
					"keypoints": [
						935.655,
						579.027,
						1.0,
						949.624,
						564.32,
						1.0,
						916.75,
						569.046,
						1.0,
						970.173,
						543.708,
						0.66,
						893.522,
						554.879,
						0.81,
						1009.257,
						566.426,
						0.69,
						866.276,
						571.847,
						0.77,
						1061.53,
						621.978,
						0.91,
						854.495,
						611.834,
						0.72,
						1043.624,
						683.015,
						0.91,
						865.131,
						684.141,
						0.83,
						994.511,
						648.211,
						0.59,
						907.63,
						649.047,
						0.62,
						984.979,
						762.18,
						0.88,
						900.766,
						756.644,
						0.89,
						1020.292,
						862.086,
						0.93,
						923.051,
						853.951,
						0.9
					],
					"area": 25964.76,
					"b_score": 0.926,
					"object_id": 0
				}
			]
		},
		{
			"frame_num": 40,
			"objects": [
				{
					"category_id": 1,
					"bbox": [
						830.42,
						468.38,
						248.44,
						469.48
					],
					"score": 0.805,
					"keypoints": [
						938.671,
						576.03,
						1.0,
						952.986,
						558.772,
						1.0,
						919.311,
						563.538,
						1.0,
						972.98,
						541.334,
						0.64,
						895.539,
						551.799,
						0.89,
						1011.717,
						565.051,
						0.7,
						867.282,
						567.901,
						0.82,
						1063.009,
						620.336,
						0.93,
						854.453,
						612.234,
						0.82,
						1048.049,
						684.777,
						0.91,
						867.434,
						685.447,
						0.86,
						993.385,
						647.679,
						0.62,
						905.768,
						648.207,
						0.65,
						985.497,
						758.72,
						0.87,
						899.865,
						753.587,
						0.9,
						1020.482,
						862.072,
						0.94,
						922.944,
						852.958,
						0.89
					],
					"area": 26213.923,
					"b_score": 0.929,
					"object_id": 0
				}
			]
		},
		{
			"frame_num": 41,
			"objects": [
				{
					"category_id": 1,
					"bbox": [
						829.92,
						463.31,
						249.93,
						473.64
					],
					"score": 0.783,
					"keypoints": [
						938.217,
						570.351,
						1.0,
						952.738,
						556.642,
						1.0,
						920.823,
						559.099,
						1.0,
						974.811,
						538.084,
						0.62,
						896.638,
						548.315,
						0.8,
						1013.662,
						564.751,
						0.66,
						867.724,
						566.306,
						0.82,
						1064.378,
						619.758,
						0.86,
						852.063,
						612.988,
						0.89,
						1046.8,
						686.42,
						0.82,
						868.081,
						690.645,
						0.86,
						992.869,
						650.044,
						0.61,
						904.598,
						650.284,
						0.63,
						986.004,
						757.885,
						0.83,
						899.201,
						752.869,
						0.87,
						1021.007,
						861.174,
						0.9,
						920.129,
						851.542,
						0.9
					],
					"area": 26605.072,
					"b_score": 0.934,
					"object_id": 0
				}
			]
		},
		{
			"frame_num": 42,
			"objects": [
				{
					"category_id": 1,
					"bbox": [
						830.95,
						457.98,
						248.73,
						477.91
					],
					"score": 0.802,
					"keypoints": [
						940.298,
						565.871,
						1.0,
						955.039,
						551.463,
						1.0,
						924.069,
						553.188,
						1.0,
						976.117,
						534.463,
						0.65,
						899.489,
						542.765,
						0.82,
						1017.569,
						564.878,
						0.66,
						869.739,
						563.65,
						0.82,
						1065.777,
						617.96,
						0.88,
						852.555,
						616.384,
						0.9,
						1050.587,
						685.331,
						0.89,
						871.232,
						693.34,
						0.84,
						992.794,
						652.055,
						0.65,
						906.002,
						652.137,
						0.66,
						986.59,
						756.191,
						0.83,
						900.586,
						753.419,
						0.88,
						1021.82,
						862.497,
						0.89,
						921.582,
						852.792,
						0.87
					],
					"area": 26715.147,
					"b_score": 0.938,
					"object_id": 0
				}
			]
		},
		{
			"frame_num": 43,
			"objects": [
				{
					"category_id": 1,
					"bbox": [
						832.24,
						452.44,
						246.75,
						482.06
					],
					"score": 0.832,
					"keypoints": [
						941.545,
						561.988,
						1.0,
						956.459,
						547.202,
						1.0,
						925.897,
						548.739,
						1.0,
						977.062,
						530.753,
						0.75,
						901.029,
						538.469,
						0.78,
						1017.923,
						562.822,
						0.72,
						869.029,
						564.407,
						0.84,
						1064.775,
						617.092,
						0.93,
						854.492,
						618.545,
						0.92,
						1052.574,
						688.357,
						0.98,
						869.235,
						698.893,
						0.88,
						992.961,
						656.186,
						0.67,
						906.754,
						656.143,
						0.67,
						987.193,
						756.213,
						0.86,
						899.567,
						752.486,
						0.87,
						1022.697,
						864.823,
						0.94,
						922.318,
						852.139,
						0.85
					],
					"area": 26733.256,
					"b_score": 0.937,
					"object_id": 0
				}
			]
		},
		{
			"frame_num": 44,
			"objects": [
				{
					"category_id": 1,
					"bbox": [
						833.32,
						448.08,
						245.02,
						486.91
					],
					"score": 0.744,
					"keypoints": [
						942.267,
						553.294,
						0.96,
						957.331,
						538.467,
						1.0,
						924.556,
						538.574,
						0.97,
						977.777,
						527.616,
						0.62,
						901.724,
						531.116,
						0.66,
						1018.492,
						560.414,
						0.65,
						870.189,
						561.646,
						0.78,
						1064.818,
						615.444,
						0.87,
						855.364,
						620.853,
						0.87,
						1050.723,
						688.705,
						0.89,
						870.951,
						699.074,
						0.77,
						993.28,
						657.309,
						0.63,
						907.095,
						657.265,
						0.65,
						989.85,
						755.646,
						0.79,
						898.772,
						751.361,
						0.81,
						1023.598,
						865.78,
						0.87,
						922.605,
						851.666,
						0.8
					],
					"area": 26812.428,
					"b_score": 0.931,
					"object_id": 0
				}
			]
		},
		{
			"frame_num": 45,
			"objects": [
				{
					"category_id": 1,
					"bbox": [
						834.03,
						438.84,
						244.34,
						496.0
					],
					"score": 0.815,
					"keypoints": [
						942.724,
						543.757,
						1.0,
						957.997,
						528.638,
						1.0,
						926.007,
						528.209,
						1.0,
						976.296,
						519.122,
						0.58,
						904.239,
						522.396,
						0.75,
						1017.304,
						556.663,
						0.71,
						872.583,
						559.342,
						0.84,
						1063.668,
						614.006,
						0.94,
						857.269,
						621.561,
						0.96,
						1051.392,
						689.1,
						0.99,
						870.951,
						699.544,
						0.89,
						993.881,
						657.831,
						0.67,
						908.914,
						660.298,
						0.66,
						991.992,
						753.723,
						0.92,
						897.996,
						751.39,
						0.87,
						1024.958,
						865.407,
						0.96,
						922.613,
						853.295,
						0.87
					],
					"area": 27237.976,
					"b_score": 0.928,
					"object_id": 0
				}
			]
		},
		{
			"frame_num": 46,
			"objects": [
				{
					"category_id": 1,
					"bbox": [
						835.09,
						433.39,
						242.92,
						500.94
					],
					"score": 0.77,
					"keypoints": [
						940.874,
						533.143,
						1.0,
						956.26,
						517.726,
						1.0,
						924.575,
						520.415,
						1.0,
						975.686,
						511.448,
						0.65,
						903.135,
						515.222,
						0.68,
						1015.07,
						554.509,
						0.68,
						873.863,
						558.106,
						0.87,
						1063.606,
						615.754,
						0.86,
						858.303,
						622.706,
						0.91,
						1049.345,
						690.569,
						0.91,
						867.971,
						705.049,
						0.84,
						992.682,
						659.022,
						0.62,
						908.211,
						662.894,
						0.63,
						993.584,
						753.979,
						0.84,
						895.174,
						752.556,
						0.82,
						1023.259,
						864.607,
						0.91,
						922.622,
						853.376,
						0.82
					],
					"area": 27348.698,
					"b_score": 0.923,
					"object_id": 0
				}
			]
		},
		{
			"frame_num": 47,
			"objects": [
				{
					"category_id": 1,
					"bbox": [
						835.47,
						426.92,
						242.04,
						506.8
					],
					"score": 0.803,
					"keypoints": [
						939.743,
						525.086,
						1.0,
						955.275,
						509.409,
						1.0,
						923.605,
						510.386,
						1.0,
						973.46,
						504.331,
						0.76,
						902.248,
						508.632,
						0.82,
						1013.958,
						553.152,
						0.72,
						874.192,
						557.406,
						0.9,
						1064.067,
						615.212,
						0.88,
						856.663,
						626.559,
						0.94,
						1049.083,
						692.303,
						0.94,
						865.789,
						708.093,
						0.92,
						992.006,
						663.003,
						0.66,
						907.517,
						664.995,
						0.66,
						994.674,
						755.2,
						0.84,
						893.123,
						754.159,
						0.88,
						1022.854,
						863.473,
						0.91,
						919.376,
						852.582,
						0.87
					],
					"area": 27568.606,
					"b_score": 0.919,
					"object_id": 0
				}
			]
		},
		{
			"frame_num": 48,
			"objects": [
				{
					"category_id": 1,
					"bbox": [
						835.5,
						421.25,
						241.87,
						513.96
					],
					"score": 0.871,
					"keypoints": [
						938.969,
						515.683,
						1.0,
						954.677,
						499.748,
						1.0,
						922.837,
						503.422,
						1.0,
						974.108,
						498.31,
						0.95,
						903.698,
						503.029,
						0.97,
						1013.509,
						552.87,
						0.81,
						873.893,
						557.542,
						0.94,
						1062.791,
						615.753,
						0.96,
						856.917,
						629.801,
						0.94,
						1049.671,
						695.184,
						1.0,
						864.003,
						711.593,
						0.98,
						991.723,
						666.654,
						0.7,
						906.777,
						670.524,
						0.68,
						998.031,
						755.472,
						0.93,
						891.505,
						754.769,
						0.91,
						1023.119,
						863.19,
						0.95,
						917.552,
						852.393,
						0.88
					],
					"area": 27937.963,
					"b_score": 0.926,
					"object_id": 0
				}
			]
		},
		{
			"frame_num": 49,
			"objects": [
				{
					"category_id": 1,
					"bbox": [
						835.35,
						415.92,
						242.72,
						519.35
					],
					"score": 0.864,
					"keypoints": [
						938.531,
						502.081,
						1.0,
						952.521,
						489.555,
						1.0,
						922.351,
						490.819,
						1.0,
						972.745,
						489.676,
						0.9,
						902.146,
						494.629,
						0.95,
						1011.476,
						551.078,
						0.76,
						873.488,
						553.724,
						0.94,
						1062.566,
						614.846,
						0.92,
						856.817,
						629.703,
						0.99,
						1050.661,
						694.794,
						0.98,
						862.839,
						711.025,
						0.97,
						991.78,
						667.066,
						0.71,
						906.216,
						671.752,
						0.71,
						1000.239,
						754.879,
						0.91,
						890.417,
						756.451,
						0.89,
						1023.775,
						862.677,
						0.91,
						916.718,
						851.863,
						0.9
					],
					"area": 28331.281,
					"b_score": 0.931,
					"object_id": 0
				}
			]
		},
		{
			"frame_num": 50,
			"objects": [
				{
					"category_id": 1,
					"bbox": [
						836.1,
						407.3,
						242.04,
						528.35
					],
					"score": 0.859,
					"keypoints": [
						938.288,
						492.321,
						1.0,
						951.219,
						477.202,
						1.0,
						924.149,
						477.517,
						1.0,
						972.097,
						481.464,
						0.99,
						903.272,
						486.634,
						0.98,
						1012.688,
						547.095,
						0.82,
						875.053,
						551.026,
						0.95,
						1063.303,
						614.396,
						0.92,
						856.29,
						629.948,
						0.97,
						1052.308,
						695.658,
						0.96,
						864.731,
						708.614,
						0.93,
						992.175,
						667.882,
						0.69,
						907.688,
						673.023,
						0.75,
						1001.989,
						753.341,
						0.9,
						889.475,
						756.566,
						0.88,
						1028.43,
						861.942,
						0.9,
						916.208,
						851.016,
						0.87
					],
					"area": 28741.068,
					"b_score": 0.926,
					"object_id": 0
				}
			]
		},
		{
			"frame_num": 51,
			"objects": [
				{
					"category_id": 1,
					"bbox": [
						836.25,
						403.29,
						241.22,
						531.17
					],
					"score": 0.898,
					"keypoints": [
						940.129,
						482.839,
						1.0,
						952.228,
						470.473,
						1.0,
						925.077,
						470.518,
						1.0,
						971.599,
						475.962,
						1.0,
						903.701,
						477.712,
						1.0,
						1013.482,
						543.193,
						0.87,
						875.706,
						547.934,
						0.94,
						1063.881,
						612.944,
						0.93,
						857.645,
						628.716,
						1.0,
						1053.128,
						694.589,
						1.0,
						865.175,
						709.726,
						0.99,
						992.403,
						669.749,
						0.72,
						908.427,
						675.17,
						0.76,
						1005.69,
						753.877,
						0.9,
						888.675,
						755.899,
						0.92,
						1030.374,
						863.689,
						0.95,
						918.668,
						852.663,
						0.91
					],
					"area": 28796.461,
					"b_score": 0.927,
					"object_id": 0
				}
			]
		},
		{
			"frame_num": 52,
			"objects": [
				{
					"category_id": 1,
					"bbox": [
						837.16,
						395.8,
						240.86,
						539.3
					],
					"score": 0.897,
					"keypoints": [
						939.312,
						471.506,
						1.0,
						951.132,
						460.022,
						1.0,
						923.557,
						459.955,
						1.0,
						971.61,
						466.171,
						1.0,
						903.915,
						470.265,
						1.0,
						1012.589,
						538.296,
						0.88,
						878.338,
						543.566,
						0.93,
						1062.987,
						612.601,
						0.95,
						858.249,
						628.821,
						1.0,
						1051.555,
						692.616,
						0.96,
						865.029,
						705.516,
						0.99,
						993.002,
						669.035,
						0.74,
						908.927,
						674.524,
						0.73,
						1005.52,
						753.32,
						0.92,
						888.09,
						756.71,
						0.91,
						1028.88,
						864.33,
						0.97,
						916.875,
						853.181,
						0.93
					],
					"area": 29193.883,
					"b_score": 0.933,
					"object_id": 0
				}
			]
		},
		{
			"frame_num": 53,
			"objects": [
				{
					"category_id": 1,
					"bbox": [
						835.77,
						388.24,
						241.75,
						546.13
					],
					"score": 0.886,
					"keypoints": [
						938.403,
						459.256,
						1.0,
						950.006,
						447.963,
						1.0,
						924.254,
						447.866,
						1.0,
						971.345,
						454.336,
						1.0,
						905.794,
						459.408,
						1.0,
						1013.946,
						529.349,
						0.86,
						878.996,
						534.981,
						0.95,
						1062.582,
						610.337,
						0.95,
						860.03,
						624.622,
						1.0,
						1054.307,
						689.327,
						0.99,
						863.786,
						697.496,
						0.9,
						993.224,
						666.848,
						0.76,
						908.705,
						672.322,
						0.72,
						1005.28,
						751.68,
						0.9,
						886.939,
						756.172,
						0.9,
						1028.252,
						863.777,
						0.97,
						918.324,
						852.508,
						0.9
					],
					"area": 29672.932,
					"b_score": 0.931,
					"object_id": 0
				}
			]
		},
		{
			"frame_num": 54,
			"objects": [
				{
					"category_id": 1,
					"bbox": [
						834.62,
						382.81,
						241.58,
						551.35
					],
					"score": 0.879,
					"keypoints": [
						939.382,
						452.123,
						1.0,
						950.908,
						440.763,
						1.0,
						926.44,
						444.661,
						1.0,
						972.83,
						450.806,
						1.0,
						908.759,
						456.299,
						1.0,
						1014.598,
						526.136,
						0.88,
						881.074,
						531.879,
						0.92,
						1062.249,
						607.468,
						0.96,
						865.472,
						621.362,
						0.98,
						1055.267,
						686.272,
						1.0,
						861.971,
						692.606,
						0.91,
						993.055,
						666.959,
						0.74,
						910.052,
						670.043,
						0.74,
						1007.537,
						749.844,
						0.91,
						887.987,
						755.128,
						0.89,
						1027.683,
						863.038,
						0.98,
						921.459,
						851.641,
						0.89
					],
					"area": 29934.728,
					"b_score": 0.928,
					"object_id": 0
				}
			]
		},
		{
			"frame_num": 55,
			"objects": [
				{
					"category_id": 1,
					"bbox": [
						833.25,
						380.4,
						242.92,
						553.88
					],
					"score": 0.892,
					"keypoints": [
						942.08,
						448.479,
						1.0,
						953.41,
						437.025,
						1.0,
						927.404,
						438.286,
						1.0,
						973.596,
						444.442,
						1.0,
						909.983,
						450.101,
						1.0,
						1014.854,
						520.372,
						0.9,
						884.519,
						526.199,
						0.95,
						1061.965,
						605.188,
						0.96,
						868.07,
						618.598,
						1.0,
						1055.509,
						684.424,
						1.0,
						860.514,
						686.13,
						0.95,
						992.764,
						666.544,
						0.74,
						910.575,
						668.387,
						0.75,
						1008.487,
						748.471,
						0.93,
						888.145,
						754.167,
						0.89,
						1027.234,
						862.57,
						0.98,
						922.335,
						851.086,
						0.89
					],
					"area": 30238.912,
					"b_score": 0.932,
					"object_id": 0
				}
			]
		},
		{
			"frame_num": 56,
			"objects": [
				{
					"category_id": 1,
					"bbox": [
						832.68,
						379.45,
						243.24,
						553.98
					],
					"score": 0.919,
					"keypoints": [
						943.565,
						450.515,
						1.0,
						954.89,
						438.989,
						1.0,
						927.789,
						439.435,
						1.0,
						973.931,
						445.302,
						1.0,
						910.452,
						451.033,
						1.0,
						1014.867,
						520.625,
						0.96,
						886.151,
						526.418,
						1.0,
						1061.65,
						606.158,
						1.0,
						866.652,
						618.722,
						1.0,
						1055.378,
						683.164,
						1.0,
						859.663,
						687.481,
						0.96,
						992.431,
						665.943,
						0.76,
						910.742,
						669.415,
						0.77,
						1008.785,
						749.816,
						0.93,
						888.059,
						755.302,
						0.91,
						1026.821,
						861.873,
						0.99,
						922.463,
						850.347,
						0.91
					],
					"area": 30283.82,
					"b_score": 0.936,
					"object_id": 0
				}
			]
		},
		{
			"frame_num": 57,
			"objects": [
				{
					"category_id": 1,
					"bbox": [
						832.21,
						378.61,
						242.83,
						554.41
					],
					"score": 0.894,
					"keypoints": [
						944.148,
						446.94,
						1.0,
						955.533,
						435.425,
						1.0,
						930.248,
						435.557,
						1.0,
						973.894,
						445.129,
						1.0,
						910.389,
						450.884,
						1.0,
						1014.648,
						520.342,
						0.94,
						886.65,
						526.126,
						1.0,
						1061.237,
						606.4,
						0.98,
						865.582,
						616.198,
						1.0,
						1054.99,
						678.454,
						1.0,
						858.872,
						683.625,
						0.95,
						991.977,
						665.354,
						0.75,
						910.582,
						669.761,
						0.76,
						1011.435,
						747.845,
						0.91,
						887.707,
						755.849,
						0.88,
						1026.293,
						861.298,
						0.96,
						919.018,
						849.751,
						0.91
					],
					"area": 30256.406,
					"b_score": 0.926,
					"object_id": 0
				}
			]
		},
		{
			"frame_num": 58,
			"objects": [
				{
					"category_id": 1,
					"bbox": [
						832.45,
						377.66,
						241.8,
						556.81
					],
					"score": 0.922,
					"keypoints": [
						944.356,
						445.29,
						1.0,
						958.311,
						433.733,
						1.0,
						931.489,
						433.769,
						1.0,
						976.102,
						444.668,
						1.0,
						912.801,
						446.88,
						1.0,
						1014.506,
						520.034,
						0.94,
						886.65,
						525.83,
						0.99,
						1058.777,
						603.953,
						0.99,
						867.169,
						614.673,
						1.0,
						1051.75,
						673.019,
						1.0,
						858.148,
						678.546,
						1.0,
						991.642,
						665.122,
						0.75,
						910.316,
						670.09,
						0.79,
						1012.799,
						747.021,
						0.94,
						887.269,
						754.362,
						0.93,
						1029.319,
						861.659,
						0.97,
						920.279,
						850.088,
						0.95
					],
					"area": 30259.397,
					"b_score": 0.927,
					"object_id": 0
				}
			]
		},
		{
			"frame_num": 59,
			"objects": [
				{
					"category_id": 1,
					"bbox": [
						834.22,
						376.74,
						239.25,
						558.47
					],
					"score": 0.93,
					"keypoints": [
						944.671,
						440.52,
						1.0,
						957.669,
						432.66,
						1.0,
						932.374,
						432.666,
						1.0,
						975.379,
						444.065,
						1.0,
						914.298,
						444.917,
						1.0,
						1014.658,
						519.639,
						0.96,
						886.782,
						522.34,
						1.0,
						1054.944,
						602.474,
						1.0,
						865.747,
						613.687,
						1.0,
						1046.994,
						667.103,
						1.0,
						861.025,
						672.788,
						0.97,
						991.649,
						664.959,
						0.78,
						910.278,
						670.266,
						0.81,
						1011.108,
						749.03,
						0.91,
						887.134,
						753.457,
						0.9,
						1027.871,
						862.093,
						1.0,
						917.915,
						850.497,
						0.96
					],
					"area": 30029.272,
					"b_score": 0.929,
					"object_id": 0
				}
			]
		},
		{
			"frame_num": 60,
			"objects": [
				{
					"category_id": 1,
					"bbox": [
						834.07,
						377.69,
						238.63,
						556.47
					],
					"score": 0.931,
					"keypoints": [
						944.679,
						439.286,
						1.0,
						957.116,
						432.715,
						1.0,
						932.693,
						432.717,
						1.0,
						974.749,
						440.831,
						1.0,
						914.948,
						444.582,
						1.0,
						1014.513,
						519.67,
						0.98,
						886.754,
						520.947,
						0.98,
						1052.286,
						601.736,
						1.0,
						864.886,
						610.512,
						1.0,
						1040.597,
						661.079,
						1.0,
						862.372,
						666.812,
						0.96,
						991.436,
						664.831,
						0.78,
						910.146,
						670.324,
						0.77,
						1012.563,
						750.014,
						0.92,
						884.434,
						752.731,
						0.87,
						1026.803,
						861.887,
						1.0,
						916.653,
						850.291,
						0.95
					],
					"area": 29844.412,
					"b_score": 0.934,
					"object_id": 0
				}
			]
		},
		{
			"frame_num": 61,
			"objects": [
				{
					"category_id": 1,
					"bbox": [
						835.85,
						377.72,
						236.21,
						557.25
					],
					"score": 0.94,
					"keypoints": [
						944.91,
						438.909,
						1.0,
						957.016,
						432.806,
						1.0,
						930.717,
						432.808,
						1.0,
						974.578,
						439.584,
						1.0,
						913.005,
						444.523,
						1.0,
						1012.529,
						519.803,
						0.95,
						886.954,
						520.425,
						0.99,
						1048.298,
						601.496,
						0.99,
						862.566,
						608.907,
						1.0,
						1034.827,
						659.775,
						1.0,
						860.097,
						665.549,
						1.0,
						989.261,
						664.913,
						0.79,
						908.125,
						670.539,
						0.79,
						1013.652,
						750.796,
						0.95,
						880.303,
						754.55,
						0.91,
						1023.217,
						862.157,
						0.97,
						912.799,
						850.557,
						0.94
					],
					"area": 29583.238,
					"b_score": 0.94,
					"object_id": 0
				}
			]
		},
		{
			"frame_num": 62,
			"objects": [
				{
					"category_id": 1,
					"bbox": [
						838.1,
						377.37,
						232.98,
						556.79
					],
					"score": 0.872,
					"keypoints": [
						947.847,
						438.527,
						1.0,
						959.656,
						432.612,
						1.0,
						932.218,
						432.612,
						1.0,
						977.003,
						438.84,
						1.0,
						914.72,
						444.268,
						0.99,
						1013.556,
						516.708,
						0.86,
						887.361,
						519.938,
						0.94,
						1049.211,
						601.13,
						0.88,
						861.226,
						607.786,
						0.98,
						1033.497,
						654.781,
						0.92,
						866.328,
						660.548,
						0.97,
						990.383,
						664.745,
						0.72,
						909.149,
						670.429,
						0.74,
						1017.366,
						751.038,
						0.84,
						881.107,
						755.512,
						0.87,
						1025.291,
						861.898,
						0.9,
						915.114,
						850.295,
						0.9
					],
					"area": 29154.268,
					"b_score": 0.946,
					"object_id": 0
				}
			]
		},
		{
			"frame_num": 63,
			"objects": [
				{
					"category_id": 1,
					"bbox": [
						840.75,
						377.84,
						230.12,
						556.26
					],
					"score": 0.868,
					"keypoints": [
						950.124,
						438.616,
						1.0,
						961.778,
						432.768,
						1.0,
						936.377,
						432.769,
						1.0,
						979.041,
						441.853,
						1.0,
						916.257,
						444.384,
						0.97,
						1014.671,
						515.351,
						0.87,
						888.15,
						516.863,
						0.94,
						1050.177,
						601.043,
						0.85,
						860.848,
						607.3,
						0.98,
						1029.844,
						653.575,
						0.89,
						873.868,
						659.355,
						1.0,
						991.461,
						664.717,
						0.7,
						910.308,
						670.441,
						0.72,
						1019.88,
						751.233,
						0.83,
						882.086,
						756.195,
						0.86,
						1030.441,
						861.784,
						0.9,
						916.695,
						850.187,
						0.9
					],
					"area": 28769.07,
					"b_score": 0.946,
					"object_id": 0
				}
			]
		},
		{
			"frame_num": 64,
			"objects": [
				{
					"category_id": 1,
					"bbox": [
						841.52,
						378.69,
						229.22,
						555.9
					],
					"score": 0.875,
					"keypoints": [
						951.542,
						439.11,
						1.0,
						963.131,
						433.275,
						1.0,
						938.864,
						433.279,
						1.0,
						980.387,
						443.602,
						1.0,
						920.08,
						444.866,
						0.97,
						1015.515,
						515.064,
						0.88,
						891.462,
						515.788,
						0.95,
						1048.242,
						603.566,
						0.86,
						862.814,
						607.354,
						0.97,
						1024.791,
						653.695,
						0.91,
						876.633,
						659.482,
						1.0,
						992.277,
						664.944,
						0.7,
						911.204,
						668.621,
						0.76,
						1021.291,
						751.57,
						0.82,
						884.949,
						756.863,
						0.85,
						1029.369,
						862.004,
						0.91,
						917.638,
						850.417,
						0.9
					],
					"area": 28638.289,
					"b_score": 0.949,
					"object_id": 0
				}
			]
		},
		{
			"frame_num": 65,
			"objects": [
				{
					"category_id": 1,
					"bbox": [
						843.25,
						380.31,
						227.31,
						554.42
					],
					"score": 0.908,
					"keypoints": [
						952.676,
						436.895,
						1.0,
						964.223,
						431.167,
						1.0,
						940.581,
						431.155,
						1.0,
						981.47,
						439.16,
						1.0,
						922.541,
						439.534,
						1.0,
						1014.217,
						512.653,
						0.9,
						891.027,
						512.902,
						0.97,
						1047.421,
						603.203,
						0.97,
						862.396,
						605.195,
						0.96,
						1019.552,
						650.34,
						0.98,
						882.294,
						656.114,
						1.0,
						993.068,
						663.363,
						0.75,
						912.124,
						665.477,
						0.76,
						1022.289,
						751.993,
						0.89,
						886.872,
						755.455,
						0.86,
						1029.216,
						862.275,
						1.0,
						918.579,
						850.706,
						0.95
					],
					"area": 28323.786,
					"b_score": 0.949,
					"object_id": 0
				}
			]
		},
		{
			"frame_num": 66,
			"objects": [
				{
					"category_id": 1,
					"bbox": [
						844.49,
						381.42,
						226.45,
						553.43
					],
					"score": 0.952,
					"keypoints": [
						951.12,
						436.502,
						1.0,
						962.695,
						430.77,
						1.0,
						939.204,
						430.762,
						1.0,
						982.424,
						440.566,
						1.0,
						921.473,
						437.701,
						1.0,
						1013.609,
						514.654,
						0.94,
						891.2,
						511.989,
						1.0,
						1047.269,
						603.268,
						0.96,
						862.467,
						606.893,
						1.0,
						1018.633,
						649.765,
						1.0,
						880.695,
						651.427,
						1.0,
						993.866,
						662.515,
						0.78,
						910.892,
						663.679,
						0.79,
						1023.133,
						750.321,
						0.9,
						886.442,
						754.676,
						0.93,
						1029.525,
						862.543,
						1.0,
						916.384,
						850.994,
						0.97
					],
					"area": 28166.97,
					"b_score": 0.956,
					"object_id": 0
				}
			]
		},
		{
			"frame_num": 67,
			"objects": [
				{
					"category_id": 1,
					"bbox": [
						844.96,
						382.41,
						225.72,
						552.89
					],
					"score": 0.951,
					"keypoints": [
						950.316,
						439.785,
						1.0,
						964.328,
						431.075,
						1.0,
						938.53,
						431.073,
						1.0,
						982.996,
						441.684,
						1.0,
						920.98,
						437.39,
						1.0,
						1013.223,
						516.043,
						0.95,
						891.37,
						511.99,
						1.0,
						1047.191,
						603.601,
						0.96,
						862.58,
						605.689,
						1.0,
						1018.397,
						650.062,
						1.0,
						884.176,
						650.592,
						1.0,
						994.398,
						662.228,
						0.79,
						910.189,
						662.882,
						0.8,
						1023.573,
						749.481,
						0.92,
						886.224,
						754.39,
						0.91,
						1029.681,
						862.949,
						1.0,
						915.417,
						851.415,
						0.97
					],
					"area": 28047.705,
					"b_score": 0.952,
					"object_id": 0
				}
			]
		},
		{
			"frame_num": 68,
			"objects": [
				{
					"category_id": 1,
					"bbox": [
						846.95,
						383.26,
						223.77,
						551.92
					],
					"score": 0.954,
					"keypoints": [
						950.273,
						438.815,
						1.0,
						965.71,
						431.603,
						1.0,
						938.607,
						431.605,
						1.0,
						983.737,
						442.588,
						1.0,
						921.193,
						437.645,
						1.0,
						1013.304,
						517.037,
						0.95,
						891.956,
						512.298,
						1.0,
						1047.51,
						603.973,
						0.98,
						863.077,
						605.215,
						1.0,
						1018.928,
						650.395,
						1.0,
						886.061,
						650.591,
						1.0,
						995.097,
						659.892,
						0.79,
						910.11,
						662.56,
						0.8,
						1024.228,
						749.038,
						0.92,
						886.486,
						754.279,
						0.92,
						1030.243,
						863.14,
						1.0,
						915.576,
						851.624,
						0.98
					],
					"area": 27757.218,
					"b_score": 0.955,
					"object_id": 0
				}
			]
		},
		{
			"frame_num": 69,
			"objects": [
				{
					"category_id": 1,
					"bbox": [
						847.79,
						384.04,
						223.23,
						550.83
					],
					"score": 0.907,
					"keypoints": [
						950.486,
						441.42,
						1.0,
						964.278,
						432.187,
						1.0,
						938.911,
						432.192,
						1.0,
						982.009,
						443.349,
						1.0,
						921.598,
						438.101,
						1.0,
						1013.516,
						517.797,
						0.9,
						892.591,
						512.697,
						0.96,
						1047.853,
						604.328,
						0.92,
						863.682,
						605.101,
						1.0,
						1019.387,
						646.943,
						0.95,
						887.137,
						650.759,
						1.0,
						993.608,
						658.539,
						0.76,
						910.291,
						662.467,
						0.77,
						1024.775,
						748.789,
						0.84,
						886.897,
						754.225,
						0.88,
						1030.729,
						863.145,
						0.94,
						915.995,
						851.648,
						0.94
					],
					"area": 27635.336,
					"b_score": 0.954,
					"object_id": 0
				}
			]
		},
		{
			"frame_num": 70,
			"objects": [
				{
					"category_id": 1,
					"bbox": [
						847.84,
						384.39,
						223.13,
						549.44
					],
					"score": 0.905,
					"keypoints": [
						950.62,
						440.157,
						1.0,
						963.472,
						432.588,
						1.0,
						939.105,
						432.592,
						1.0,
						981.012,
						443.843,
						1.0,
						921.86,
						438.429,
						1.0,
						1013.604,
						518.235,
						0.89,
						893.017,
						512.915,
						0.97,
						1047.958,
						604.476,
						0.92,
						864.157,
						604.948,
						1.0,
						1015.684,
						645.557,
						0.96,
						887.607,
						650.614,
						1.0,
						992.664,
						657.587,
						0.77,
						910.453,
						662.272,
						0.76,
						1024.981,
						748.418,
						0.86,
						887.234,
						753.981,
						0.87,
						1030.845,
						862.711,
						0.95,
						916.246,
						851.237,
						0.95
					],
					"area": 27553.356,
					"b_score": 0.954,
					"object_id": 0
				}
			]
		},
		{
			"frame_num": 71,
			"objects": [
				{
					"category_id": 1,
					"bbox": [
						847.86,
						384.37,
						223.16,
						549.51
					],
					"score": 0.907,
					"keypoints": [
						950.712,
						439.492,
						1.0,
						963.017,
						432.79,
						1.0,
						939.228,
						432.794,
						1.0,
						980.435,
						444.108,
						1.0,
						922.019,
						438.582,
						1.0,
						1013.679,
						518.492,
						0.89,
						893.27,
						513.026,
						0.98,
						1045.589,
						604.574,
						0.92,
						864.469,
						604.866,
						1.0,
						1014.466,
						645.088,
						0.96,
						891.64,
						650.568,
						1.0,
						992.042,
						657.038,
						0.77,
						910.568,
						662.16,
						0.76,
						1025.112,
						748.199,
						0.86,
						887.466,
						753.832,
						0.88,
						1030.924,
						862.515,
						0.94,
						916.382,
						851.054,
						0.95
					],
					"area": 27560.302,
					"b_score": 0.953,
					"object_id": 0
				}
			]
		}
	],
	"categories": [
		{
			"supercategory": "person",
			"id": 1,
			"name": "person",
			"keypoints": [
				"nose",
				"left_eye",
				"right_eye",
				"left_ear",
				"right_ear",
				"left_shoulder",
				"right_shoulder",
				"left_elbow",
				"right_elbow",
				"left_wrist",
				"right_wrist",
				"left_hip",
				"right_hip",
				"left_knee",
				"right_knee",
				"left_ankle",
				"right_ankle"
			],
			"skeleton": [
				[
					0,
					1
				],
				[
					0,
					2
				],
				[
					1,
					3
				],
				[
					2,
					4
				],
				[
					0,
					5
				],
				[
					0,
					6
				],
				[
					5,
					7
				],
				[
					6,
					8
				],
				[
					7,
					9
				],
				[
					8,
					10
				],
				[
					5,
					11
				],
				[
					6,
					12
				],
				[
					11,
					13
				],
				[
					12,
					14
				],
				[
					13,
					15
				],
				[
					14,
					16
				]
			]
		}
	]
}