{
	"info": {
		"description": "2D pose estimation outputs from Hawaii 2D Pose (based on MultiPoseNet)",
		"url": "",
		"version": "191128",
		"year": 2020,
		"contributor": "KakaoBrain-HumanCV",
		"date_created": "2020-01-15 18:42:39"
	},
	"video": {
		"path": "S007C001P026R002A008_rgb.avi",
		"width": 1920,
		"height": 1080,
		"original_length": 79,
		"fps": 30.0
	},
	"annotations": [
		{
			"frame_num": 0,
			"objects": [
				{
					"category_id": 1,
					"bbox": [
						791.73,
						404.11,
						137.28,
						475.72
					],
					"score": 0.913,
					"keypoints": [
						862.85,
						451.18,
						1.0,
						867.81,
						446.23,
						1.0,
						852.94,
						446.23,
						1.0,
						882.67,
						451.18,
						0.97,
						838.07,
						451.18,
						0.99,
						897.54,
						520.56,
						0.99,
						818.25,
						515.6,
						1.0,
						907.45,
						589.93,
						0.95,
						813.3,
						580.02,
						0.92,
						912.4,
						644.44,
						0.96,
						823.21,
						639.49,
						0.95,
						882.67,
						639.49,
						0.85,
						843.03,
						639.49,
						0.83,
						877.72,
						743.55,
						0.93,
						838.07,
						743.55,
						0.92,
						867.81,
						837.7,
						0.96,
						843.03,
						842.66,
						0.87
					],
					"area": 14677.524,
					"b_score": 0.958,
					"object_id": 0
				}
			]
		},
		{
			"frame_num": 1,
			"objects": [
				{
					"category_id": 1,
					"bbox": [
						790.7,
						403.78,
						137.6,
						475.31
					],
					"score": 0.915,
					"keypoints": [
						860.64,
						451.055,
						1.0,
						867.499,
						446.105,
						1.0,
						852.636,
						446.105,
						1.0,
						882.359,
						451.055,
						1.0,
						837.773,
						452.887,
						0.96,
						897.222,
						520.415,
						1.0,
						817.957,
						515.455,
						1.0,
						907.128,
						589.764,
						0.93,
						811.107,
						579.857,
						0.91,
						909.01,
						644.165,
						0.95,
						822.766,
						639.215,
						0.95,
						882.359,
						639.306,
						0.86,
						842.73,
						639.306,
						0.81,
						877.409,
						743.338,
						0.93,
						837.773,
						741.451,
						0.91,
						867.345,
						837.341,
						0.96,
						842.581,
						842.296,
						0.87
					],
					"area": 14699.477,
					"b_score": 0.961,
					"object_id": 0
				}
			]
		},
		{
			"frame_num": 2,
			"objects": [
				{
					"category_id": 1,
					"bbox": [
						789.74,
						403.64,
						137.59,
						476.4
					],
					"score": 0.884,
					"keypoints": [
						860.778,
						452.791,
						1.0,
						868.738,
						446.006,
						1.0,
						852.082,
						446.006,
						0.99,
						883.61,
						450.96,
						0.99,
						838.993,
						453.987,
						0.9,
						898.479,
						522.197,
						0.94,
						817.381,
						515.397,
						1.0,
						908.394,
						589.752,
						0.86,
						811.213,
						581.681,
						0.92,
						912.523,
						644.245,
						0.89,
						821.983,
						636.458,
						0.96,
						883.61,
						639.325,
						0.82,
						842.167,
						639.325,
						0.8,
						878.652,
						743.418,
						0.89,
						838.993,
						740.342,
						0.89,
						869.308,
						837.607,
						0.93,
						844.518,
						842.564,
						0.89
					],
					"area": 14731.348,
					"b_score": 0.956,
					"object_id": 0
				}
			]
		},
		{
			"frame_num": 3,
			"objects": [
				{
					"category_id": 1,
					"bbox": [
						789.16,
						404.81,
						138.02,
						474.08
					],
					"score": 0.881,
					"keypoints": [
						860.727,
						456.459,
						0.94,
						869.393,
						448.154,
						1.0,
						853.36,
						448.154,
						0.98,
						884.245,
						451.226,
						0.97,
						839.691,
						455.052,
						0.92,
						899.091,
						523.599,
						0.94,
						816.947,
						515.581,
						1.0,
						910.999,
						589.837,
						0.86,
						811.227,
						581.12,
						0.93,
						913.881,
						644.284,
						0.89,
						821.519,
						635.289,
						0.96,
						884.245,
						639.344,
						0.82,
						841.698,
						639.344,
						0.81,
						879.294,
						743.304,
						0.89,
						839.691,
						739.468,
						0.9,
						869.974,
						837.249,
						0.92,
						845.24,
						842.197,
						0.89
					],
					"area": 14705.597,
					"b_score": 0.958,
					"object_id": 0
				}
			]
		},
		{
			"frame_num": 4,
			"objects": [
				{
					"category_id": 1,
					"bbox": [
						790.41,
						405.65,
						136.64,
						473.53
					],
					"score": 0.889,
					"keypoints": [
						860.9,
						456.866,
						0.98,
						870.025,
						447.939,
						1.0,
						854.437,
						447.939,
						1.0,
						884.853,
						449.891,
						1.0,
						840.363,
						454.091,
						0.92,
						901.711,
						521.2,
						0.95,
						818.648,
						514.155,
						0.99,
						912.853,
						588.302,
						0.88,
						811.461,
						579.198,
						0.93,
						914.776,
						641.842,
						0.9,
						821.637,
						635.129,
						0.95,
						884.853,
						637.731,
						0.8,
						841.615,
						637.731,
						0.78,
						879.91,
						741.536,
						0.93,
						840.363,
						739.122,
						0.91,
						870.586,
						834.419,
						0.94,
						845.89,
						842.188,
						0.89
					],
					"area": 14541.778,
					"b_score": 0.958,
					"object_id": 0
				}
			]
		},
		{
			"frame_num": 5,
			"objects": [
				{
					"category_id": 1,
					"bbox": [
						789.3,
						406.8,
						136.8,
						473.07
					],
					"score": 0.89,
					"keypoints": [
						860.627,
						457.565,
						1.0,
						870.023,
						448.214,
						1.0,
						853.012,
						450.2,
						0.99,
						884.833,
						451.183,
						1.0,
						840.396,
						453.912,
						0.88,
						902.866,
						519.908,
						0.96,
						819.415,
						513.63,
						1.0,
						913.486,
						587.682,
						0.88,
						811.248,
						580.075,
						0.91,
						911.954,
						641.293,
						0.92,
						818.186,
						635.58,
						0.94,
						884.833,
						637.051,
						0.8,
						839.194,
						637.051,
						0.79,
						879.895,
						740.726,
						0.93,
						840.396,
						739.243,
						0.9,
						870.278,
						833.628,
						0.94,
						845.611,
						842.559,
						0.89
					],
					"area": 14544.85,
					"b_score": 0.957,
					"object_id": 0
				}
			]
		},
		{
			"frame_num": 6,
			"objects": [
				{
					"category_id": 1,
					"bbox": [
						786.14,
						407.61,
						139.07,
						473.64
					],
					"score": 0.89,
					"keypoints": [
						859.68,
						458.342,
						1.0,
						869.3,
						450.743,
						1.0,
						851.242,
						451.983,
						1.0,
						884.108,
						452.394,
						1.0,
						839.68,
						454.124,
						0.78,
						902.738,
						519.43,
						0.95,
						819.147,
						513.652,
						1.0,
						913.05,
						587.685,
						0.91,
						808.255,
						581.04,
						0.9,
						909.382,
						644.283,
						0.94,
						812.045,
						636.352,
						0.95,
						884.108,
						638.754,
						0.79,
						836.776,
						638.754,
						0.81,
						879.173,
						740.693,
						0.93,
						839.68,
						739.773,
						0.91,
						869.117,
						834.049,
						0.95,
						844.445,
						843.463,
						0.88
					],
					"area": 14803.825,
					"b_score": 0.955,
					"object_id": 0
				}
			]
		},
		{
			"frame_num": 7,
			"objects": [
				{
					"category_id": 1,
					"bbox": [
						783.71,
						408.43,
						140.64,
						471.86
					],
					"score": 0.862,
					"keypoints": [
						858.418,
						461.29,
						0.96,
						868.262,
						452.586,
						1.0,
						849.422,
						453.319,
						0.95,
						883.042,
						453.433,
						1.0,
						838.693,
						456.509,
						0.57,
						901.954,
						519.277,
						0.93,
						818.459,
						513.816,
						1.0,
						912.084,
						587.739,
						0.92,
						805.746,
						581.734,
						0.91,
						907.135,
						645.693,
						0.94,
						812.175,
						636.679,
						0.9,
						883.042,
						638.119,
						0.79,
						836.798,
						638.119,
						0.78,
						878.117,
						740.505,
						0.94,
						838.693,
						739.933,
						0.89,
						867.592,
						833.793,
						0.92,
						842.977,
						843.44,
						0.86
					],
					"area": 14914.773,
					"b_score": 0.954,
					"object_id": 0
				}
			]
		},
		{
			"frame_num": 8,
			"objects": [
				{
					"category_id": 1,
					"bbox": [
						780.77,
						408.97,
						143.08,
						469.73
					],
					"score": 0.894,
					"keypoints": [
						856.917,
						463.091,
						1.0,
						866.885,
						453.819,
						1.0,
						849.597,
						454.239,
						1.0,
						881.623,
						454.222,
						1.0,
						839.179,
						458.115,
						0.61,
						902.638,
						520.904,
						0.96,
						817.439,
						513.944,
						1.0,
						910.816,
						587.677,
						1.0,
						803.604,
						582.083,
						0.95,
						905.009,
						646.02,
						0.98,
						807.973,
						636.586,
						0.92,
						881.623,
						639.269,
						0.82,
						836.127,
						639.269,
						0.82,
						876.709,
						740.022,
						0.98,
						839.179,
						739.677,
						0.94,
						865.852,
						832.902,
						0.95,
						841.328,
						842.705,
						0.92
					],
					"area": 15105.21,
					"b_score": 0.945,
					"object_id": 0
				}
			]
		},
		{
			"frame_num": 9,
			"objects": [
				{
					"category_id": 1,
					"bbox": [
						781.22,
						411.64,
						139.59,
						469.25
					],
					"score": 0.899,
					"keypoints": [
						855.456,
						465.322,
						1.0,
						865.462,
						455.703,
						1.0,
						847.127,
						455.933,
						1.0,
						880.167,
						457.991,
						1.0,
						837.227,
						460.231,
						0.57,
						902.522,
						523.039,
						0.97,
						816.277,
						514.909,
						1.0,
						909.562,
						590.331,
						0.99,
						801.822,
						583.279,
						0.96,
						903.344,
						650.722,
						0.99,
						802.236,
						640.812,
						0.96,
						880.167,
						640.99,
						0.83,
						832.958,
						640.99,
						0.81,
						875.264,
						740.602,
						0.99,
						839.044,
						740.364,
						0.96,
						864.309,
						833.745,
						0.98,
						839.843,
						843.511,
						0.92
					],
					"area": 14720.964,
					"b_score": 0.947,
					"object_id": 0
				}
			]
		},
		{
			"frame_num": 10,
			"objects": [
				{
					"category_id": 1,
					"bbox": [
						778.12,
						412.98,
						141.59,
						467.82
					],
					"score": 0.925,
					"keypoints": [
						853.666,
						467.074,
						1.0,
						863.679,
						459.683,
						1.0,
						846.859,
						457.43,
						1.0,
						880.33,
						460.773,
						1.0,
						837.043,
						461.976,
						0.61,
						901.618,
						524.829,
						1.0,
						814.728,
						515.94,
						1.0,
						907.824,
						592.456,
						1.0,
						799.931,
						584.351,
						1.0,
						904.299,
						652.915,
						1.0,
						795.505,
						640.116,
						0.95,
						878.336,
						640.469,
						0.85,
						830.182,
						640.469,
						0.83,
						873.45,
						741.075,
						0.98,
						838.222,
						739.104,
						0.99,
						862.364,
						834.143,
						1.0,
						834.729,
						843.901,
						0.92
					],
					"area": 14886.578,
					"b_score": 0.955,
					"object_id": 0
				}
			]
		},
		{
			"frame_num": 11,
			"objects": [
				{
					"category_id": 1,
					"bbox": [
						771.66,
						414.0,
						146.38,
						467.74
					],
					"score": 0.873,
					"keypoints": [
						855.05,
						466.202,
						0.98,
						864.873,
						459.965,
						0.98,
						848.867,
						456.56,
						0.97,
						880.727,
						460.56,
						0.96,
						837.225,
						461.251,
						0.63,
						901.35,
						524.361,
						0.91,
						815.964,
						515.222,
						1.0,
						907.024,
						592.218,
						0.95,
						799.299,
						583.49,
						0.95,
						905.123,
						654.35,
						0.91,
						794.225,
						640.363,
						0.95,
						877.584,
						638.784,
						0.81,
						829.069,
						638.784,
						0.8,
						874.64,
						739.916,
						0.87,
						837.978,
						736.667,
						0.91,
						864.78,
						834.822,
						0.95,
						833.414,
						844.61,
						0.84
					],
					"area": 15387.9,
					"b_score": 0.964,
					"object_id": 0
				}
			]
		},
		{
			"frame_num": 12,
			"objects": [
				{
					"category_id": 1,
					"bbox": [
						761.43,
						414.99,
						157.13,
						466.68
					],
					"score": 0.873,
					"keypoints": [
						855.825,
						466.126,
						0.97,
						865.564,
						460.519,
						1.0,
						848.259,
						456.455,
						0.95,
						880.945,
						460.826,
						0.96,
						837.349,
						461.217,
						0.65,
						899.389,
						524.364,
						0.89,
						816.732,
						515.025,
						1.0,
						906.477,
						592.299,
						0.93,
						799.018,
						583.195,
						0.98,
						905.398,
						655.146,
						0.87,
						790.481,
						640.741,
						0.98,
						877.118,
						637.827,
						0.8,
						828.502,
						637.827,
						0.81,
						875.32,
						739.279,
						0.86,
						837.831,
						735.295,
						0.94,
						863.112,
						835.171,
						0.94,
						829.732,
						842.33,
						0.86
					],
					"area": 16480.164,
					"b_score": 0.964,
					"object_id": 0
				}
			]
		},
		{
			"frame_num": 13,
			"objects": [
				{
					"category_id": 1,
					"bbox": [
						755.52,
						415.32,
						162.41,
						467.04
					],
					"score": 0.92,
					"keypoints": [
						856.872,
						468.49,
						1.0,
						866.545,
						460.98,
						1.0,
						848.498,
						456.544,
						1.0,
						881.651,
						461.13,
						1.0,
						836.193,
						461.348,
						0.75,
						898.706,
						524.524,
						0.95,
						816.034,
						515.034,
						1.0,
						904.814,
						592.526,
						1.0,
						797.334,
						583.182,
						0.99,
						903.665,
						655.755,
						0.96,
						787.036,
						641.187,
						0.96,
						875.446,
						637.396,
						0.83,
						826.654,
						635.423,
						0.83,
						876.297,
						739.111,
						0.89,
						836.489,
						734.743,
						0.98,
						863.318,
						835.687,
						0.98,
						829.538,
						841.608,
						0.86
					],
					"area": 17047.218,
					"b_score": 0.969,
					"object_id": 0
				}
			]
		},
		{
			"frame_num": 14,
			"objects": [
				{
					"category_id": 1,
					"bbox": [
						745.83,
						416.24,
						170.58,
						466.51
					],
					"score": 0.918,
					"keypoints": [
						857.23,
						470.186,
						1.0,
						866.896,
						461.623,
						1.0,
						848.359,
						459.116,
						1.0,
						881.822,
						463.91,
						0.99,
						835.163,
						461.786,
						0.74,
						895.93,
						526.969,
						0.93,
						815.311,
						517.187,
						1.0,
						903.459,
						592.945,
						0.98,
						793.692,
						585.405,
						1.0,
						902.439,
						656.382,
						0.93,
						782.02,
						641.757,
						0.98,
						871.837,
						637.375,
						0.83,
						825.324,
						634.215,
						0.82,
						874.838,
						739.216,
						0.87,
						835.336,
						734.654,
						0.97,
						862.978,
						836.169,
						0.98,
						829.002,
						841.517,
						0.84
					],
					"area": 17884.222,
					"b_score": 0.972,
					"object_id": 0
				}
			]
		},
		{
			"frame_num": 15,
			"objects": [
				{
					"category_id": 1,
					"bbox": [
						740.29,
						418.97,
						174.96,
						463.86
					],
					"score": 0.906,
					"keypoints": [
						857.917,
						472.253,
						1.0,
						867.585,
						465.491,
						1.0,
						848.782,
						461.75,
						0.97,
						882.35,
						466.631,
						0.92,
						835.108,
						463.1,
						0.85,
						894.713,
						529.379,
						0.97,
						813.539,
						519.491,
						0.97,
						903.126,
						595.981,
						0.96,
						792.65,
						587.55,
						0.92,
						899.594,
						657.459,
						0.95,
						778.423,
						642.843,
						0.95,
						870.453,
						637.89,
						0.88,
						823.012,
						635.958,
						0.82,
						872.399,
						739.609,
						0.87,
						835.213,
						736.78,
						0.93,
						863.535,
						836.578,
						0.98,
						829.722,
						844.286,
						0.82
					],
					"area": 18239.315,
					"b_score": 0.973,
					"object_id": 0
				}
			]
		},
		{
			"frame_num": 16,
			"objects": [
				{
					"category_id": 1,
					"bbox": [
						737.78,
						422.65,
						177.94,
						458.66
					],
					"score": 0.943,
					"keypoints": [
						857.876,
						474.854,
						1.0,
						869.319,
						466.712,
						1.0,
						850.264,
						462.437,
						1.0,
						882.123,
						467.288,
						0.91,
						836.403,
						463.167,
						0.9,
						893.235,
						529.711,
						0.99,
						812.094,
						519.938,
						1.0,
						897.59,
						596.425,
						0.98,
						786.84,
						587.521,
						1.0,
						894.061,
						658.495,
						0.99,
						769.913,
						641.349,
						1.0,
						869.012,
						638.63,
						0.91,
						821.349,
						637.393,
						0.84,
						870.248,
						739.884,
						0.9,
						834.705,
						736.326,
						0.94,
						863.014,
						836.229,
						0.96,
						826.313,
						842.399,
						0.86
					],
					"area": 18342.438,
					"b_score": 0.974,
					"object_id": 0
				}
			]
		},
		{
			"frame_num": 17,
			"objects": [
				{
					"category_id": 1,
					"bbox": [
						732.64,
						425.91,
						183.22,
						455.44
					],
					"score": 0.934,
					"keypoints": [
						860.404,
						477.654,
						1.0,
						871.237,
						468.787,
						1.0,
						852.085,
						464.199,
						1.0,
						882.629,
						471.436,
						0.78,
						837.987,
						466.689,
						0.98,
						893.153,
						533.244,
						0.96,
						812.214,
						523.456,
						0.96,
						895.425,
						597.553,
						0.99,
						782.793,
						588.387,
						1.0,
						893.396,
						659.887,
						0.97,
						766.225,
						644.371,
						1.0,
						866.906,
						639.769,
						0.89,
						819.284,
						638.986,
						0.88,
						869.854,
						740.416,
						0.91,
						835.24,
						736.448,
						0.93,
						861.186,
						836.256,
						0.96,
						826.508,
						841.654,
						0.85
					],
					"area": 18753.946,
					"b_score": 0.973,
					"object_id": 0
				}
			]
		},
		{
			"frame_num": 18,
			"objects": [
				{
					"category_id": 1,
					"bbox": [
						731.34,
						429.82,
						183.67,
						451.23
					],
					"score": 0.936,
					"keypoints": [
						863.479,
						480.831,
						1.0,
						871.757,
						471.62,
						1.0,
						854.678,
						469.298,
						1.0,
						884.128,
						477.98,
						0.63,
						838.582,
						470.399,
						1.0,
						892.377,
						539.094,
						0.99,
						809.866,
						529.347,
						0.96,
						893.444,
						601.475,
						0.97,
						777.898,
						594.529,
						1.0,
						888.812,
						661.51,
						0.93,
						761.377,
						646.822,
						0.97,
						862.672,
						641.275,
						0.94,
						817.727,
						640.817,
						0.89,
						868.984,
						739.416,
						0.91,
						835.118,
						736.902,
						0.96,
						859.55,
						836.332,
						0.97,
						828.612,
						841.354,
						0.86
					],
					"area": 18626.151,
					"b_score": 0.973,
					"object_id": 0
				}
			]
		},
		{
			"frame_num": 19,
			"objects": [
				{
					"category_id": 1,
					"bbox": [
						728.95,
						436.17,
						184.43,
						444.59
					],
					"score": 0.935,
					"keypoints": [
						866.254,
						482.866,
						1.0,
						874.942,
						476.046,
						1.0,
						857.212,
						472.47,
						1.0,
						883.966,
						484.282,
						0.48,
						839.893,
						475.327,
						1.0,
						892.614,
						542.101,
						0.97,
						809.749,
						532.544,
						0.98,
						890.921,
						603.218,
						0.96,
						774.958,
						597.477,
						1.0,
						885.296,
						661.071,
						1.0,
						759.377,
						649.799,
						1.0,
						859.201,
						643.583,
						0.87,
						813.563,
						641.385,
						0.87,
						867.304,
						739.45,
						0.93,
						834.192,
						736.142,
						0.97,
						860.108,
						834.023,
						0.98,
						828.329,
						841.373,
						0.88
					],
					"area": 18428.509,
					"b_score": 0.979,
					"object_id": 0
				}
			]
		},
		{
			"frame_num": 20,
			"objects": [
				{
					"category_id": 1,
					"bbox": [
						731.59,
						442.91,
						180.12,
						437.52
					],
					"score": 0.898,
					"keypoints": [
						867.705,
						484.58,
						1.0,
						876.583,
						478.988,
						1.0,
						858.613,
						474.841,
						1.0,
						883.677,
						487.887,
						0.3,
						840.781,
						478.588,
						1.0,
						892.481,
						543.807,
						0.96,
						809.956,
						534.453,
						0.93,
						886.964,
						606.131,
						0.96,
						771.792,
						601.119,
						0.95,
						880.61,
						660.109,
						0.94,
						756.602,
						650.097,
						0.95,
						855.011,
						644.472,
						0.86,
						809.412,
						641.298,
						0.77,
						866.258,
						738.476,
						0.88,
						833.741,
						734.63,
						0.95,
						860.265,
						833.216,
						0.98,
						828.413,
						841.546,
						0.86
					],
					"area": 17711.584,
					"b_score": 0.98,
					"object_id": 0
				}
			]
		},
		{
			"frame_num": 21,
			"objects": [
				{
					"category_id": 1,
					"bbox": [
						731.26,
						449.46,
						178.85,
						431.24
					],
					"score": 0.856,
					"keypoints": [
						872.07,
						486.151,
						1.0,
						881.001,
						481.179,
						1.0,
						862.991,
						476.806,
						1.0,
						886.324,
						492.854,
						0.17,
						842.68,
						480.959,
						1.0,
						891.58,
						547.313,
						0.9,
						811.49,
						538.124,
						0.9,
						884.036,
						609.778,
						0.86,
						770.275,
						602.796,
						1.0,
						877.964,
						661.719,
						0.83,
						755.856,
						652.48,
						0.97,
						854.679,
						646.595,
						0.81,
						809.432,
						644.734,
						0.73,
						866.937,
						738.744,
						0.84,
						834.731,
						734.661,
						0.92,
						861.855,
						833.394,
						0.97,
						830.227,
						842.046,
						0.87
					],
					"area": 17334.157,
					"b_score": 0.978,
					"object_id": 0
				}
			]
		},
		{
			"frame_num": 22,
			"objects": [
				{
					"category_id": 1,
					"bbox": [
						730.68,
						456.26,
						177.64,
						424.24
					],
					"score": 0.852,
					"keypoints": [
						875.589,
						490.194,
						1.0,
						884.472,
						483.186,
						1.0,
						866.608,
						478.748,
						1.0,
						883.8,
						493.397,
						0.03,
						843.146,
						485.488,
						0.95,
						890.051,
						549.386,
						0.9,
						812.009,
						540.368,
						0.91,
						881.484,
						611.464,
						0.85,
						769.416,
						603.551,
						1.0,
						875.721,
						661.743,
						0.85,
						755.562,
						652.754,
						0.98,
						851.277,
						647.426,
						0.77,
						806.622,
						646.382,
						0.76,
						866.501,
						738.038,
						0.84,
						834.819,
						733.786,
						0.94,
						861.666,
						833.771,
						0.95,
						830.395,
						842.512,
						0.89
					],
					"area": 16937.67,
					"b_score": 0.977,
					"object_id": 0
				}
			]
		},
		{
			"frame_num": 23,
			"objects": [
				{
					"category_id": 1,
					"bbox": [
						730.9,
						460.75,
						175.29,
						419.29
					],
					"score": 0.838,
					"keypoints": [
						878.784,
						494.339,
						1.0,
						885.341,
						486.365,
						1.0,
						869.92,
						484.349,
						1.0,
						881.444,
						495.889,
						0.02,
						844.756,
						492.443,
						0.99,
						888.38,
						554.61,
						0.88,
						812.002,
						545.735,
						0.88,
						876.989,
						613.658,
						0.85,
						766.448,
						605.313,
						0.94,
						870.785,
						662.977,
						0.87,
						752.289,
						654.227,
						0.92,
						846.545,
						648.897,
						0.77,
						802.486,
						648.344,
						0.74,
						865.601,
						738.057,
						0.84,
						835.986,
						733.764,
						0.95,
						858.173,
						833.986,
						0.94,
						829.913,
						842.726,
						0.88
					],
					"area": 16518.052,
					"b_score": 0.975,
					"object_id": 0
				}
			]
		},
		{
			"frame_num": 24,
			"objects": [
				{
					"category_id": 1,
					"bbox": [
						730.0,
						464.06,
						174.45,
						415.97
					],
					"score": 0.777,
					"keypoints": [
						881.677,
						503.044,
						1.0,
						887.004,
						494.583,
						1.0,
						870.651,
						491.227,
						1.0,
						882.483,
						498.675,
						0.01,
						846.953,
						497.27,
						0.97,
						882.228,
						558.431,
						0.81,
						811.52,
						549.671,
						0.87,
						871.458,
						611.542,
						0.5,
						764.617,
						607.282,
						0.92,
						861.575,
						661.989,
						0.29,
						750.76,
						655.899,
						0.9,
						843.538,
						652.66,
						0.79,
						797.477,
						650.281,
						0.74,
						864.346,
						738.479,
						0.85,
						836.241,
						734.187,
						0.95,
						852.744,
						834.267,
						0.93,
						828.912,
						842.977,
						0.87
					],
					"area": 16308.623,
					"b_score": 0.973,
					"object_id": 0
				}
			]
		},
		{
			"frame_num": 25,
			"objects": [
				{
					"category_id": 1,
					"bbox": [
						729.83,
						466.25,
						175.04,
						413.64
					],
					"score": 0.778,
					"keypoints": [
						882.936,
						505.398,
						1.0,
						887.705,
						496.822,
						1.0,
						873.116,
						495.407,
						1.0,
						883.051,
						498.613,
						0.01,
						848.163,
						500.477,
						1.0,
						878.86,
						561.061,
						0.81,
						811.279,
						549.993,
						0.88,
						871.318,
						605.987,
						0.26,
						764.014,
						606.793,
						0.96,
						868.035,
						644.289,
						0.18,
						750.627,
						657.217,
						0.98,
						837.234,
						653.135,
						0.84,
						795.377,
						649.873,
						0.75,
						863.58,
						737.364,
						0.84,
						834.848,
						733.021,
						0.96,
						850.749,
						834.463,
						0.94,
						828.483,
						843.132,
						0.89
					],
					"area": 16272.057,
					"b_score": 0.976,
					"object_id": 0
				}
			]
		},
		{
			"frame_num": 26,
			"objects": [
				{
					"category_id": 1,
					"bbox": [
						729.25,
						469.69,
						176.11,
						410.41
					],
					"score": 0.776,
					"keypoints": [
						883.25,
						510.725,
						1.0,
						887.769,
						502.116,
						1.0,
						874.068,
						501.619,
						1.0,
						881.674,
						500.31,
						0.01,
						848.695,
						506.228,
						1.0,
						876.919,
						561.357,
						0.8,
						811.133,
						554.016,
						0.91,
						873.227,
						600.519,
						0.28,
						761.658,
						607.683,
						0.96,
						879.241,
						608.19,
						0.2,
						750.893,
						658.946,
						0.97,
						834.414,
						654.314,
						0.84,
						792.131,
						652.562,
						0.77,
						861.001,
						737.184,
						0.84,
						833.87,
						732.859,
						0.98,
						849.861,
						834.853,
						0.94,
						828.215,
						843.467,
						0.87
					],
					"area": 16243.523,
					"b_score": 0.976,
					"object_id": 0
				}
			]
		},
		{
			"frame_num": 27,
			"objects": [
				{
					"category_id": 1,
					"bbox": [
						728.69,
						473.27,
						176.12,
						407.33
					],
					"score": 0.769,
					"keypoints": [
						887.284,
						512.361,
						1.0,
						889.327,
						503.813,
						1.0,
						876.201,
						503.635,
						1.0,
						881.978,
						502.903,
						0.01,
						850.572,
						508.028,
						1.0,
						877.582,
						560.784,
						0.82,
						812.363,
						555.094,
						0.91,
						869.148,
						602.774,
						0.22,
						762.714,
						607.329,
						0.94,
						864.351,
						634.61,
						0.15,
						750.954,
						658.272,
						0.99,
						835.201,
						655.98,
						0.81,
						790.507,
						653.039,
						0.76,
						861.134,
						736.017,
						0.85,
						834.589,
						733.378,
						0.99,
						851.63,
						833.209,
						0.93,
						827.747,
						844.044,
						0.88
					],
					"area": 16123.0,
					"b_score": 0.972,
					"object_id": 0
				}
			]
		},
		{
			"frame_num": 28,
			"objects": [
				{
					"category_id": 1,
					"bbox": [
						728.99,
						476.36,
						175.51,
						404.57
					],
					"score": 0.752,
					"keypoints": [
						888.952,
						517.156,
						1.0,
						891.975,
						508.647,
						1.0,
						879.23,
						506.133,
						1.0,
						0.0,
						0.0,
						0.0,
						851.481,
						512.934,
						1.0,
						875.643,
						564.068,
						0.79,
						811.658,
						559.317,
						0.88,
						869.289,
						603.548,
						0.21,
						763.385,
						608.163,
						0.94,
						877.209,
						612.425,
						0.1,
						751.236,
						661.873,
						0.97,
						835.472,
						657.748,
						0.81,
						789.884,
						654.16,
						0.73,
						861.075,
						735.83,
						0.83,
						834.986,
						734.168,
						0.99,
						852.171,
						832.807,
						0.93,
						829.727,
						844.63,
						0.88
					],
					"area": 15958.861,
					"b_score": 0.969,
					"object_id": 0
				}
			]
		},
		{
			"frame_num": 29,
			"objects": [
				{
					"category_id": 1,
					"bbox": [
						727.06,
						478.86,
						177.93,
						402.28
					],
					"score": 0.758,
					"keypoints": [
						889.159,
						523.017,
						1.0,
						892.742,
						514.557,
						1.0,
						880.122,
						513.589,
						1.0,
						881.615,
						511.969,
						0.01,
						851.557,
						516.297,
						1.0,
						871.966,
						571.49,
						0.73,
						810.943,
						562.334,
						0.89,
						861.898,
						615.122,
						0.25,
						763.513,
						611.519,
						0.96,
						859.812,
						661.694,
						0.27,
						751.143,
						664.112,
						0.95,
						832.917,
						661.522,
						0.8,
						789.306,
						657.52,
						0.73,
						860.621,
						736.114,
						0.86,
						834.952,
						735.005,
						1.0,
						851.873,
						832.884,
						0.93,
						827.996,
						845.122,
						0.86
					],
					"area": 16087.204,
					"b_score": 0.967,
					"object_id": 0
				}
			]
		},
		{
			"frame_num": 30,
			"objects": [
				{
					"category_id": 1,
					"bbox": [
						726.86,
						481.94,
						179.68,
						399.54
					],
					"score": 0.747,
					"keypoints": [
						889.349,
						524.549,
						1.0,
						891.26,
						516.165,
						0.99,
						880.668,
						515.787,
						1.0,
						881.468,
						512.635,
						0.01,
						851.787,
						519.328,
						0.99,
						872.422,
						571.452,
						0.77,
						810.763,
						562.75,
						0.88,
						856.348,
						618.211,
						0.19,
						762.064,
						612.253,
						0.94,
						851.232,
						669.029,
						0.31,
						749.246,
						663.409,
						0.94,
						832.048,
						664.373,
						0.79,
						787.288,
						662.408,
						0.73,
						860.527,
						736.774,
						0.81,
						833.571,
						734.551,
						0.99,
						849.502,
						833.27,
						0.92,
						827.514,
						843.483,
						0.83
					],
					"area": 16134.397,
					"b_score": 0.961,
					"object_id": 0
				}
			]
		},
		{
			"frame_num": 31,
			"objects": [
				{
					"category_id": 1,
					"bbox": [
						726.32,
						487.81,
						179.71,
						393.46
					],
					"score": 0.701,
					"keypoints": [
						890.664,
						530.743,
						0.97,
						891.598,
						522.453,
						0.86,
						882.241,
						519.842,
						0.96,
						0.0,
						0.0,
						0.0,
						851.454,
						523.697,
						0.94,
						871.974,
						576.234,
						0.65,
						810.485,
						567.811,
						0.84,
						853.325,
						623.975,
						0.15,
						761.478,
						612.517,
						0.89,
						851.077,
						676.238,
						0.26,
						748.827,
						665.097,
						0.92,
						831.253,
						669.634,
						0.77,
						786.318,
						668.794,
						0.75,
						859.964,
						737.851,
						0.77,
						833.955,
						734.974,
						0.95,
						850.365,
						833.715,
						0.9,
						826.911,
						845.087,
						0.8
					],
					"area": 15891.803,
					"b_score": 0.962,
					"object_id": 0
				}
			]
		},
		{
			"frame_num": 32,
			"objects": [
				{
					"category_id": 1,
					"bbox": [
						726.31,
						491.25,
						178.91,
						390.22
					],
					"score": 0.765,
					"keypoints": [
						890.808,
						532.62,
						1.0,
						893.186,
						524.421,
						0.96,
						882.531,
						523.368,
						1.0,
						0.0,
						0.0,
						0.0,
						852.73,
						524.917,
						0.96,
						873.237,
						577.56,
						0.74,
						811.627,
						569.3,
						0.9,
						851.64,
						628.003,
						0.26,
						759.215,
						611.895,
						0.95,
						850.56,
						673.232,
						0.4,
						748.752,
						664.436,
						0.99,
						830.606,
						673.175,
						0.79,
						785.785,
						670.579,
						0.78,
						859.312,
						739.071,
						0.8,
						833.993,
						735.752,
						1.0,
						850.34,
						834.243,
						0.94,
						828.5,
						843.943,
						0.86
					],
					"area": 15690.232,
					"b_score": 0.962,
					"object_id": 0
				}
			]
		},
		{
			"frame_num": 33,
			"objects": [
				{
					"category_id": 1,
					"bbox": [
						726.15,
						494.83,
						179.14,
						387.03
					],
					"score": 0.745,
					"keypoints": [
						890.572,
						537.726,
						1.0,
						893.715,
						529.606,
						0.93,
						882.391,
						529.237,
						1.0,
						0.0,
						0.0,
						0.0,
						853.291,
						529.738,
						1.0,
						871.795,
						582.041,
						0.7,
						812.355,
						573.9,
						0.85,
						848.44,
						629.002,
						0.16,
						758.268,
						610.944,
						0.97,
						850.18,
						673.951,
						0.26,
						749.009,
						665.484,
						0.96,
						828.12,
						675.938,
						0.78,
						785.632,
						674.784,
						0.74,
						858.773,
						740.481,
						0.82,
						833.945,
						736.862,
						1.0,
						850.144,
						834.919,
						0.94,
						829.207,
						843.745,
						0.84
					],
					"area": 15582.093,
					"b_score": 0.962,
					"object_id": 0
				}
			]
		},
		{
			"frame_num": 34,
			"objects": [
				{
					"category_id": 1,
					"bbox": [
						725.33,
						498.69,
						176.79,
						383.21
					],
					"score": 0.626,
					"keypoints": [
						891.038,
						539.422,
						0.88,
						894.559,
						533.798,
						0.77,
						882.961,
						531.248,
						0.91,
						0.0,
						0.0,
						0.0,
						854.321,
						533.798,
						0.88,
						871.71,
						585.704,
						0.62,
						813.601,
						577.661,
						0.73,
						848.01,
						630.808,
						0.14,
						757.1,
						609.907,
						0.83,
						848.51,
						672.851,
						0.23,
						752.703,
						664.826,
						0.78,
						825.825,
						678.317,
						0.67,
						784.716,
						677.83,
						0.65,
						859.133,
						740.371,
						0.69,
						834.555,
						736.621,
						0.85,
						850.949,
						833.389,
						0.76,
						830.589,
						843.865,
						0.72
					],
					"area": 15226.345,
					"b_score": 0.957,
					"object_id": 0
				}
			]
		},
		{
			"frame_num": 35,
			"objects": [
				{
					"category_id": 1,
					"bbox": [
						725.75,
						501.39,
						175.23,
						378.44
					],
					"score": 0.707,
					"keypoints": [
						892.513,
						543.741,
						1.0,
						894.385,
						536.799,
						0.81,
						882.678,
						535.789,
						1.0,
						0.0,
						0.0,
						0.0,
						854.507,
						536.763,
						0.96,
						871.169,
						590.494,
						0.65,
						812.82,
						580.23,
						0.85,
						847.393,
						632.194,
						0.1,
						754.719,
						609.863,
						0.97,
						847.436,
						672.864,
						0.13,
						752.468,
						664.92,
						0.94,
						826.496,
						681.824,
						0.76,
						784.262,
						681.66,
						0.74,
						860.504,
						740.193,
						0.82,
						834.723,
						737.87,
						1.0,
						850.875,
						833.959,
						0.88,
						828.823,
						843.077,
						0.85
					],
					"area": 14903.644,
					"b_score": 0.958,
					"object_id": 0
				}
			]
		},
		{
			"frame_num": 36,
			"objects": [
				{
					"category_id": 1,
					"bbox": [
						724.56,
						507.7,
						176.04,
						374.03
					],
					"score": 0.66,
					"keypoints": [
						890.76,
						546.61,
						0.99,
						892.0,
						539.172,
						0.9,
						880.206,
						538.785,
						1.0,
						882.569,
						527.509,
						0.01,
						854.079,
						541.479,
						0.92,
						870.219,
						593.288,
						0.61,
						812.056,
						584.433,
						0.79,
						842.11,
						631.302,
						0.11,
						753.478,
						610.311,
						0.86,
						843.644,
						673.139,
						0.33,
						752.323,
						665.244,
						0.73,
						822.297,
						685.75,
						0.63,
						779.815,
						685.731,
						0.62,
						859.247,
						739.948,
						0.76,
						832.998,
						737.048,
						0.85,
						850.176,
						833.475,
						0.82,
						827.403,
						843.92,
						0.77
					],
					"area": 14798.323,
					"b_score": 0.959,
					"object_id": 0
				}
			]
		},
		{
			"frame_num": 37,
			"objects": [
				{
					"category_id": 1,
					"bbox": [
						725.81,
						510.15,
						172.13,
						369.58
					],
					"score": 0.713,
					"keypoints": [
						887.724,
						551.251,
						1.0,
						888.861,
						543.658,
						0.82,
						878.315,
						541.198,
						1.0,
						0.0,
						0.0,
						0.0,
						851.92,
						544.58,
						0.97,
						865.221,
						597.539,
						0.59,
						809.771,
						587.081,
						0.88,
						834.623,
						633.314,
						0.17,
						748.874,
						611.084,
						1.0,
						841.702,
						673.532,
						0.65,
						750.145,
						663.652,
						0.79,
						815.521,
						689.849,
						0.65,
						773.21,
						687.653,
						0.68,
						857.963,
						739.684,
						0.81,
						831.506,
						737.861,
						0.92,
						849.214,
						832.458,
						0.88,
						826.248,
						843.521,
						0.82
					],
					"area": 14296.99,
					"b_score": 0.957,
					"object_id": 0
				}
			]
		},
		{
			"frame_num": 38,
			"objects": [
				{
					"category_id": 1,
					"bbox": [
						727.29,
						512.69,
						171.01,
						369.56
					],
					"score": 0.687,
					"keypoints": [
						886.348,
						554.64,
						1.0,
						887.087,
						546.983,
						0.77,
						877.558,
						546.004,
						1.0,
						0.0,
						0.0,
						0.0,
						849.7,
						549.682,
						0.96,
						863.087,
						603.121,
						0.57,
						808.683,
						591.932,
						0.82,
						838.453,
						633.631,
						0.11,
						747.099,
						612.631,
						0.97,
						841.675,
						675.29,
						0.41,
						749.661,
						664.235,
						0.83,
						812.965,
						693.075,
						0.63,
						770.664,
						692.142,
						0.69,
						857.59,
						740.442,
						0.77,
						832.425,
						737.872,
						0.91,
						849.294,
						833.317,
						0.86,
						826.255,
						844.667,
						0.83
					],
					"area": 14203.128,
					"b_score": 0.962,
					"object_id": 0
				}
			]
		},
		{
			"frame_num": 39,
			"objects": [
				{
					"category_id": 1,
					"bbox": [
						728.42,
						514.62,
						167.94,
						368.36
					],
					"score": 0.714,
					"keypoints": [
						883.887,
						559.397,
						0.99,
						885.659,
						551.725,
						0.74,
						875.581,
						549.017,
						0.97,
						0.0,
						0.0,
						0.0,
						847.943,
						555.169,
						0.98,
						859.747,
						606.367,
						0.58,
						806.201,
						597.249,
						0.8,
						835.747,
						638.61,
						0.19,
						744.132,
						614.244,
						0.99,
						841.353,
						676.829,
						0.72,
						749.34,
						665.317,
						0.87,
						811.609,
						697.464,
						0.61,
						771.417,
						697.106,
						0.72,
						857.148,
						739.958,
						0.8,
						832.818,
						739.891,
						0.91,
						849.051,
						836.48,
						0.85,
						826.015,
						845.694,
						0.83
					],
					"area": 13903.034,
					"b_score": 0.965,
					"object_id": 0
				}
			]
		},
		{
			"frame_num": 40,
			"objects": [
				{
					"category_id": 1,
					"bbox": [
						727.62,
						515.66,
						168.74,
						367.48
					],
					"score": 0.714,
					"keypoints": [
						880.313,
						557.362,
						1.0,
						0.0,
						0.0,
						0.0,
						872.391,
						546.388,
						0.99,
						0.0,
						0.0,
						0.0,
						844.962,
						553.338,
						1.0,
						855.79,
						605.934,
						0.61,
						804.561,
						595.486,
						0.84,
						834.287,
						639.356,
						0.13,
						742.599,
						613.829,
						1.0,
						840.945,
						675.432,
						0.66,
						749.058,
						664.128,
						0.89,
						808.677,
						699.657,
						0.6,
						769.612,
						699.525,
						0.72,
						856.678,
						738.46,
						0.79,
						832.902,
						739.773,
						0.9,
						848.671,
						835.822,
						0.88,
						825.669,
						846.293,
						0.83
					],
					"area": 13936.438,
					"b_score": 0.964,
					"object_id": 0
				}
			]
		},
		{
			"frame_num": 41,
			"objects": [
				{
					"category_id": 1,
					"bbox": [
						726.46,
						516.5,
						169.94,
						367.34
					],
					"score": 0.747,
					"keypoints": [
						877.83,
						556.982,
						1.0,
						880.793,
						550.173,
						0.77,
						870.094,
						547.865,
						1.0,
						0.0,
						0.0,
						0.0,
						841.08,
						553.062,
						1.0,
						851.482,
						604.109,
						0.59,
						803.374,
						595.186,
						0.87,
						829.011,
						640.12,
						0.13,
						741.592,
						613.935,
						1.0,
						840.443,
						675.354,
						0.68,
						748.633,
						663.97,
						0.9,
						807.056,
						703.242,
						0.59,
						768.475,
						703.218,
						0.75,
						857.693,
						737.747,
						0.82,
						832.745,
						739.999,
						0.95,
						850.186,
						835.924,
						0.91,
						827.199,
						846.966,
						0.87
					],
					"area": 14030.001,
					"b_score": 0.968,
					"object_id": 0
				}
			]
		},
		{
			"frame_num": 42,
			"objects": [
				{
					"category_id": 1,
					"bbox": [
						724.81,
						517.32,
						171.09,
						366.9
					],
					"score": 0.719,
					"keypoints": [
						874.016,
						557.237,
						1.0,
						0.0,
						0.0,
						0.0,
						864.49,
						546.849,
						1.0,
						0.0,
						0.0,
						0.0,
						836.403,
						553.376,
						1.0,
						846.712,
						605.75,
						0.59,
						802.232,
						595.446,
						0.81,
						826.058,
						644.897,
						0.13,
						740.604,
						615.973,
						0.96,
						837.07,
						675.684,
						0.68,
						749.915,
						664.225,
						0.86,
						803.621,
						707.336,
						0.56,
						765.37,
						705.097,
						0.67,
						857.862,
						737.497,
						0.87,
						833.591,
						740.353,
						0.93,
						850.339,
						836.205,
						0.91,
						827.38,
						847.498,
						0.86
					],
					"area": 14107.676,
					"b_score": 0.968,
					"object_id": 0
				}
			]
		},
		{
			"frame_num": 43,
			"objects": [
				{
					"category_id": 1,
					"bbox": [
						721.98,
						516.88,
						175.32,
						368.11
					],
					"score": 0.7,
					"keypoints": [
						871.673,
						555.204,
						0.99,
						875.143,
						547.691,
						0.55,
						861.119,
						546.218,
						1.0,
						0.0,
						0.0,
						0.0,
						831.576,
						553.34,
						1.0,
						844.239,
						608.518,
						0.57,
						797.522,
						597.524,
						0.85,
						822.2,
						647.159,
						0.14,
						737.637,
						618.887,
						0.93,
						835.463,
						675.871,
						0.74,
						750.066,
						664.374,
						0.82,
						801.675,
						709.158,
						0.54,
						763.444,
						708.206,
						0.66,
						857.75,
						737.447,
						0.87,
						833.931,
						739.243,
						0.9,
						852.233,
						836.675,
						0.88,
						827.134,
						850.447,
						0.83
					],
					"area": 14503.91,
					"b_score": 0.965,
					"object_id": 0
				}
			]
		},
		{
			"frame_num": 44,
			"objects": [
				{
					"category_id": 1,
					"bbox": [
						719.11,
						516.82,
						179.18,
						368.03
					],
					"score": 0.719,
					"keypoints": [
						863.818,
						552.401,
						0.99,
						0.0,
						0.0,
						0.0,
						854.776,
						544.013,
						1.0,
						0.0,
						0.0,
						0.0,
						826.57,
						553.288,
						1.0,
						840.447,
						607.671,
						0.62,
						794.531,
						596.433,
						0.87,
						817.761,
						646.181,
						0.13,
						733.64,
						620.443,
						0.97,
						834.285,
						675.893,
						0.77,
						747.455,
						664.393,
						0.88,
						800.293,
						709.867,
						0.54,
						762.051,
						709.457,
						0.67,
						857.313,
						737.375,
						0.89,
						833.824,
						738.533,
						0.91,
						852.543,
						836.814,
						0.89,
						826.509,
						851.545,
						0.85
					],
					"area": 14820.775,
					"b_score": 0.964,
					"object_id": 0
				}
			]
		},
		{
			"frame_num": 45,
			"objects": [
				{
					"category_id": 1,
					"bbox": [
						715.68,
						515.32,
						183.69,
						369.7
					],
					"score": 0.727,
					"keypoints": [
						859.438,
						550.431,
						0.99,
						866.863,
						543.96,
						0.69,
						851.147,
						542.31,
						0.99,
						857.315,
						538.091,
						0.01,
						823.59,
						552.589,
						1.0,
						838.2,
						606.731,
						0.69,
						792.368,
						595.362,
						0.87,
						815.215,
						647.196,
						0.26,
						734.983,
						622.642,
						0.95,
						835.57,
						675.48,
						0.84,
						747.662,
						663.98,
						0.83,
						801.054,
						711.979,
						0.51,
						762.647,
						709.646,
						0.66,
						858.126,
						737.148,
						0.86,
						834.759,
						737.923,
						0.9,
						854.353,
						836.855,
						0.88,
						827.661,
						851.991,
						0.84
					],
					"area": 15262.46,
					"b_score": 0.964,
					"object_id": 0
				}
			]
		},
		{
			"frame_num": 46,
			"objects": [
				{
					"category_id": 1,
					"bbox": [
						713.3,
						513.15,
						185.96,
						371.7
					],
					"score": 0.737,
					"keypoints": [
						854.684,
						550.209,
						0.98,
						0.0,
						0.0,
						0.0,
						846.735,
						542.255,
						0.97,
						839.079,
						550.94,
						0.02,
						819.42,
						553.199,
						1.0,
						836.612,
						607.371,
						0.76,
						788.574,
						597.83,
						0.9,
						813.448,
						648.918,
						0.4,
						732.831,
						624.929,
						0.94,
						835.422,
						676.738,
						0.88,
						746.88,
						667.43,
						0.83,
						800.755,
						714.456,
						0.53,
						762.201,
						711.234,
						0.64,
						858.281,
						738.026,
						0.84,
						834.962,
						738.536,
						0.89,
						854.541,
						838.843,
						0.88,
						827.619,
						849.852,
						0.84
					],
					"area": 15534.327,
					"b_score": 0.969,
					"object_id": 0
				}
			]
		},
		{
			"frame_num": 47,
			"objects": [
				{
					"category_id": 1,
					"bbox": [
						711.74,
						511.18,
						186.15,
						373.09
					],
					"score": 0.741,
					"keypoints": [
						851.817,
						546.423,
						0.96,
						856.96,
						540.449,
						0.46,
						841.76,
						538.385,
						0.99,
						0.0,
						0.0,
						0.0,
						814.506,
						550.815,
						1.0,
						835.165,
						606.9,
						0.8,
						785.903,
						596.35,
						0.92,
						814.041,
						651.012,
						0.45,
						728.778,
						627.282,
						0.92,
						834.552,
						676.523,
						0.86,
						745.547,
						668.095,
						0.83,
						799.856,
						712.788,
						0.58,
						761.173,
						711.285,
						0.65,
						857.911,
						736.775,
						0.86,
						834.606,
						738.534,
						0.89,
						853.906,
						839.264,
						0.87,
						826.875,
						848.567,
						0.85
					],
					"area": 15608.334,
					"b_score": 0.972,
					"object_id": 0
				}
			]
		},
		{
			"frame_num": 48,
			"objects": [
				{
					"category_id": 1,
					"bbox": [
						709.77,
						509.41,
						188.45,
						375.76
					],
					"score": 0.755,
					"keypoints": [
						845.748,
						543.711,
						1.0,
						0.0,
						0.0,
						0.0,
						836.97,
						535.774,
						1.0,
						0.0,
						0.0,
						0.0,
						809.626,
						548.966,
						1.0,
						832.016,
						604.417,
						0.83,
						781.985,
						595.081,
						0.89,
						813.901,
						651.649,
						0.48,
						726.113,
						628.016,
						0.95,
						833.839,
						676.112,
						0.85,
						744.242,
						665.966,
						0.82,
						798.992,
						711.863,
						0.57,
						760.095,
						711.132,
						0.66,
						857.511,
						735.899,
						0.85,
						834.171,
						738.483,
						0.91,
						853.38,
						839.776,
						0.88,
						826.149,
						848.266,
						0.84
					],
					"area": 15914.816,
					"b_score": 0.974,
					"object_id": 0
				}
			]
		},
		{
			"frame_num": 49,
			"objects": [
				{
					"category_id": 1,
					"bbox": [
						708.19,
						507.5,
						189.45,
						377.43
					],
					"score": 0.76,
					"keypoints": [
						842.617,
						539.306,
						1.0,
						0.0,
						0.0,
						0.0,
						832.05,
						533.263,
						1.0,
						821.894,
						544.735,
						0.01,
						806.924,
						547.277,
						1.0,
						830.075,
						602.519,
						0.85,
						779.51,
						593.758,
						0.9,
						815.323,
						651.337,
						0.5,
						728.161,
						629.648,
						0.91,
						835.224,
						675.333,
						0.88,
						745.176,
						664.252,
						0.87,
						799.935,
						710.931,
						0.59,
						760.823,
						710.553,
						0.68,
						858.369,
						734.988,
						0.88,
						834.947,
						738.144,
						0.92,
						852.702,
						839.745,
						0.91,
						827.357,
						847.904,
						0.85
					],
					"area": 16070.128,
					"b_score": 0.972,
					"object_id": 0
				}
			]
		},
		{
			"frame_num": 50,
			"objects": [
				{
					"category_id": 1,
					"bbox": [
						706.99,
						506.52,
						190.49,
						379.0
					],
					"score": 0.763,
					"keypoints": [
						838.685,
						536.152,
						1.0,
						844.039,
						534.375,
						0.49,
						827.305,
						529.462,
						1.0,
						0.0,
						0.0,
						0.0,
						803.101,
						546.017,
						1.0,
						828.9,
						601.242,
						0.85,
						775.766,
						592.782,
						0.89,
						815.685,
						649.203,
						0.48,
						726.697,
						630.243,
						0.9,
						835.531,
						674.8,
						0.88,
						745.073,
						663.255,
						0.87,
						800.088,
						710.408,
						0.6,
						760.803,
						710.205,
						0.69,
						858.756,
						735.913,
						0.86,
						835.253,
						737.91,
						0.92,
						852.119,
						839.954,
						0.91,
						827.643,
						847.96,
						0.85
					],
					"area": 16225.965,
					"b_score": 0.972,
					"object_id": 0
				}
			]
		},
		{
			"frame_num": 51,
			"objects": [
				{
					"category_id": 1,
					"bbox": [
						706.13,
						505.72,
						190.9,
						380.37
					],
					"score": 0.757,
					"keypoints": [
						834.391,
						537.512,
						0.96,
						836.094,
						533.346,
						0.51,
						822.636,
						530.282,
						0.99,
						0.0,
						0.0,
						0.0,
						798.776,
						546.53,
						1.0,
						825.887,
						603.565,
						0.81,
						771.4,
						593.656,
						0.89,
						813.581,
						649.718,
						0.49,
						723.437,
						634.39,
						0.89,
						835.385,
						674.441,
						0.88,
						744.547,
						664.765,
						0.88,
						799.862,
						710.115,
						0.61,
						760.426,
						710.003,
						0.69,
						858.851,
						735.006,
						0.89,
						835.256,
						736.283,
						0.95,
						851.58,
						835.838,
						0.94,
						827.48,
						843.509,
						0.83
					],
					"area": 16319.539,
					"b_score": 0.971,
					"object_id": 0
				}
			]
		},
		{
			"frame_num": 52,
			"objects": [
				{
					"category_id": 1,
					"bbox": [
						708.23,
						505.14,
						190.32,
						375.81
					],
					"score": 0.771,
					"keypoints": [
						831.156,
						537.882,
						0.98,
						831.563,
						532.38,
						0.54,
						819.361,
						530.405,
						1.0,
						0.0,
						0.0,
						0.0,
						795.78,
						546.422,
						1.0,
						823.216,
						605.906,
						0.82,
						768.505,
						593.477,
						0.92,
						815.251,
						652.613,
						0.52,
						723.283,
						637.377,
						0.92,
						833.89,
						674.948,
						0.87,
						743.5,
						666.306,
						0.93,
						798.773,
						710.365,
						0.63,
						759.484,
						710.31,
						0.73,
						859.305,
						734.677,
						0.86,
						834.39,
						735.467,
						0.92,
						851.966,
						835.889,
						0.93,
						828.202,
						843.655,
						0.85
					],
					"area": 16074.201,
					"b_score": 0.971,
					"object_id": 0
				}
			]
		},
		{
			"frame_num": 53,
			"objects": [
				{
					"category_id": 1,
					"bbox": [
						708.77,
						504.82,
						189.8,
						376.29
					],
					"score": 0.792,
					"keypoints": [
						827.703,
						536.341,
						1.0,
						827.625,
						531.626,
						0.41,
						815.881,
						528.733,
						1.0,
						0.0,
						0.0,
						0.0,
						792.399,
						544.873,
						1.0,
						820.005,
						607.146,
						0.87,
						765.144,
						593.293,
						0.93,
						816.227,
						656.063,
						0.65,
						721.318,
						640.839,
						0.98,
						833.427,
						675.145,
						0.83,
						740.778,
						666.959,
						0.98,
						798.323,
						710.476,
						0.66,
						757.221,
						710.448,
						0.76,
						858.341,
						734.463,
						0.89,
						833.926,
						734.946,
						0.98,
						852.327,
						835.971,
						0.94,
						828.716,
						845.841,
						0.87
					],
					"area": 16051.285,
					"b_score": 0.97,
					"object_id": 0
				}
			]
		},
		{
			"frame_num": 54,
			"objects": [
				{
					"category_id": 1,
					"bbox": [
						708.92,
						505.28,
						189.17,
						376.06
					],
					"score": 0.793,
					"keypoints": [
						823.856,
						537.242,
						1.0,
						823.595,
						532.674,
						0.45,
						812.031,
						529.537,
						1.0,
						0.0,
						0.0,
						0.0,
						788.594,
						544.047,
						1.0,
						818.479,
						608.014,
						0.85,
						761.355,
						593.344,
						0.91,
						816.663,
						660.073,
						0.69,
						720.295,
						644.832,
						0.97,
						835.172,
						675.429,
						0.81,
						739.62,
						667.454,
						0.99,
						798.01,
						712.501,
						0.65,
						755.957,
						710.671,
						0.76,
						857.627,
						734.458,
						0.9,
						833.552,
						734.754,
						0.99,
						852.4,
						836.147,
						0.93,
						828.847,
						847.003,
						0.87
					],
					"area": 15988.626,
					"b_score": 0.971,
					"object_id": 0
				}
			]
		},
		{
			"frame_num": 55,
			"objects": [
				{
					"category_id": 1,
					"bbox": [
						707.57,
						505.63,
						191.67,
						375.65
					],
					"score": 0.795,
					"keypoints": [
						819.883,
						536.312,
						1.0,
						822.022,
						532.105,
						0.64,
						810.424,
						530.124,
						1.0,
						0.0,
						0.0,
						0.0,
						784.667,
						543.603,
						1.0,
						817.739,
						608.594,
						0.84,
						759.705,
						593.473,
						0.92,
						816.852,
						664.248,
						0.74,
						719.793,
						648.964,
						0.96,
						835.959,
						675.65,
						0.79,
						741.387,
						667.768,
						0.93,
						797.801,
						711.858,
						0.65,
						757.063,
						710.844,
						0.73,
						857.107,
						734.489,
						0.9,
						833.266,
						734.672,
						0.97,
						852.359,
						836.217,
						0.92,
						828.843,
						845.454,
						0.86
					],
					"area": 16182.248,
					"b_score": 0.971,
					"object_id": 0
				}
			]
		},
		{
			"frame_num": 56,
			"objects": [
				{
					"category_id": 1,
					"bbox": [
						708.07,
						506.61,
						191.13,
						374.68
					],
					"score": 0.756,
					"keypoints": [
						816.058,
						534.466,
						0.99,
						819.16,
						528.954,
						0.78,
						805.252,
						527.665,
						1.0,
						0.0,
						0.0,
						0.0,
						780.908,
						542.164,
						1.0,
						817.508,
						606.027,
						0.77,
						754.702,
						592.374,
						0.84,
						817.042,
						662.514,
						0.62,
						717.814,
						649.021,
						0.85,
						836.413,
						673.946,
						0.79,
						740.149,
						666.184,
						0.85,
						797.792,
						711.711,
						0.63,
						756.062,
						709.48,
						0.68,
						855.25,
						733.127,
						0.85,
						831.63,
						733.216,
						0.88,
						852.39,
						836.318,
						0.88,
						828.932,
						844.781,
						0.82
					],
					"area": 16094.548,
					"b_score": 0.971,
					"object_id": 0
				}
			]
		},
		{
			"frame_num": 57,
			"objects": [
				{
					"category_id": 1,
					"bbox": [
						707.41,
						506.06,
						192.19,
						374.89
					],
					"score": 0.738,
					"keypoints": [
						812.092,
						536.351,
						0.93,
						815.597,
						529.896,
						0.77,
						803.08,
						529.127,
						0.92,
						808.216,
						543.791,
						0.01,
						776.962,
						542.531,
						0.97,
						817.335,
						607.492,
						0.71,
						752.48,
						594.564,
						0.86,
						815.401,
						663.359,
						0.62,
						716.737,
						650.876,
						0.84,
						836.566,
						674.963,
						0.75,
						739.526,
						667.219,
						0.82,
						797.731,
						711.442,
						0.62,
						755.445,
						710.157,
						0.66,
						854.057,
						733.655,
						0.85,
						830.545,
						733.718,
						0.89,
						852.354,
						836.172,
						0.9,
						828.91,
						844.268,
						0.82
					],
					"area": 16192.91,
					"b_score": 0.97,
					"object_id": 0
				}
			]
		},
		{
			"frame_num": 58,
			"objects": [
				{
					"category_id": 1,
					"bbox": [
						706.67,
						506.16,
						194.31,
						374.99
					],
					"score": 0.702,
					"keypoints": [
						810.685,
						538.763,
						0.87,
						814.404,
						531.819,
						0.74,
						800.084,
						530.022,
						0.83,
						803.984,
						543.487,
						0.01,
						775.548,
						542.798,
						0.92,
						813.293,
						608.411,
						0.69,
						749.466,
						597.726,
						0.83,
						812.803,
						665.827,
						0.58,
						716.344,
						656.148,
						0.85,
						836.809,
						675.551,
						0.72,
						741.498,
						667.789,
						0.81,
						796.113,
						713.057,
						0.58,
						753.438,
						710.61,
						0.62,
						855.025,
						734.033,
						0.81,
						830.013,
						734.078,
						0.83,
						854.708,
						836.202,
						0.83,
						829.069,
						844.143,
						0.79
					],
					"area": 16375.964,
					"b_score": 0.969,
					"object_id": 0
				}
			]
		},
		{
			"frame_num": 59,
			"objects": [
				{
					"category_id": 1,
					"bbox": [
						703.68,
						506.25,
						198.3,
						374.77
					],
					"score": 0.799,
					"keypoints": [
						809.535,
						537.573,
						1.0,
						811.006,
						530.313,
						0.83,
						798.283,
						529.146,
						1.0,
						0.0,
						0.0,
						0.0,
						772.108,
						541.518,
						1.0,
						808.669,
						605.932,
						0.71,
						747.636,
						596.244,
						0.99,
						810.892,
						665.115,
						0.59,
						715.692,
						656.365,
						1.0,
						836.392,
						673.717,
						0.77,
						741.919,
						668.045,
						0.94,
						794.753,
						712.277,
						0.64,
						751.897,
						710.857,
						0.68,
						855.217,
						732.745,
						0.91,
						830.814,
						732.754,
						0.9,
						855.17,
						833.951,
						0.89,
						828.621,
						844.027,
						0.85
					],
					"area": 16702.544,
					"b_score": 0.969,
					"object_id": 0
				}
			]
		},
		{
			"frame_num": 60,
			"objects": [
				{
					"category_id": 1,
					"bbox": [
						701.24,
						508.25,
						199.78,
						372.3
					],
					"score": 0.77,
					"keypoints": [
						808.07,
						538.829,
						1.0,
						808.617,
						531.401,
						0.73,
						796.588,
						529.309,
						0.99,
						0.0,
						0.0,
						0.0,
						769.831,
						541.406,
						1.0,
						803.371,
						606.396,
						0.68,
						746.111,
						595.952,
						0.96,
						807.085,
						663.429,
						0.58,
						714.825,
						656.997,
						1.0,
						835.173,
						673.366,
						0.77,
						745.941,
						668.676,
						0.95,
						793.25,
						712.102,
						0.64,
						748.5,
						711.271,
						0.65,
						854.548,
						732.154,
						0.87,
						830.587,
						732.151,
						0.87,
						854.271,
						832.873,
						0.87,
						829.476,
						843.855,
						0.79
					],
					"area": 16716.183,
					"b_score": 0.971,
					"object_id": 0
				}
			]
		},
		{
			"frame_num": 61,
			"objects": [
				{
					"category_id": 1,
					"bbox": [
						699.73,
						508.66,
						202.62,
						371.68
					],
					"score": 0.758,
					"keypoints": [
						807.392,
						539.819,
						0.99,
						809.812,
						533.795,
						0.67,
						797.969,
						530.864,
						0.98,
						0.0,
						0.0,
						0.0,
						771.039,
						541.467,
						1.0,
						803.152,
						605.351,
						0.69,
						747.533,
						595.88,
						0.92,
						806.973,
						661.016,
						0.6,
						716.18,
						657.372,
						0.94,
						836.569,
						673.282,
						0.8,
						750.175,
						669.042,
						0.86,
						792.393,
						712.028,
						0.61,
						748.628,
						711.54,
						0.63,
						855.518,
						731.81,
						0.91,
						831.793,
						731.804,
						0.89,
						855.91,
						832.342,
						0.92,
						832.066,
						843.696,
						0.81
					],
					"area": 16926.08,
					"b_score": 0.97,
					"object_id": 0
				}
			]
		},
		{
			"frame_num": 62,
			"objects": [
				{
					"category_id": 1,
					"bbox": [
						699.16,
						510.14,
						203.44,
						370.08
					],
					"score": 0.792,
					"keypoints": [
						804.841,
						540.983,
						1.0,
						808.038,
						535.928,
						0.75,
						796.4,
						532.465,
						1.0,
						0.0,
						0.0,
						0.0,
						769.423,
						543.311,
						1.0,
						800.859,
						605.076,
						0.76,
						746.179,
						596.27,
						0.97,
						804.955,
						660.022,
						0.64,
						716.973,
						657.973,
						1.0,
						835.003,
						673.644,
						0.8,
						754.38,
						671.973,
						0.88,
						793.558,
						712.226,
						0.65,
						748.721,
						711.945,
						0.67,
						855.967,
						731.806,
						0.91,
						832.432,
						731.803,
						0.91,
						856.395,
						832.165,
						0.93,
						832.985,
						843.639,
						0.84
					],
					"area": 16920.585,
					"b_score": 0.971,
					"object_id": 0
				}
			]
		},
		{
			"frame_num": 63,
			"objects": [
				{
					"category_id": 1,
					"bbox": [
						698.38,
						510.85,
						206.09,
						369.3
					],
					"score": 0.754,
					"keypoints": [
						801.862,
						541.983,
						1.0,
						805.402,
						537.516,
						0.75,
						793.893,
						533.779,
						0.97,
						0.0,
						0.0,
						0.0,
						766.915,
						544.836,
						1.0,
						795.794,
						605.085,
						0.74,
						743.85,
						596.721,
						0.91,
						802.256,
						659.605,
						0.6,
						716.047,
						660.467,
						0.87,
						832.258,
						671.883,
						0.78,
						756.236,
						673.408,
						0.82,
						791.034,
						710.994,
						0.6,
						747.283,
						712.301,
						0.62,
						854.995,
						731.9,
						0.91,
						831.659,
						731.899,
						0.9,
						854.814,
						832.112,
						0.92,
						829.538,
						843.624,
						0.81
					],
					"area": 17105.166,
					"b_score": 0.97,
					"object_id": 0
				}
			]
		},
		{
			"frame_num": 64,
			"objects": [
				{
					"category_id": 1,
					"bbox": [
						699.53,
						511.7,
						206.56,
						369.19
					],
					"score": 0.694,
					"keypoints": [
						799.171,
						542.942,
						0.9,
						802.864,
						537.182,
						0.64,
						789.208,
						534.946,
						0.88,
						0.0,
						0.0,
						0.0,
						764.439,
						546.163,
						0.95,
						794.353,
						605.385,
						0.71,
						743.511,
						597.323,
						0.85,
						799.631,
						659.666,
						0.57,
						714.422,
						662.084,
						0.82,
						829.533,
						671.557,
						0.75,
						760.448,
						674.463,
						0.74,
						788.451,
						712.014,
						0.55,
						747.172,
						714.524,
						0.56,
						853.375,
						732.248,
						0.82,
						830.191,
						732.251,
						0.83,
						854.765,
						832.498,
						0.84,
						828.593,
						844.007,
						0.78
					],
					"area": 17138.877,
					"b_score": 0.969,
					"object_id": 0
				}
			]
		},
		{
			"frame_num": 65,
			"objects": [
				{
					"category_id": 1,
					"bbox": [
						701.52,
						511.82,
						205.76,
						370.26
					],
					"score": 0.789,
					"keypoints": [
						796.713,
						543.61,
						1.0,
						800.483,
						537.065,
						0.78,
						788.014,
						535.733,
						1.0,
						0.0,
						0.0,
						0.0,
						759.796,
						547.078,
						1.0,
						790.247,
						605.722,
						0.78,
						742.085,
						597.835,
						0.96,
						795.064,
						659.916,
						0.68,
						714.128,
						665.19,
						1.0,
						829.495,
						671.734,
						0.83,
						762.796,
						680.394,
						0.84,
						785.93,
						712.925,
						0.6,
						745.997,
						716.13,
						0.62,
						853.074,
						732.737,
						0.92,
						829.916,
						732.743,
						0.9,
						855.682,
						833.216,
						0.93,
						829.056,
						844.756,
						0.84
					],
					"area": 17122.002,
					"b_score": 0.969,
					"object_id": 0
				}
			]
		},
		{
			"frame_num": 66,
			"objects": [
				{
					"category_id": 1,
					"bbox": [
						700.0,
						512.09,
						207.22,
						369.55
					],
					"score": 0.693,
					"keypoints": [
						797.316,
						544.095,
						0.88,
						799.014,
						537.083,
						0.67,
						787.074,
						536.293,
						0.87,
						0.0,
						0.0,
						0.0,
						759.545,
						547.714,
						0.91,
						790.183,
						605.97,
						0.69,
						743.011,
						598.186,
						0.83,
						794.506,
						660.064,
						0.6,
						715.335,
						666.652,
						0.82,
						828.982,
						671.797,
						0.77,
						765.702,
						682.374,
						0.74,
						786.093,
						715.076,
						0.53,
						746.791,
						716.976,
						0.53,
						854.01,
						731.539,
						0.85,
						829.421,
						732.994,
						0.82,
						855.622,
						833.373,
						0.83,
						828.83,
						842.826,
						0.79
					],
					"area": 17210.335,
					"b_score": 0.97,
					"object_id": 0
				}
			]
		},
		{
			"frame_num": 67,
			"objects": [
				{
					"category_id": 1,
					"bbox": [
						700.55,
						512.9,
						206.96,
						368.38
					],
					"score": 0.765,
					"keypoints": [
						795.775,
						544.67,
						0.97,
						796.482,
						537.383,
						0.68,
						784.827,
						536.927,
						0.98,
						0.0,
						0.0,
						0.0,
						757.644,
						548.378,
						1.0,
						788.319,
						606.317,
						0.76,
						741.874,
						598.609,
						0.95,
						792.491,
						660.283,
						0.69,
						714.712,
						667.504,
						1.0,
						826.621,
						671.979,
						0.82,
						764.424,
						688.599,
						0.82,
						784.603,
						716.414,
						0.58,
						745.793,
						717.51,
						0.59,
						853.239,
						730.826,
						0.91,
						829.248,
						733.189,
						0.87,
						855.738,
						833.341,
						0.86,
						828.904,
						841.792,
						0.82
					],
					"area": 17134.907,
					"b_score": 0.972,
					"object_id": 0
				}
			]
		},
		{
			"frame_num": 68,
			"objects": [
				{
					"category_id": 1,
					"bbox": [
						702.37,
						513.37,
						205.28,
						367.29
					],
					"score": 0.758,
					"keypoints": [
						795.605,
						545.167,
						0.96,
						795.922,
						537.723,
						0.57,
						784.372,
						537.466,
						0.98,
						0.0,
						0.0,
						0.0,
						757.401,
						548.92,
						1.0,
						788.037,
						605.259,
						0.74,
						741.877,
						600.575,
						0.95,
						792.049,
						660.432,
						0.7,
						714.872,
						667.916,
						0.99,
						826.276,
						674.149,
						0.82,
						764.689,
						690.446,
						0.85,
						784.309,
						715.516,
						0.6,
						747.358,
						717.75,
						0.59,
						853.086,
						728.721,
						0.92,
						829.486,
						733.249,
						0.87,
						856.235,
						833.079,
						0.86,
						829.404,
						838.701,
						0.81
					],
					"area": 16945.357,
					"b_score": 0.97,
					"object_id": 0
				}
			]
		},
		{
			"frame_num": 69,
			"objects": [
				{
					"category_id": 1,
					"bbox": [
						702.2,
						513.31,
						206.17,
						366.72
					],
					"score": 0.756,
					"keypoints": [
						795.669,
						545.415,
						0.95,
						795.82,
						537.887,
						0.54,
						784.319,
						537.742,
						0.98,
						0.0,
						0.0,
						0.0,
						757.468,
						549.196,
						1.0,
						788.065,
						604.49,
						0.74,
						742.053,
						601.644,
						0.95,
						791.98,
						660.412,
						0.71,
						715.13,
						667.967,
						0.98,
						826.284,
						674.988,
						0.86,
						764.989,
						690.777,
						0.82,
						784.291,
						716.417,
						0.6,
						748.369,
						717.72,
						0.58,
						853.065,
						727.283,
						0.93,
						829.717,
						733.147,
						0.86,
						858.813,
						832.655,
						0.88,
						829.772,
						837.11,
						0.81
					],
					"area": 16992.538,
					"b_score": 0.969,
					"object_id": 0
				}
			]
		},
		{
			"frame_num": 70,
			"objects": [
				{
					"category_id": 1,
					"bbox": [
						702.68,
						514.36,
						204.5,
						365.0
					],
					"score": 0.751,
					"keypoints": [
						795.545,
						544.437,
						0.95,
						795.613,
						538.36,
						0.52,
						784.167,
						538.29,
						0.99,
						0.0,
						0.0,
						0.0,
						757.434,
						549.718,
						1.0,
						787.94,
						605.56,
						0.75,
						742.116,
						602.532,
						0.94,
						791.805,
						660.536,
						0.7,
						715.309,
						668.152,
						0.96,
						826.025,
						675.526,
						0.88,
						767.424,
						691.027,
						0.82,
						784.17,
						715.445,
						0.6,
						748.922,
						717.741,
						0.56,
						852.832,
						726.473,
						0.93,
						831.001,
						733.088,
						0.87,
						859.54,
						832.212,
						0.87,
						829.703,
						836.213,
						0.79
					],
					"area": 16775.453,
					"b_score": 0.967,
					"object_id": 0
				}
			]
		},
		{
			"frame_num": 71,
			"objects": [
				{
					"category_id": 1,
					"bbox": [
						702.93,
						513.61,
						203.76,
						365.9
					],
					"score": 0.762,
					"keypoints": [
						795.415,
						543.608,
						0.98,
						795.444,
						538.368,
						0.5,
						784.01,
						538.327,
						1.0,
						0.0,
						0.0,
						0.0,
						757.302,
						549.755,
						1.0,
						787.801,
						606.078,
						0.78,
						740.234,
						602.808,
						0.94,
						791.646,
						660.466,
						0.68,
						715.282,
						669.92,
						0.94,
						825.878,
						675.561,
						0.91,
						768.164,
						693.417,
						0.79,
						784.029,
						716.283,
						0.59,
						747.645,
						717.65,
						0.54,
						852.687,
						725.906,
						0.96,
						830.498,
						732.971,
						0.92,
						857.78,
						832.023,
						0.93,
						829.64,
						838.063,
						0.83
					],
					"area": 16756.141,
					"b_score": 0.967,
					"object_id": 0
				}
			]
		},
		{
			"frame_num": 72,
			"objects": [
				{
					"category_id": 1,
					"bbox": [
						704.53,
						513.89,
						200.44,
						363.88
					],
					"score": 0.789,
					"keypoints": [
						795.351,
						543.146,
						1.0,
						795.363,
						537.038,
						0.6,
						783.956,
						536.965,
						1.0,
						0.0,
						0.0,
						0.0,
						759.118,
						549.813,
						1.0,
						789.537,
						606.326,
						0.82,
						741.126,
						602.876,
						0.97,
						793.281,
						660.232,
						0.66,
						716.806,
						670.537,
						0.94,
						825.72,
						677.425,
						0.87,
						773.628,
						693.754,
						0.8,
						783.973,
						716.442,
						0.64,
						748.467,
						717.26,
						0.56,
						853.838,
						725.203,
						1.0,
						831.441,
						732.562,
						0.97,
						856.824,
						831.128,
						0.94,
						831.608,
						835.762,
						0.87
					],
					"area": 16392.508,
					"b_score": 0.966,
					"object_id": 0
				}
			]
		},
		{
			"frame_num": 73,
			"objects": [
				{
					"category_id": 1,
					"bbox": [
						705.53,
						513.69,
						198.36,
						363.8
					],
					"score": 0.773,
					"keypoints": [
						797.014,
						542.782,
						1.0,
						797.085,
						536.162,
						0.56,
						785.657,
						536.084,
						1.0,
						0.0,
						0.0,
						0.0,
						760.028,
						549.765,
						1.0,
						790.402,
						607.867,
						0.82,
						741.592,
						602.82,
						0.97,
						794.128,
						661.442,
						0.64,
						719.156,
						672.593,
						0.87,
						825.63,
						680.426,
						0.98,
						780.872,
						698.837,
						0.75,
						785.473,
						718.013,
						0.62,
						748.952,
						718.481,
						0.55,
						854.54,
						727.668,
						0.99,
						832.055,
						733.535,
						0.94,
						856.323,
						834.785,
						0.91,
						832.474,
						838.732,
						0.87
					],
					"area": 16218.335,
					"b_score": 0.966,
					"object_id": 0
				}
			]
		},
		{
			"frame_num": 74,
			"objects": [
				{
					"category_id": 1,
					"bbox": [
						706.28,
						512.91,
						196.6,
						364.2
					],
					"score": 0.775,
					"keypoints": [
						797.829,
						543.65,
						1.0,
						797.9,
						535.319,
						0.62,
						786.471,
						536.633,
						1.0,
						0.0,
						0.0,
						0.0,
						760.432,
						549.452,
						1.0,
						790.797,
						608.566,
						0.82,
						741.758,
						602.518,
						0.98,
						796.035,
						663.533,
						0.69,
						722.262,
						675.257,
						0.87,
						825.525,
						683.687,
						0.94,
						782.859,
						700.081,
						0.75,
						786.264,
						717.163,
						0.61,
						750.473,
						718.971,
						0.55,
						854.981,
						728.894,
						0.96,
						832.411,
						733.999,
						0.94,
						856.041,
						836.22,
						0.91,
						832.787,
						839.981,
						0.87
					],
					"area": 16092.292,
					"b_score": 0.965,
					"object_id": 0
				}
			]
		},
		{
			"frame_num": 75,
			"objects": [
				{
					"category_id": 1,
					"bbox": [
						706.68,
						512.59,
						193.47,
						364.6
					],
					"score": 0.755,
					"keypoints": [
						797.782,
						542.755,
						0.99,
						797.82,
						534.65,
						0.66,
						786.41,
						535.537,
						1.0,
						0.0,
						0.0,
						0.0,
						760.132,
						549.159,
						1.0,
						790.502,
						608.909,
						0.76,
						741.328,
						602.251,
						0.95,
						795.175,
						663.165,
						0.67,
						723.64,
						676.519,
						0.88,
						822.527,
						687.32,
						0.92,
						785.278,
						700.406,
						0.7,
						786.289,
						718.141,
						0.59,
						749.717,
						719.217,
						0.53,
						856.291,
						731.029,
						0.89,
						833.67,
						734.275,
						0.94,
						857.332,
						836.848,
						0.88,
						832.304,
						842.848,
						0.83
					],
					"area": 15853.402,
					"b_score": 0.964,
					"object_id": 0
				}
			]
		},
		{
			"frame_num": 76,
			"objects": [
				{
					"category_id": 1,
					"bbox": [
						707.3,
						511.58,
						190.6,
						364.62
					],
					"score": 0.738,
					"keypoints": [
						797.407,
						543.149,
						0.96,
						799.035,
						533.832,
						0.71,
						786.022,
						534.435,
						0.96,
						0.0,
						0.0,
						0.0,
						761.203,
						548.617,
						1.0,
						791.583,
						608.728,
						0.74,
						742.305,
						601.712,
						0.93,
						794.324,
						664.075,
						0.67,
						725.776,
						676.656,
						0.8,
						820.796,
						690.455,
						0.91,
						785.435,
						699.894,
						0.69,
						785.988,
						716.856,
						0.58,
						750.273,
						718.962,
						0.5,
						856.813,
						732.064,
						0.9,
						834.141,
						734.097,
						0.93,
						855.465,
						836.552,
						0.88,
						831.667,
						841.367,
						0.82
					],
					"area": 15618.9,
					"b_score": 0.963,
					"object_id": 0
				}
			]
		},
		{
			"frame_num": 77,
			"objects": [
				{
					"category_id": 1,
					"bbox": [
						707.65,
						509.11,
						186.65,
						371.08
					],
					"score": 0.754,
					"keypoints": [
						799.544,
						541.301,
						0.99,
						800.561,
						532.475,
						0.78,
						788.119,
						532.882,
						1.0,
						0.0,
						0.0,
						0.0,
						762.396,
						547.658,
						1.0,
						792.978,
						606.994,
						0.75,
						743.318,
						599.774,
						0.96,
						794.664,
						663.19,
						0.65,
						727.418,
						675.148,
						0.91,
						821.632,
						691.957,
						0.87,
						786.777,
						697.965,
						0.72,
						786.532,
						715.17,
						0.6,
						751.123,
						717.806,
						0.54,
						858.437,
						731.807,
						0.89,
						835.568,
						733.135,
						0.92,
						856.269,
						834.087,
						0.86,
						832.852,
						840.454,
						0.81
					],
					"area": 15566.357,
					"b_score": 0.961,
					"object_id": 0
				}
			]
		},
		{
			"frame_num": 78,
			"objects": [
				{
					"category_id": 1,
					"bbox": [
						708.26,
						508.65,
						185.54,
						371.58
					],
					"score": 0.756,
					"keypoints": [
						800.791,
						539.907,
						1.0,
						801.464,
						531.457,
						0.83,
						789.325,
						531.719,
						1.0,
						0.0,
						0.0,
						0.0,
						763.099,
						545.336,
						1.0,
						793.812,
						605.737,
						0.75,
						743.913,
						598.289,
						0.96,
						794.883,
						662.573,
						0.61,
						728.312,
						674.262,
						0.91,
						819.718,
						692.316,
						0.88,
						787.237,
						697.085,
						0.71,
						786.879,
						713.983,
						0.6,
						751.682,
						717.052,
						0.54,
						859.489,
						731.589,
						0.88,
						836.48,
						732.435,
						0.91,
						856.726,
						834.936,
						0.85,
						833.449,
						840.006,
						0.81
					],
					"area": 15494.546,
					"b_score": 0.962,
					"object_id": 0
				}
			]
		}
	],
	"categories": [
		{
			"supercategory": "person",
			"id": 1,
			"name": "person",
			"keypoints": [
				"nose",
				"left_eye",
				"right_eye",
				"left_ear",
				"right_ear",
				"left_shoulder",
				"right_shoulder",
				"left_elbow",
				"right_elbow",
				"left_wrist",
				"right_wrist",
				"left_hip",
				"right_hip",
				"left_knee",
				"right_knee",
				"left_ankle",
				"right_ankle"
			],
			"skeleton": [
				[
					0,
					1
				],
				[
					0,
					2
				],
				[
					1,
					3
				],
				[
					2,
					4
				],
				[
					0,
					5
				],
				[
					0,
					6
				],
				[
					5,
					7
				],
				[
					6,
					8
				],
				[
					7,
					9
				],
				[
					8,
					10
				],
				[
					5,
					11
				],
				[
					6,
					12
				],
				[
					11,
					13
				],
				[
					12,
					14
				],
				[
					13,
					15
				],
				[
					14,
					16
				]
			]
		}
	]
}