{
	"info": {
		"description": "2D pose estimation outputs from Hawaii 2D Pose (based on MultiPoseNet)",
		"url": "",
		"version": "191128",
		"year": 2020,
		"contributor": "KakaoBrain-HumanCV",
		"date_created": "2020-01-15 19:50:48"
	},
	"video": {
		"path": "S014C001P039R002A008_rgb.avi",
		"width": 1920,
		"height": 1080,
		"original_length": 82,
		"fps": 30.0
	},
	"annotations": [
		{
			"frame_num": 0,
			"objects": [
				{
					"category_id": 1,
					"bbox": [
						922.28,
						250.93,
						131.27,
						461.47
					],
					"score": 0.805,
					"keypoints": [
						1014.35,
						315.83,
						1.0,
						1019.15,
						306.21,
						1.0,
						1004.73,
						306.21,
						0.98,
						1009.54,
						296.6,
						0.01,
						975.89,
						306.21,
						1.0,
						1014.35,
						344.67,
						0.9,
						951.86,
						368.71,
						0.99,
						1023.96,
						421.58,
						0.76,
						942.24,
						440.81,
						1.0,
						1048.0,
						479.27,
						0.68,
						956.66,
						508.11,
						1.0,
						1019.15,
						493.69,
						0.8,
						975.89,
						498.49,
						0.8,
						999.93,
						580.21,
						1.0,
						966.28,
						589.83,
						0.96,
						985.51,
						657.12,
						1.0,
						966.28,
						671.54,
						0.99
					],
					"area": 13613.946,
					"b_score": 0.903,
					"object_id": 0
				}
			]
		},
		{
			"frame_num": 1,
			"objects": [
				{
					"category_id": 1,
					"bbox": [
						926.11,
						250.46,
						132.12,
						461.95
					],
					"score": 0.796,
					"keypoints": [
						1014.17,
						315.688,
						1.0,
						1018.973,
						306.065,
						0.99,
						1004.546,
						306.065,
						0.99,
						1009.356,
						296.451,
						0.01,
						975.696,
						306.065,
						1.0,
						1014.17,
						344.538,
						0.94,
						951.655,
						368.585,
						0.95,
						1021.959,
						421.476,
						0.8,
						943.8,
						440.713,
						0.99,
						1044.969,
						479.141,
						0.79,
						959.039,
						508.002,
						0.99,
						1018.973,
						493.611,
						0.83,
						975.696,
						498.414,
						0.79,
						999.743,
						580.165,
						1.0,
						967.848,
						587.983,
						0.98,
						985.22,
						657.094,
						1.0,
						965.984,
						671.52,
						0.98
					],
					"area": 13717.125,
					"b_score": 0.89,
					"object_id": 0
				}
			]
		},
		{
			"frame_num": 2,
			"objects": [
				{
					"category_id": 1,
					"bbox": [
						922.05,
						251.26,
						130.86,
						460.25
					],
					"score": 0.789,
					"keypoints": [
						1014.058,
						315.792,
						1.0,
						1018.857,
						306.18,
						0.95,
						1004.446,
						306.18,
						0.97,
						1009.249,
						294.797,
						0.01,
						975.624,
						306.18,
						1.0,
						1014.058,
						344.611,
						0.92,
						951.608,
						368.632,
						0.97,
						1022.495,
						421.471,
						0.75,
						943.134,
						440.688,
						1.0,
						1043.587,
						479.063,
						0.74,
						957.616,
						507.877,
						1.0,
						1018.857,
						493.531,
						0.8,
						973.811,
						498.33,
						0.79,
						999.644,
						579.993,
						1.0,
						968.943,
						586.609,
						0.97,
						985.147,
						656.722,
						1.0,
						965.941,
						671.123,
						0.98
					],
					"area": 13536.357,
					"b_score": 0.89,
					"object_id": 0
				}
			]
		},
		{
			"frame_num": 3,
			"objects": [
				{
					"category_id": 1,
					"bbox": [
						926.49,
						250.21,
						133.68,
						462.54
					],
					"score": 0.717,
					"keypoints": [
						1014.387,
						315.607,
						0.96,
						1017.427,
						305.985,
						0.86,
						1004.765,
						305.985,
						0.87,
						1011.407,
						293.378,
						0.01,
						975.916,
						305.985,
						0.93,
						1014.387,
						344.458,
						0.85,
						951.874,
						368.503,
						0.89,
						1023.248,
						421.394,
						0.71,
						944.821,
						442.415,
						0.93,
						1043.777,
						479.067,
						0.73,
						957.397,
						507.93,
						0.92,
						1019.193,
						493.53,
						0.72,
						972.976,
						498.333,
						0.72,
						999.96,
						580.082,
						0.95,
						970.013,
						586.0,
						0.9,
						985.64,
						657.038,
						0.94,
						966.4,
						668.775,
						0.9
					],
					"area": 13896.475,
					"b_score": 0.883,
					"object_id": 0
				}
			]
		},
		{
			"frame_num": 4,
			"objects": [
				{
					"category_id": 1,
					"bbox": [
						926.39,
						250.01,
						133.96,
						462.91
					],
					"score": 0.713,
					"keypoints": [
						1014.625,
						315.429,
						0.96,
						1016.525,
						305.801,
						0.87,
						1004.994,
						305.801,
						0.87,
						1012.845,
						292.423,
						0.01,
						976.116,
						305.801,
						0.94,
						1014.625,
						344.308,
						0.86,
						952.05,
						368.376,
						0.88,
						1023.756,
						421.32,
						0.7,
						945.898,
						441.722,
						0.93,
						1043.902,
						479.058,
						0.75,
						957.301,
						507.956,
						0.92,
						1019.437,
						493.523,
						0.72,
						972.467,
						498.336,
						0.72,
						1000.183,
						580.16,
						0.95,
						970.676,
						585.656,
						0.91,
						985.901,
						657.256,
						0.94,
						966.635,
						667.812,
						0.9
					],
					"area": 13936.476,
					"b_score": 0.877,
					"object_id": 0
				}
			]
		},
		{
			"frame_num": 5,
			"objects": [
				{
					"category_id": 1,
					"bbox": [
						926.76,
						250.0,
						132.69,
						462.76
					],
					"score": 0.714,
					"keypoints": [
						1014.687,
						315.307,
						0.96,
						1015.854,
						305.674,
						0.87,
						1005.052,
						305.674,
						0.88,
						1013.625,
						291.837,
						0.01,
						976.159,
						305.674,
						0.93,
						1014.687,
						344.2,
						0.85,
						952.078,
						368.279,
						0.89,
						1023.997,
						421.254,
						0.7,
						946.458,
						443.042,
						0.93,
						1043.801,
						479.013,
						0.75,
						957.125,
						507.922,
						0.92,
						1019.501,
						493.491,
						0.72,
						972.057,
						498.306,
						0.72,
						1000.238,
						580.174,
						0.95,
						970.973,
						585.405,
						0.91,
						985.89,
						657.289,
						0.94,
						966.617,
						667.329,
						0.91
					],
					"area": 13800.356,
					"b_score": 0.878,
					"object_id": 0
				}
			]
		},
		{
			"frame_num": 6,
			"objects": [
				{
					"category_id": 1,
					"bbox": [
						927.1,
						249.67,
						133.07,
						463.38
					],
					"score": 0.708,
					"keypoints": [
						1014.925,
						315.138,
						0.95,
						1015.662,
						305.499,
						0.86,
						1005.284,
						305.499,
						0.87,
						1012.459,
						293.23,
						0.01,
						976.364,
						305.499,
						0.93,
						1014.925,
						344.055,
						0.84,
						952.265,
						368.156,
						0.89,
						1024.359,
						421.172,
						0.71,
						946.985,
						443.858,
						0.93,
						1044.082,
						478.98,
						0.74,
						957.286,
						507.916,
						0.92,
						1019.745,
						493.47,
						0.72,
						972.004,
						498.287,
						0.72,
						1000.465,
						580.221,
						0.94,
						971.351,
						585.301,
						0.91,
						986.158,
						657.419,
						0.94,
						966.865,
						667.25,
						0.91
					],
					"area": 13858.64,
					"b_score": 0.874,
					"object_id": 0
				}
			]
		},
		{
			"frame_num": 7,
			"objects": [
				{
					"category_id": 1,
					"bbox": [
						927.17,
						250.02,
						134.08,
						463.26
					],
					"score": 0.708,
					"keypoints": [
						1015.285,
						315.149,
						0.95,
						1015.765,
						305.506,
						0.87,
						1005.638,
						305.506,
						0.86,
						1011.962,
						294.173,
						0.01,
						974.967,
						305.506,
						0.94,
						1015.285,
						344.078,
						0.84,
						952.594,
						368.189,
						0.88,
						1024.803,
						421.227,
						0.72,
						947.542,
						444.484,
						0.94,
						1044.502,
						479.113,
						0.76,
						957.669,
						508.057,
						0.92,
						1020.106,
						493.556,
						0.72,
						972.189,
						498.374,
						0.72,
						1000.818,
						580.345,
						0.94,
						971.807,
						585.339,
						0.9,
						986.591,
						657.613,
						0.94,
						967.293,
						667.356,
						0.91
					],
					"area": 13960.383,
					"b_score": 0.872,
					"object_id": 0
				}
			]
		},
		{
			"frame_num": 8,
			"objects": [
				{
					"category_id": 1,
					"bbox": [
						926.84,
						250.18,
						134.87,
						462.65
					],
					"score": 0.707,
					"keypoints": [
						1015.533,
						315.181,
						0.95,
						1015.842,
						305.539,
						0.86,
						1005.888,
						305.539,
						0.86,
						1011.671,
						294.791,
						0.01,
						975.807,
						305.539,
						0.93,
						1015.533,
						344.107,
						0.84,
						952.855,
						368.21,
						0.89,
						1025.099,
						421.242,
						0.71,
						947.927,
						444.827,
						0.94,
						1044.699,
						479.106,
						0.74,
						957.916,
						508.033,
						0.92,
						1020.353,
						493.554,
						0.72,
						972.34,
						498.373,
						0.72,
						1001.068,
						580.33,
						0.95,
						972.12,
						585.255,
						0.89,
						986.836,
						657.508,
						0.94,
						967.553,
						667.187,
						0.9
					],
					"area": 14024.068,
					"b_score": 0.874,
					"object_id": 0
				}
			]
		},
		{
			"frame_num": 9,
			"objects": [
				{
					"category_id": 1,
					"bbox": [
						926.91,
						250.1,
						133.75,
						462.87
					],
					"score": 0.704,
					"keypoints": [
						1015.518,
						315.184,
						0.94,
						1015.71,
						305.543,
						0.86,
						1005.871,
						305.543,
						0.86,
						1011.316,
						295.178,
						0.01,
						974.444,
						305.543,
						0.93,
						1015.518,
						344.111,
						0.84,
						952.839,
						368.217,
						0.88,
						1025.11,
						421.248,
						0.69,
						947.948,
						445.039,
						0.95,
						1044.553,
						479.113,
						0.73,
						957.768,
						508.042,
						0.92,
						1020.338,
						493.566,
						0.71,
						972.246,
						498.385,
						0.72,
						1001.051,
						580.344,
						0.94,
						972.108,
						585.234,
						0.89,
						986.691,
						657.514,
						0.94,
						967.404,
						667.172,
						0.9
					],
					"area": 13914.144,
					"b_score": 0.873,
					"object_id": 0
				}
			]
		},
		{
			"frame_num": 10,
			"objects": [
				{
					"category_id": 1,
					"bbox": [
						927.06,
						250.22,
						132.94,
						462.51
					],
					"score": 0.703,
					"keypoints": [
						1015.411,
						315.211,
						0.94,
						1015.525,
						305.57,
						0.86,
						1005.767,
						305.57,
						0.87,
						1011.0,
						295.465,
						0.01,
						973.463,
						305.57,
						0.93,
						1015.411,
						344.128,
						0.85,
						952.747,
						368.229,
						0.88,
						1025.016,
						421.249,
						0.69,
						947.878,
						445.155,
						0.94,
						1044.326,
						479.086,
						0.72,
						957.579,
						508.005,
						0.92,
						1020.228,
						493.55,
						0.72,
						972.102,
						498.37,
						0.72,
						1000.947,
						580.308,
						0.94,
						972.012,
						585.168,
						0.9,
						986.493,
						657.414,
						0.95,
						967.215,
						667.057,
						0.9
					],
					"area": 13819.227,
					"b_score": 0.87,
					"object_id": 0
				}
			]
		},
		{
			"frame_num": 11,
			"objects": [
				{
					"category_id": 1,
					"bbox": [
						927.28,
						250.24,
						131.34,
						462.49
					],
					"score": 0.736,
					"keypoints": [
						1013.36,
						315.231,
						1.0,
						1015.186,
						305.594,
						0.9,
						1005.498,
						305.594,
						0.9,
						1010.587,
						295.655,
						0.01,
						972.61,
						305.594,
						0.97,
						1013.36,
						344.146,
						0.89,
						952.486,
						368.243,
						0.91,
						1022.998,
						421.253,
						0.73,
						947.614,
						445.23,
						0.94,
						1043.907,
						479.078,
						0.78,
						957.184,
						507.992,
						0.95,
						1018.174,
						493.54,
						0.76,
						971.789,
						498.36,
						0.76,
						1000.679,
						580.284,
						1.0,
						971.729,
						585.128,
						0.93,
						986.1,
						657.366,
						1.0,
						964.042,
						667.005,
						0.94
					],
					"area": 13651.933,
					"b_score": 0.872,
					"object_id": 0
				}
			]
		},
		{
			"frame_num": 12,
			"objects": [
				{
					"category_id": 1,
					"bbox": [
						927.14,
						249.67,
						131.37,
						463.29
					],
					"score": 0.746,
					"keypoints": [
						1011.955,
						315.087,
						1.0,
						1014.941,
						305.442,
						0.92,
						1005.288,
						305.442,
						0.92,
						1008.401,
						295.604,
						0.01,
						972.02,
						305.442,
						0.97,
						1011.955,
						344.015,
						0.89,
						952.254,
						368.123,
						0.9,
						1021.612,
						421.161,
						0.75,
						947.376,
						445.188,
						0.94,
						1043.69,
						478.986,
						0.81,
						956.893,
						507.919,
						0.95,
						1018.602,
						493.485,
						0.77,
						971.533,
						498.304,
						0.75,
						1000.468,
						580.269,
						1.0,
						971.498,
						585.106,
						0.93,
						985.835,
						657.414,
						1.0,
						962.53,
						667.061,
						0.94
					],
					"area": 13678.675,
					"b_score": 0.876,
					"object_id": 0
				}
			]
		},
		{
			"frame_num": 13,
			"objects": [
				{
					"category_id": 1,
					"bbox": [
						926.54,
						249.54,
						133.78,
						462.98
					],
					"score": 0.707,
					"keypoints": [
						1013.109,
						314.929,
						0.93,
						1015.012,
						305.286,
						0.88,
						1005.355,
						305.286,
						0.88,
						1009.105,
						295.515,
						0.01,
						971.907,
						305.286,
						0.93,
						1013.109,
						343.862,
						0.85,
						952.314,
						366.125,
						0.88,
						1020.967,
						421.014,
						0.68,
						947.464,
						443.404,
						0.93,
						1043.89,
						478.796,
						0.69,
						957.083,
						507.728,
						0.92,
						1019.071,
						493.344,
						0.71,
						971.607,
						498.167,
						0.73,
						1000.535,
						580.138,
						0.95,
						971.584,
						584.962,
						0.92,
						986.018,
						657.232,
						0.94,
						964.831,
						666.868,
						0.9
					],
					"area": 13919.973,
					"b_score": 0.875,
					"object_id": 0
				}
			]
		},
		{
			"frame_num": 14,
			"objects": [
				{
					"category_id": 1,
					"bbox": [
						925.38,
						249.5,
						136.02,
						463.12
					],
					"score": 0.709,
					"keypoints": [
						1012.039,
						314.823,
						0.93,
						1015.045,
						305.178,
						0.88,
						1005.388,
						305.178,
						0.88,
						1009.528,
						295.45,
						0.01,
						971.819,
						305.178,
						0.94,
						1013.805,
						343.762,
						0.85,
						952.341,
						364.839,
						0.88,
						1020.563,
						420.925,
						0.67,
						945.835,
						442.192,
						0.95,
						1043.973,
						478.72,
						0.73,
						957.149,
						504.889,
						0.9,
						1017.595,
						493.266,
						0.72,
						971.634,
						498.091,
						0.75,
						1000.568,
						580.076,
						0.94,
						971.62,
						584.894,
						0.93,
						986.09,
						657.185,
						0.94,
						965.896,
						666.827,
						0.89
					],
					"area": 14157.437,
					"b_score": 0.874,
					"object_id": 0
				}
			]
		},
		{
			"frame_num": 15,
			"objects": [
				{
					"category_id": 1,
					"bbox": [
						923.1,
						249.08,
						137.64,
						464.15
					],
					"score": 0.716,
					"keypoints": [
						1010.78,
						314.655,
						0.93,
						1014.53,
						305.0,
						0.89,
						1004.906,
						305.0,
						0.88,
						1009.279,
						295.298,
						0.01,
						971.167,
						305.0,
						0.94,
						1013.761,
						343.62,
						0.85,
						951.806,
						363.978,
						0.88,
						1019.747,
						420.853,
						0.69,
						942.027,
						441.396,
						0.94,
						1043.287,
						475.963,
						0.71,
						953.451,
						503.736,
						0.92,
						1016.063,
						493.257,
						0.74,
						971.08,
						498.087,
						0.75,
						1000.079,
						580.143,
						0.94,
						971.096,
						584.97,
						0.92,
						985.338,
						657.414,
						0.94,
						965.604,
						667.074,
						0.89
					],
					"area": 14357.76,
					"b_score": 0.88,
					"object_id": 0
				}
			]
		},
		{
			"frame_num": 16,
			"objects": [
				{
					"category_id": 1,
					"bbox": [
						922.37,
						248.49,
						136.87,
						464.44
					],
					"score": 0.793,
					"keypoints": [
						1011.458,
						314.351,
						1.0,
						1015.558,
						304.687,
						0.98,
						1004.182,
						304.687,
						0.98,
						1010.422,
						293.162,
						0.01,
						972.176,
						304.687,
						1.0,
						1013.337,
						343.336,
						0.93,
						951.032,
						365.135,
						0.96,
						1020.694,
						420.635,
						0.77,
						941.208,
						442.465,
						0.99,
						1044.961,
						474.493,
						0.76,
						951.16,
						505.646,
						1.0,
						1016.574,
						493.1,
						0.82,
						970.291,
						497.934,
						0.81,
						1001.084,
						580.055,
						1.0,
						970.384,
						584.882,
						1.0,
						986.964,
						657.355,
						1.0,
						967.505,
						667.02,
						1.0
					],
					"area": 14286.299,
					"b_score": 0.882,
					"object_id": 0
				}
			]
		},
		{
			"frame_num": 17,
			"objects": [
				{
					"category_id": 1,
					"bbox": [
						917.18,
						248.8,
						140.69,
						464.97
					],
					"score": 0.806,
					"keypoints": [
						1010.629,
						314.289,
						1.0,
						1015.049,
						304.619,
						0.96,
						1004.285,
						304.619,
						0.96,
						1010.039,
						291.912,
						0.01,
						973.31,
						304.619,
						1.0,
						1013.625,
						343.302,
						0.92,
						951.093,
						365.98,
						0.97,
						1020.042,
						418.828,
						0.76,
						939.284,
						443.342,
						0.98,
						1044.061,
						474.219,
						0.78,
						944.741,
						506.834,
						1.0,
						1015.633,
						493.201,
						0.82,
						970.397,
						498.041,
						0.82,
						1000.581,
						580.233,
						1.0,
						970.448,
						585.076,
						1.0,
						986.002,
						657.728,
						1.0,
						966.569,
						670.191,
						0.97
					],
					"area": 14702.281,
					"b_score": 0.903,
					"object_id": 0
				}
			]
		},
		{
			"frame_num": 18,
			"objects": [
				{
					"category_id": 1,
					"bbox": [
						911.36,
						250.1,
						144.55,
						463.11
					],
					"score": 0.794,
					"keypoints": [
						1010.452,
						314.617,
						1.0,
						1015.027,
						303.144,
						0.93,
						1002.858,
						304.955,
						0.94,
						1010.084,
						289.563,
						0.01,
						972.686,
						304.955,
						0.98,
						1012.344,
						343.603,
						0.9,
						949.709,
						366.778,
						0.95,
						1019.957,
						417.928,
						0.73,
						934.072,
						442.39,
						1.0,
						1041.229,
						474.327,
						0.75,
						936.375,
						504.94,
						1.0,
						1013.365,
						493.377,
						0.8,
						968.95,
						498.209,
						0.82,
						1000.56,
						580.339,
						1.0,
						969.099,
						585.182,
						1.0,
						983.279,
						657.729,
						1.0,
						963.998,
						668.708,
						0.95
					],
					"area": 15045.458,
					"b_score": 0.911,
					"object_id": 0
				}
			]
		},
		{
			"frame_num": 19,
			"objects": [
				{
					"category_id": 1,
					"bbox": [
						906.77,
						250.33,
						149.72,
						463.55
					],
					"score": 0.84,
					"keypoints": [
						1011.396,
						314.929,
						1.0,
						1015.995,
						304.127,
						0.97,
						1004.693,
						305.268,
						1.0,
						1009.407,
						288.279,
						0.01,
						973.28,
						305.268,
						1.0,
						1012.59,
						343.909,
						0.96,
						949.908,
						367.43,
						1.0,
						1020.942,
						417.532,
						0.86,
						930.154,
						439.995,
						1.0,
						1038.783,
						474.622,
						0.9,
						928.82,
						504.327,
						1.0,
						1013.223,
						491.889,
						0.87,
						969.187,
						498.488,
						0.82,
						999.839,
						580.603,
						1.0,
						969.265,
						585.442,
						1.0,
						983.699,
						658.056,
						1.0,
						964.393,
						671.066,
						1.0
					],
					"area": 15597.972,
					"b_score": 0.908,
					"object_id": 0
				}
			]
		},
		{
			"frame_num": 20,
			"objects": [
				{
					"category_id": 1,
					"bbox": [
						902.73,
						250.77,
						153.88,
						462.96
					],
					"score": 0.793,
					"keypoints": [
						1012.949,
						315.256,
						1.0,
						1015.942,
						304.857,
						0.96,
						1005.222,
						305.602,
						0.97,
						1009.962,
						289.675,
						0.01,
						974.729,
						305.602,
						0.96,
						1013.713,
						344.223,
						0.91,
						951.046,
						367.968,
						0.94,
						1022.551,
						417.383,
						0.85,
						929.609,
						438.558,
						0.96,
						1039.456,
						474.838,
						0.84,
						925.446,
						504.12,
						0.91,
						1012.301,
						490.971,
						0.81,
						970.374,
						496.96,
						0.77,
						1000.366,
						580.782,
						1.0,
						970.369,
						585.612,
						0.95,
						985.352,
						658.168,
						1.0,
						963.507,
						672.034,
						0.93
					],
					"area": 16010.574,
					"b_score": 0.91,
					"object_id": 0
				}
			]
		},
		{
			"frame_num": 21,
			"objects": [
				{
					"category_id": 1,
					"bbox": [
						900.0,
						251.68,
						156.27,
						462.04
					],
					"score": 0.806,
					"keypoints": [
						1013.406,
						315.756,
						1.0,
						1017.068,
						305.627,
						0.98,
						1005.009,
						306.111,
						0.98,
						1009.773,
						292.387,
						0.01,
						975.097,
						306.111,
						0.97,
						1013.893,
						346.579,
						0.89,
						951.259,
						368.57,
						0.93,
						1023.024,
						415.552,
						0.92,
						926.194,
						437.915,
						0.95,
						1038.787,
						472.416,
						0.9,
						919.915,
						501.423,
						0.98,
						1011.077,
						490.568,
						0.85,
						970.571,
						496.123,
						0.78,
						1000.166,
						579.256,
						1.0,
						970.563,
						584.027,
						0.95,
						985.356,
						658.28,
						1.0,
						964.842,
						669.925,
						0.95
					],
					"area": 16227.933,
					"b_score": 0.907,
					"object_id": 0
				}
			]
		},
		{
			"frame_num": 22,
			"objects": [
				{
					"category_id": 1,
					"bbox": [
						895.88,
						250.26,
						160.24,
						466.13
					],
					"score": 0.841,
					"keypoints": [
						1013.058,
						317.644,
						1.0,
						1015.411,
						305.795,
						0.97,
						1004.192,
						307.972,
						1.0,
						1008.97,
						293.836,
						0.01,
						974.553,
						307.972,
						1.0,
						1013.376,
						347.863,
						0.91,
						948.616,
						370.762,
						0.97,
						1022.707,
						414.455,
						0.96,
						920.439,
						437.625,
						0.99,
						1034.419,
						468.625,
						0.97,
						912.788,
						500.78,
						1.0,
						1009.546,
						490.584,
						0.87,
						967.903,
						495.877,
						0.84,
						999.328,
						578.798,
						1.0,
						971.673,
						583.59,
						1.0,
						984.247,
						659.535,
						1.0,
						961.458,
						670.106,
						0.99
					],
					"area": 16786.906,
					"b_score": 0.912,
					"object_id": 0
				}
			]
		},
		{
			"frame_num": 23,
			"objects": [
				{
					"category_id": 1,
					"bbox": [
						895.04,
						251.59,
						161.2,
						464.99
					],
					"score": 0.828,
					"keypoints": [
						1012.679,
						319.329,
						1.0,
						1015.895,
						308.283,
						0.88,
						1003.492,
						309.652,
						0.99,
						1008.282,
						295.28,
						0.01,
						974.087,
						309.652,
						1.0,
						1014.614,
						349.105,
						0.89,
						946.794,
						372.567,
						0.95,
						1022.341,
						412.067,
						0.97,
						917.586,
						437.802,
						1.0,
						1032.46,
						467.697,
						0.99,
						907.2,
						500.929,
						1.0,
						1008.481,
						488.957,
						0.88,
						966.084,
						494.067,
						0.82,
						998.623,
						578.704,
						1.0,
						972.251,
						583.511,
						1.0,
						983.512,
						660.286,
						1.0,
						959.804,
						670.351,
						1.0
					],
					"area": 16845.91,
					"b_score": 0.903,
					"object_id": 0
				}
			]
		},
		{
			"frame_num": 24,
			"objects": [
				{
					"category_id": 1,
					"bbox": [
						894.26,
						255.69,
						159.51,
						460.68
					],
					"score": 0.788,
					"keypoints": [
						1013.433,
						319.794,
						1.0,
						1017.246,
						309.327,
						0.86,
						1005.868,
						310.149,
						0.95,
						1007.093,
						299.983,
						0.01,
						976.858,
						310.149,
						0.96,
						1016.549,
						349.172,
						0.86,
						947.123,
						372.853,
						0.89,
						1024.998,
						409.694,
						0.92,
						918.228,
						434.82,
						0.92,
						1033.395,
						465.642,
						0.95,
						908.672,
						499.211,
						0.93,
						1009.125,
						486.707,
						0.81,
						964.336,
						493.732,
						0.76,
						1000.988,
						579.029,
						0.96,
						973.9,
						583.841,
						0.98,
						984.794,
						660.793,
						0.96,
						963.444,
						670.584,
						0.93
					],
					"area": 16515.293,
					"b_score": 0.915,
					"object_id": 0
				}
			]
		},
		{
			"frame_num": 25,
			"objects": [
				{
					"category_id": 1,
					"bbox": [
						893.2,
						259.43,
						158.52,
						456.6
					],
					"score": 0.79,
					"keypoints": [
						1013.242,
						323.599,
						0.99,
						1017.39,
						311.353,
						0.89,
						1006.72,
						314.014,
						0.93,
						1010.977,
						302.063,
						0.01,
						977.951,
						311.82,
						0.94,
						1016.975,
						352.576,
						0.85,
						946.795,
						374.168,
						0.87,
						1025.853,
						409.495,
						0.91,
						917.991,
						434.049,
						0.91,
						1032.495,
						466.061,
						0.94,
						908.375,
						496.526,
						0.94,
						1006.569,
						486.134,
						0.82,
						962.675,
						492.234,
						0.77,
						1001.878,
						579.535,
						0.95,
						974.273,
						584.337,
						0.96,
						984.565,
						661.099,
						0.96,
						964.463,
						670.725,
						0.93
					],
					"area": 16267.24,
					"b_score": 0.922,
					"object_id": 0
				}
			]
		},
		{
			"frame_num": 26,
			"objects": [
				{
					"category_id": 1,
					"bbox": [
						892.32,
						264.01,
						157.73,
						450.91
					],
					"score": 0.813,
					"keypoints": [
						1014.182,
						325.325,
						1.0,
						1018.576,
						312.193,
						0.95,
						1008.468,
						315.829,
						0.97,
						1012.879,
						302.902,
						0.01,
						978.062,
						314.57,
						1.0,
						1020.504,
						353.922,
						0.88,
						948.015,
						374.261,
						0.89,
						1027.522,
						410.55,
						0.9,
						917.584,
						434.632,
						0.95,
						1030.9,
						461.426,
						0.93,
						907.967,
						496.516,
						0.99,
						1006.499,
						484.522,
						0.84,
						961.226,
						490.018,
						0.78,
						1001.82,
						578.368,
						0.99,
						975.909,
						583.107,
						0.98,
						986.236,
						660.995,
						0.98,
						964.291,
						670.503,
						0.96
					],
					"area": 15984.321,
					"b_score": 0.92,
					"object_id": 0
				}
			]
		},
		{
			"frame_num": 27,
			"objects": [
				{
					"category_id": 1,
					"bbox": [
						889.32,
						267.59,
						160.23,
						447.65
					],
					"score": 0.81,
					"keypoints": [
						1015.816,
						330.121,
						0.99,
						1020.378,
						316.35,
						0.91,
						1008.703,
						320.724,
						0.97,
						1015.185,
						307.216,
						0.01,
						977.433,
						320.049,
						0.96,
						1021.61,
						356.027,
						0.87,
						948.175,
						377.657,
						0.87,
						1027.603,
						412.123,
						0.94,
						916.706,
						435.874,
						0.95,
						1028.91,
						461.225,
						0.95,
						906.964,
						497.6,
						0.98,
						1005.576,
						484.478,
						0.82,
						959.652,
						489.619,
						0.8,
						1001.084,
						578.114,
						1.0,
						976.118,
						582.822,
						0.97,
						985.977,
						661.339,
						0.98,
						963.327,
						670.738,
						0.96
					],
					"area": 16120.162,
					"b_score": 0.923,
					"object_id": 0
				}
			]
		},
		{
			"frame_num": 28,
			"objects": [
				{
					"category_id": 1,
					"bbox": [
						887.09,
						272.66,
						162.6,
						441.92
					],
					"score": 0.861,
					"keypoints": [
						1016.168,
						334.859,
						1.0,
						1020.757,
						323.372,
						0.93,
						1008.243,
						325.577,
						1.0,
						1015.829,
						311.852,
						0.02,
						978.399,
						322.8,
						0.98,
						1023.542,
						359.077,
						0.95,
						947.988,
						379.102,
						0.95,
						1026.945,
						412.489,
						1.0,
						916.095,
						435.954,
						1.0,
						1027.023,
						462.702,
						0.99,
						903.313,
						496.626,
						1.0,
						1002.2,
						483.456,
						0.86,
						958.38,
						490.324,
						0.85,
						1000.107,
						576.58,
						1.0,
						975.787,
						581.219,
						1.0,
						985.221,
						661.509,
						1.0,
						964.814,
						670.797,
						1.0
					],
					"area": 16149.472,
					"b_score": 0.922,
					"object_id": 0
				}
			]
		},
		{
			"frame_num": 29,
			"objects": [
				{
					"category_id": 1,
					"bbox": [
						885.24,
						281.41,
						163.65,
						430.82
					],
					"score": 0.764,
					"keypoints": [
						1017.171,
						338.592,
						0.99,
						1021.743,
						328.472,
						0.89,
						1008.811,
						332.025,
						0.99,
						1017.048,
						315.865,
						0.02,
						978.357,
						328.128,
						0.89,
						1023.375,
						361.688,
						0.81,
						947.57,
						380.61,
						0.8,
						1025.557,
						412.982,
						0.86,
						915.792,
						436.06,
						0.84,
						1027.406,
						462.968,
						0.96,
						905.354,
						495.415,
						0.86,
						999.337,
						482.434,
						0.78,
						957.214,
						488.282,
						0.74,
						1000.32,
						576.098,
						0.95,
						975.024,
						580.668,
						0.91,
						986.316,
						658.569,
						0.89,
						964.817,
						667.567,
						0.88
					],
					"area": 15845.577,
					"b_score": 0.924,
					"object_id": 0
				}
			]
		},
		{
			"frame_num": 30,
			"objects": [
				{
					"category_id": 1,
					"bbox": [
						884.41,
						286.84,
						163.2,
						426.36
					],
					"score": 0.838,
					"keypoints": [
						1017.135,
						345.573,
						1.0,
						1023.544,
						336.247,
						1.0,
						1008.578,
						340.474,
						1.0,
						1021.17,
						325.807,
						0.02,
						981.601,
						336.027,
						0.95,
						1024.521,
						367.809,
						0.91,
						948.596,
						385.851,
						0.93,
						1025.708,
						416.418,
						0.93,
						915.391,
						439.1,
						0.96,
						1026.531,
						464.944,
						1.0,
						902.908,
						496.734,
						0.99,
						999.329,
						483.285,
						0.83,
						953.976,
						488.547,
						0.81,
						999.967,
						576.72,
						1.0,
						975.842,
						581.252,
						1.0,
						986.149,
						658.079,
						0.97,
						964.284,
						666.995,
						0.99
					],
					"area": 15638.533,
					"b_score": 0.925,
					"object_id": 0
				}
			]
		},
		{
			"frame_num": 31,
			"objects": [
				{
					"category_id": 1,
					"bbox": [
						881.24,
						292.75,
						166.2,
						418.84
					],
					"score": 0.816,
					"keypoints": [
						1017.831,
						351.512,
						1.0,
						1023.421,
						342.625,
						0.91,
						1009.191,
						347.041,
						1.0,
						1022.131,
						333.277,
						0.04,
						982.623,
						342.494,
						0.96,
						1025.905,
						373.239,
						0.85,
						948.762,
						388.399,
						0.88,
						1024.848,
						418.411,
						0.87,
						914.821,
						440.698,
						0.93,
						1024.488,
						465.021,
						0.96,
						901.724,
						496.118,
						0.97,
						996.098,
						482.975,
						0.8,
						951.575,
						487.85,
						0.78,
						1000.47,
						575.721,
						1.0,
						975.614,
						580.166,
						0.99,
						985.011,
						657.513,
						0.99,
						963.154,
						666.3,
						0.97
					],
					"area": 15645.416,
					"b_score": 0.927,
					"object_id": 0
				}
			]
		},
		{
			"frame_num": 32,
			"objects": [
				{
					"category_id": 1,
					"bbox": [
						877.45,
						297.48,
						172.18,
						414.02
					],
					"score": 0.805,
					"keypoints": [
						1019.461,
						356.426,
						0.98,
						1026.524,
						347.758,
						0.87,
						1010.788,
						349.575,
						0.96,
						1026.153,
						338.922,
						0.05,
						984.684,
						347.681,
						0.93,
						1027.967,
						377.858,
						0.87,
						951.986,
						389.296,
						0.85,
						1023.744,
						419.206,
						0.88,
						914.415,
						441.182,
						0.91,
						1022.772,
						464.205,
						0.94,
						901.271,
						494.725,
						0.94,
						995.994,
						482.043,
						0.83,
						952.136,
						486.658,
						0.77,
						1001.96,
						573.922,
						1.0,
						976.813,
						580.085,
						0.97,
						986.201,
						657.55,
						0.97,
						964.494,
						666.249,
						0.96
					],
					"area": 16021.395,
					"b_score": 0.931,
					"object_id": 0
				}
			]
		},
		{
			"frame_num": 33,
			"objects": [
				{
					"category_id": 1,
					"bbox": [
						873.64,
						303.31,
						179.44,
						408.05
					],
					"score": 0.779,
					"keypoints": [
						1021.873,
						366.753,
						0.93,
						1027.745,
						358.303,
						0.9,
						1011.38,
						358.914,
						0.9,
						1027.661,
						349.809,
						0.07,
						985.6,
						355.513,
						0.88,
						1030.587,
						385.122,
						0.81,
						954.039,
						394.332,
						0.84,
						1024.178,
						423.42,
						0.79,
						914.445,
						443.023,
						0.92,
						1021.495,
						465.644,
						0.87,
						898.821,
						495.806,
						0.98,
						995.639,
						482.818,
						0.8,
						950.385,
						487.302,
						0.76,
						1002.631,
						573.635,
						0.95,
						977.385,
						579.029,
						0.95,
						986.488,
						657.913,
						0.94,
						965.028,
						666.514,
						0.95
					],
					"area": 16456.161,
					"b_score": 0.93,
					"object_id": 0
				}
			]
		},
		{
			"frame_num": 34,
			"objects": [
				{
					"category_id": 1,
					"bbox": [
						872.55,
						309.14,
						178.52,
						402.59
					],
					"score": 0.795,
					"keypoints": [
						1022.196,
						371.258,
						0.98,
						1027.341,
						362.89,
						0.94,
						1012.568,
						365.732,
						0.94,
						1027.262,
						354.515,
						0.07,
						985.288,
						361.775,
						0.88,
						1032.816,
						391.004,
						0.83,
						952.981,
						399.282,
						0.83,
						1021.98,
						425.828,
						0.79,
						912.095,
						444.025,
						0.93,
						1016.671,
						466.05,
						0.89,
						894.667,
						495.781,
						0.99,
						994.525,
						482.962,
						0.84,
						948.822,
						488.951,
						0.78,
						1002.27,
						574.344,
						1.0,
						977.035,
						579.271,
						1.0,
						985.661,
						656.344,
						0.98,
						964.449,
						667.143,
						0.96
					],
					"area": 16153.027,
					"b_score": 0.923,
					"object_id": 0
				}
			]
		},
		{
			"frame_num": 35,
			"objects": [
				{
					"category_id": 1,
					"bbox": [
						870.51,
						315.61,
						179.62,
						396.41
					],
					"score": 0.761,
					"keypoints": [
						1021.364,
						376.378,
						0.97,
						1027.823,
						368.124,
						0.85,
						1012.312,
						369.186,
						0.93,
						1027.819,
						359.878,
						0.06,
						986.103,
						367.688,
						0.84,
						1030.834,
						394.014,
						0.79,
						951.88,
						402.055,
						0.82,
						1021.284,
						427.377,
						0.76,
						908.438,
						444.715,
						0.94,
						1013.479,
						468.586,
						0.83,
						893.017,
						495.483,
						1.0,
						992.99,
						482.914,
						0.81,
						947.396,
						489.746,
						0.77,
						1002.798,
						574.088,
						0.98,
						976.189,
						578.692,
						0.94,
						984.226,
						656.303,
						0.94,
						963.354,
						665.688,
						0.95
					],
					"area": 16002.914,
					"b_score": 0.912,
					"object_id": 0
				}
			]
		},
		{
			"frame_num": 36,
			"objects": [
				{
					"category_id": 1,
					"bbox": [
						869.68,
						322.49,
						180.48,
						389.97
					],
					"score": 0.795,
					"keypoints": [
						1021.995,
						381.986,
						1.0,
						1027.454,
						371.281,
						0.96,
						1013.327,
						374.217,
						1.0,
						1027.423,
						360.614,
						0.02,
						986.196,
						371.112,
						0.91,
						1030.913,
						396.124,
						0.77,
						951.129,
						404.061,
						0.81,
						1020.302,
						428.663,
						0.73,
						906.795,
						445.413,
						0.97,
						1011.612,
						469.861,
						0.85,
						892.935,
						495.292,
						1.0,
						991.755,
						482.924,
						0.85,
						944.544,
						488.693,
						0.81,
						1002.713,
						573.381,
						1.0,
						976.958,
						577.749,
						1.0,
						985.303,
						657.004,
						0.99,
						964.756,
						665.716,
						1.0
					],
					"area": 15818.037,
					"b_score": 0.915,
					"object_id": 0
				}
			]
		},
		{
			"frame_num": 37,
			"objects": [
				{
					"category_id": 1,
					"bbox": [
						869.02,
						326.9,
						182.75,
						383.24
					],
					"score": 0.66,
					"keypoints": [
						1022.108,
						388.739,
						0.94,
						1028.66,
						377.181,
						0.83,
						1013.725,
						380.83,
						0.9,
						1028.726,
						368.226,
						0.03,
						986.257,
						377.12,
						0.76,
						1030.629,
						403.688,
						0.69,
						950.878,
						408.872,
						0.73,
						1021.055,
						432.596,
						0.6,
						906.654,
						448.654,
						0.83,
						1007.98,
						471.512,
						0.32,
						891.38,
						498.194,
						0.83,
						991.089,
						483.549,
						0.75,
						943.503,
						488.65,
						0.68,
						1004.107,
						572.995,
						0.89,
						977.501,
						577.203,
						0.85,
						985.845,
						656.599,
						0.86,
						965.64,
						664.885,
						0.85
					],
					"area": 15740.469,
					"b_score": 0.909,
					"object_id": 0
				}
			]
		},
		{
			"frame_num": 38,
			"objects": [
				{
					"category_id": 1,
					"bbox": [
						868.62,
						334.96,
						179.59,
						377.01
					],
					"score": 0.707,
					"keypoints": [
						1021.004,
						395.723,
						0.98,
						1028.029,
						383.966,
						0.98,
						1012.818,
						387.846,
						0.92,
						1026.387,
						373.215,
						0.02,
						986.941,
						383.947,
						0.84,
						1030.818,
						410.904,
						0.79,
						951.467,
						412.572,
						0.76,
						1020.364,
						435.84,
						0.47,
						906.059,
						451.493,
						0.89,
						1010.19,
						470.899,
						0.22,
						890.296,
						500.335,
						0.9,
						989.561,
						484.479,
						0.82,
						942.144,
						489.181,
						0.74,
						1003.906,
						572.823,
						0.97,
						978.497,
						576.909,
						0.97,
						986.948,
						655.734,
						0.95,
						964.939,
						665.905,
						0.94
					],
					"area": 15217.356,
					"b_score": 0.913,
					"object_id": 0
				}
			]
		},
		{
			"frame_num": 39,
			"objects": [
				{
					"category_id": 1,
					"bbox": [
						867.0,
						337.9,
						185.98,
						371.71
					],
					"score": 0.719,
					"keypoints": [
						1022.16,
						397.091,
						0.98,
						1027.915,
						385.407,
						0.91,
						1014.171,
						389.292,
						0.92,
						1025.374,
						374.119,
						0.03,
						987.834,
						385.401,
						0.84,
						1031.16,
						410.088,
						0.8,
						951.062,
						415.211,
						0.81,
						1022.924,
						436.237,
						0.56,
						905.013,
						451.786,
						0.94,
						1039.832,
						469.152,
						0.31,
						889.06,
						501.593,
						0.95,
						989.313,
						483.978,
						0.81,
						942.348,
						489.776,
						0.75,
						1005.712,
						572.561,
						0.91,
						979.634,
						574.89,
						0.97,
						988.118,
						654.445,
						0.95,
						965.397,
						665.468,
						0.93
					],
					"area": 15536.86,
					"b_score": 0.913,
					"object_id": 0
				}
			]
		},
		{
			"frame_num": 40,
			"objects": [
				{
					"category_id": 1,
					"bbox": [
						864.49,
						342.32,
						187.86,
						370.13
					],
					"score": 0.739,
					"keypoints": [
						1022.113,
						402.624,
						0.98,
						1027.124,
						390.981,
						0.95,
						1012.755,
						394.88,
						0.94,
						1024.105,
						379.478,
						0.03,
						986.101,
						390.982,
						0.88,
						1029.098,
						414.513,
						0.76,
						951.629,
						418.681,
						0.8,
						1024.006,
						440.487,
						0.6,
						901.905,
						453.79,
						0.95,
						1046.66,
						472.812,
						0.49,
						885.209,
						504.436,
						1.0,
						986.505,
						486.471,
						0.81,
						939.838,
						491.528,
						0.76,
						1006.078,
						573.687,
						0.91,
						979.633,
						575.176,
						0.99,
						987.694,
						655.57,
						0.96,
						964.788,
						666.852,
						0.95
					],
					"area": 15627.39,
					"b_score": 0.914,
					"object_id": 0
				}
			]
		},
		{
			"frame_num": 41,
			"objects": [
				{
					"category_id": 1,
					"bbox": [
						863.33,
						348.66,
						190.47,
						363.26
					],
					"score": 0.648,
					"keypoints": [
						1020.33,
						407.95,
						0.85,
						1026.249,
						394.054,
						0.81,
						1011.634,
						400.318,
						0.8,
						1022.991,
						382.626,
						0.03,
						983.718,
						394.056,
						0.76,
						1027.535,
						419.286,
						0.65,
						950.755,
						423.003,
						0.71,
						1025.782,
						439.062,
						0.53,
						899.013,
						455.071,
						0.83,
						1050.061,
						472.145,
						0.45,
						884.925,
						505.214,
						0.9,
						982.944,
						488.062,
						0.74,
						938.821,
						494.158,
						0.69,
						1005.991,
						573.732,
						0.82,
						979.529,
						574.608,
						0.87,
						985.252,
						654.291,
						0.8,
						964.504,
						665.676,
						0.83
					],
					"area": 15550.456,
					"b_score": 0.913,
					"object_id": 0
				}
			]
		},
		{
			"frame_num": 42,
			"objects": [
				{
					"category_id": 1,
					"bbox": [
						863.55,
						353.71,
						195.05,
						358.09
					],
					"score": 0.716,
					"keypoints": [
						1018.48,
						412.542,
						0.91,
						1024.988,
						402.735,
						0.89,
						1011.561,
						405.023,
						0.91,
						1021.536,
						388.993,
						0.03,
						982.978,
						402.74,
						0.82,
						1024.254,
						423.609,
						0.71,
						949.763,
						427.145,
						0.76,
						1027.542,
						444.113,
						0.59,
						897.403,
						457.454,
						0.87,
						1054.602,
						473.787,
						0.51,
						884.727,
						507.281,
						1.0,
						980.368,
						492.071,
						0.81,
						937.858,
						497.116,
						0.75,
						1005.223,
						574.414,
						0.9,
						980.357,
						576.439,
						0.93,
						985.288,
						654.119,
						0.91,
						963.667,
						665.412,
						0.92
					],
					"area": 15697.817,
					"b_score": 0.92,
					"object_id": 0
				}
			]
		},
		{
			"frame_num": 43,
			"objects": [
				{
					"category_id": 1,
					"bbox": [
						862.75,
						357.25,
						198.82,
						354.06
					],
					"score": 0.638,
					"keypoints": [
						1017.419,
						413.699,
						0.83,
						1022.871,
						403.121,
						0.77,
						1008.952,
						406.268,
						0.79,
						1022.048,
						388.756,
						0.02,
						981.404,
						403.123,
						0.77,
						1020.612,
						426.955,
						0.58,
						948.148,
						428.295,
						0.76,
						1027.21,
						444.016,
						0.52,
						893.712,
						456.319,
						0.79,
						1055.766,
						473.583,
						0.42,
						881.097,
						506.881,
						0.91,
						977.644,
						493.614,
						0.73,
						936.223,
						499.73,
						0.69,
						1004.983,
						573.904,
						0.83,
						979.737,
						576.538,
						0.84,
						983.694,
						654.136,
						0.76,
						963.848,
						665.305,
						0.82
					],
					"area": 15820.925,
					"b_score": 0.916,
					"object_id": 0
				}
			]
		},
		{
			"frame_num": 44,
			"objects": [
				{
					"category_id": 1,
					"bbox": [
						862.25,
						360.33,
						194.25,
						351.65
					],
					"score": 0.735,
					"keypoints": [
						1016.939,
						418.06,
						1.0,
						1021.685,
						409.562,
						0.94,
						1008.907,
						410.699,
						0.98,
						1019.803,
						392.607,
						0.01,
						982.047,
						409.565,
						0.92,
						1018.658,
						429.829,
						0.71,
						945.992,
						432.384,
						0.82,
						1025.821,
						445.216,
						0.58,
						890.693,
						456.812,
						0.83,
						1053.718,
						474.825,
						0.37,
						880.792,
						507.974,
						1.0,
						976.737,
						495.46,
						0.82,
						934.096,
						502.188,
						0.79,
						1005.052,
						574.156,
						0.98,
						981.129,
						577.174,
						1.0,
						983.412,
						654.699,
						0.94,
						964.371,
						665.762,
						1.0
					],
					"area": 15352.227,
					"b_score": 0.907,
					"object_id": 0
				}
			]
		},
		{
			"frame_num": 45,
			"objects": [
				{
					"category_id": 1,
					"bbox": [
						862.03,
						362.32,
						190.46,
						349.54
					],
					"score": 0.674,
					"keypoints": [
						1015.664,
						420.712,
						0.9,
						1019.911,
						413.012,
						0.88,
						1007.953,
						413.405,
						0.87,
						1020.239,
						395.186,
						0.01,
						981.639,
						413.014,
						0.85,
						1016.411,
						431.894,
						0.6,
						945.385,
						437.169,
						0.8,
						1025.385,
						446.552,
						0.48,
						888.359,
						457.723,
						0.83,
						1051.403,
						476.129,
						0.26,
						881.903,
						509.081,
						0.99,
						975.169,
						498.803,
						0.76,
						933.856,
						504.058,
						0.74,
						1005.568,
						574.565,
						0.9,
						981.05,
						577.807,
						0.91,
						984.036,
						653.073,
						0.84,
						963.492,
						666.065,
						0.92
					],
					"area": 14962.07,
					"b_score": 0.915,
					"object_id": 0
				}
			]
		},
		{
			"frame_num": 46,
			"objects": [
				{
					"category_id": 1,
					"bbox": [
						860.4,
						364.19,
						186.67,
						348.09
					],
					"score": 0.696,
					"keypoints": [
						1013.264,
						420.52,
						1.0,
						1018.777,
						410.929,
						1.0,
						1005.798,
						413.247,
						1.0,
						1017.531,
						395.083,
						0.01,
						979.955,
						413.09,
						0.97,
						1013.353,
						431.535,
						0.63,
						945.092,
						437.94,
						0.81,
						1023.761,
						446.178,
						0.37,
						885.526,
						455.729,
						0.8,
						1004.559,
						479.86,
						0.23,
						882.56,
						508.117,
						0.87,
						972.535,
						499.446,
						0.78,
						932.052,
						503.935,
						0.74,
						1005.849,
						573.887,
						0.99,
						981.003,
						578.552,
						0.98,
						984.307,
						652.731,
						0.91,
						965.047,
						666.535,
						0.94
					],
					"area": 14603.967,
					"b_score": 0.902,
					"object_id": 0
				}
			]
		},
		{
			"frame_num": 47,
			"objects": [
				{
					"category_id": 1,
					"bbox": [
						858.65,
						364.84,
						186.62,
						347.06
					],
					"score": 0.587,
					"keypoints": [
						1012.567,
						420.729,
						0.86,
						1017.257,
						410.408,
						0.88,
						1003.642,
						413.482,
						0.81,
						1016.583,
						395.361,
						0.02,
						978.118,
						413.421,
						0.8,
						1012.534,
						431.645,
						0.48,
						944.19,
						438.51,
						0.7,
						1023.29,
						446.184,
						0.34,
						881.352,
						453.438,
						0.76,
						995.827,
						481.432,
						0.1,
						881.925,
						507.848,
						0.83,
						972.189,
						501.645,
						0.71,
						930.287,
						507.47,
						0.65,
						1006.682,
						573.461,
						0.81,
						981.672,
						579.052,
						0.82,
						985.355,
						652.464,
						0.76,
						964.824,
						666.627,
						0.82
					],
					"area": 14556.854,
					"b_score": 0.896,
					"object_id": 0
				}
			]
		},
		{
			"frame_num": 48,
			"objects": [
				{
					"category_id": 1,
					"bbox": [
						857.94,
						365.39,
						184.3,
						346.57
					],
					"score": 0.638,
					"keypoints": [
						1007.887,
						421.081,
						0.92,
						1013.786,
						410.471,
						0.93,
						999.762,
						413.85,
						0.92,
						1015.181,
						399.946,
						0.03,
						974.496,
						413.831,
						0.86,
						1009.377,
						431.938,
						0.54,
						942.863,
						438.997,
						0.76,
						1020.745,
						446.387,
						0.35,
						878.475,
						453.593,
						0.83,
						995.359,
						484.629,
						0.3,
						880.605,
						507.927,
						0.82,
						969.18,
						502.959,
						0.72,
						926.596,
						509.488,
						0.64,
						1006.442,
						573.281,
						0.88,
						980.024,
						578.195,
						0.86,
						984.859,
						652.423,
						0.82,
						963.717,
						666.734,
						0.86
					],
					"area": 14354.971,
					"b_score": 0.901,
					"object_id": 0
				}
			]
		},
		{
			"frame_num": 49,
			"objects": [
				{
					"category_id": 1,
					"bbox": [
						858.05,
						365.42,
						185.75,
						346.94
					],
					"score": 0.638,
					"keypoints": [
						1005.729,
						421.274,
						0.95,
						1012.291,
						410.537,
						0.91,
						998.051,
						414.044,
						0.91,
						1013.148,
						401.9,
						0.04,
						972.824,
						414.039,
						0.84,
						1008.193,
						430.222,
						0.56,
						942.451,
						439.267,
						0.76,
						1017.94,
						446.544,
						0.39,
						877.595,
						453.733,
						0.84,
						995.911,
						483.536,
						0.39,
						878.293,
						508.061,
						0.84,
						968.167,
						503.717,
						0.71,
						925.19,
						512.442,
						0.65,
						1006.631,
						573.259,
						0.87,
						979.323,
						578.993,
						0.89,
						985.065,
						652.583,
						0.82,
						963.639,
						666.97,
						0.86
					],
					"area": 14483.158,
					"b_score": 0.887,
					"object_id": 0
				}
			]
		},
		{
			"frame_num": 50,
			"objects": [
				{
					"category_id": 1,
					"bbox": [
						858.25,
						364.48,
						183.86,
						348.02
					],
					"score": 0.697,
					"keypoints": [
						1004.314,
						420.949,
						1.0,
						1009.461,
						410.143,
						1.0,
						996.855,
						413.708,
						0.96,
						1011.744,
						398.352,
						0.03,
						971.592,
						411.764,
						0.96,
						1005.491,
						430.907,
						0.66,
						941.888,
						439.024,
						0.84,
						1014.313,
						446.323,
						0.39,
						878.577,
						453.57,
						0.98,
						995.613,
						485.033,
						0.46,
						878.998,
						507.855,
						0.94,
						967.327,
						505.63,
						0.75,
						925.889,
						513.682,
						0.72,
						1007.963,
						573.139,
						0.93,
						978.642,
						579.422,
						0.93,
						984.836,
						652.635,
						0.88,
						963.228,
						667.081,
						0.92
					],
					"area": 14380.627,
					"b_score": 0.888,
					"object_id": 0
				}
			]
		},
		{
			"frame_num": 51,
			"objects": [
				{
					"category_id": 1,
					"bbox": [
						857.79,
						364.26,
						190.2,
						347.88
					],
					"score": 0.681,
					"keypoints": [
						1001.315,
						420.678,
						0.98,
						1005.65,
						409.84,
						0.97,
						993.995,
						413.431,
						0.97,
						1008.802,
						396.663,
						0.05,
						970.498,
						410.627,
						0.93,
						1003.653,
						429.322,
						0.7,
						939.541,
						438.784,
						0.81,
						1013.57,
						446.091,
						0.43,
						876.711,
						453.373,
						0.89,
						997.388,
						485.412,
						0.34,
						878.767,
						507.613,
						0.87,
						966.451,
						506.478,
						0.72,
						924.017,
						514.152,
						0.69,
						1008.398,
						572.949,
						0.94,
						977.845,
						579.584,
						0.93,
						984.23,
						654.416,
						0.89,
						962.531,
						666.955,
						0.92
					],
					"area": 14871.066,
					"b_score": 0.89,
					"object_id": 0
				}
			]
		},
		{
			"frame_num": 52,
			"objects": [
				{
					"category_id": 1,
					"bbox": [
						856.06,
						362.41,
						179.81,
						350.3
					],
					"score": 0.694,
					"keypoints": [
						1000.121,
						419.817,
						0.94,
						1004.089,
						410.779,
						0.94,
						992.825,
						414.409,
						0.94,
						1005.77,
						396.873,
						0.02,
						970.128,
						413.068,
						0.89,
						1001.234,
						431.431,
						0.69,
						938.335,
						439.832,
						0.8,
						1006.13,
						448.692,
						0.38,
						875.73,
						455.673,
						0.96,
						998.364,
						489.66,
						0.7,
						878.585,
						509.056,
						0.92,
						966.245,
						510.145,
						0.72,
						923.148,
						517.691,
						0.7,
						1008.967,
						573.962,
						0.94,
						977.529,
						580.953,
						0.96,
						986.233,
						655.37,
						0.93,
						962.449,
						667.031,
						0.93
					],
					"area": 14156.05,
					"b_score": 0.883,
					"object_id": 0
				}
			]
		},
		{
			"frame_num": 53,
			"objects": [
				{
					"category_id": 1,
					"bbox": [
						856.02,
						360.57,
						174.63,
						352.87
					],
					"score": 0.761,
					"keypoints": [
						998.406,
						418.717,
						1.0,
						1002.194,
						408.715,
						1.0,
						989.214,
						412.344,
						1.0,
						1001.132,
						398.015,
						0.05,
						967.022,
						411.638,
						0.89,
						1000.774,
						428.436,
						0.77,
						936.421,
						439.718,
						0.86,
						999.02,
						449.569,
						0.58,
						875.534,
						456.615,
						1.0,
						999.581,
						490.558,
						0.89,
						880.708,
						509.269,
						1.0,
						966.712,
						511.622,
						0.76,
						923.135,
						519.089,
						0.72,
						1009.934,
						574.539,
						0.97,
						977.791,
						581.732,
						1.0,
						985.903,
						655.976,
						0.98,
						963.025,
						667.272,
						0.96
					],
					"area": 13849.366,
					"b_score": 0.892,
					"object_id": 0
				}
			]
		},
		{
			"frame_num": 54,
			"objects": [
				{
					"category_id": 1,
					"bbox": [
						856.8,
						360.11,
						174.0,
						350.84
					],
					"score": 0.742,
					"keypoints": [
						995.77,
						416.198,
						0.96,
						999.438,
						407.365,
						0.95,
						987.517,
						409.39,
						0.93,
						996.944,
						398.242,
						0.04,
						963.705,
						408.939,
						0.9,
						998.777,
						426.562,
						0.75,
						932.013,
						439.226,
						0.83,
						993.713,
						451.294,
						0.63,
						872.106,
						456.75,
						0.91,
						997.818,
						490.114,
						0.91,
						880.256,
						508.655,
						0.9,
						965.375,
						511.694,
						0.73,
						923.398,
						519.085,
						0.69,
						1009.082,
						574.317,
						0.94,
						976.692,
						581.532,
						0.96,
						985.864,
						655.089,
						0.97,
						961.489,
						666.216,
						0.91
					],
					"area": 13719.595,
					"b_score": 0.906,
					"object_id": 0
				}
			]
		},
		{
			"frame_num": 55,
			"objects": [
				{
					"category_id": 1,
					"bbox": [
						856.49,
						359.06,
						174.77,
						352.29
					],
					"score": 0.8,
					"keypoints": [
						992.691,
						414.545,
						1.0,
						996.311,
						404.78,
						1.0,
						982.936,
						407.514,
						0.99,
						995.099,
						396.252,
						0.07,
						962.074,
						407.201,
						0.93,
						997.94,
						425.234,
						0.83,
						931.546,
						438.645,
						0.89,
						991.516,
						451.911,
						0.76,
						870.325,
						456.576,
						1.0,
						999.554,
						489.652,
						1.0,
						881.907,
						508.149,
						1.0,
						966.447,
						511.531,
						0.78,
						923.535,
						518.895,
						0.73,
						1008.708,
						574.119,
						1.0,
						976.073,
						581.362,
						1.0,
						985.978,
						654.768,
						1.0,
						962.816,
						665.825,
						0.97
					],
					"area": 13837.845,
					"b_score": 0.905,
					"object_id": 0
				}
			]
		},
		{
			"frame_num": 56,
			"objects": [
				{
					"category_id": 1,
					"bbox": [
						855.33,
						356.02,
						176.73,
						355.96
					],
					"score": 0.809,
					"keypoints": [
						989.371,
						411.432,
						1.0,
						994.989,
						401.222,
						1.0,
						980.835,
						404.283,
						1.0,
						992.427,
						392.688,
						0.05,
						959.363,
						403.947,
						0.93,
						995.842,
						422.402,
						0.84,
						929.334,
						437.377,
						0.95,
						992.707,
						449.764,
						0.85,
						868.97,
						455.705,
						1.0,
						1000.457,
						488.521,
						1.0,
						882.232,
						507.11,
						1.0,
						965.37,
						510.784,
						0.79,
						923.43,
						518.166,
						0.73,
						1008.66,
						573.705,
						1.0,
						975.742,
						580.99,
						1.0,
						986.164,
						654.635,
						1.0,
						963.483,
						665.722,
						0.97
					],
					"area": 14138.297,
					"b_score": 0.891,
					"object_id": 0
				}
			]
		},
		{
			"frame_num": 57,
			"objects": [
				{
					"category_id": 1,
					"bbox": [
						853.99,
						354.57,
						177.87,
						357.76
					],
					"score": 0.813,
					"keypoints": [
						987.497,
						407.48,
						1.0,
						992.123,
						398.415,
						1.0,
						979.534,
						400.173,
						1.0,
						988.854,
						389.187,
						0.04,
						955.687,
						400.132,
						1.0,
						994.538,
						420.026,
						0.87,
						927.781,
						434.838,
						0.93,
						991.01,
						448.211,
						0.91,
						867.727,
						453.576,
						1.0,
						1000.585,
						487.628,
						1.0,
						881.816,
						508.213,
						1.0,
						964.48,
						508.546,
						0.81,
						921.256,
						515.926,
						0.75,
						1008.467,
						573.299,
						1.0,
						975.301,
						580.645,
						1.0,
						985.964,
						654.597,
						1.0,
						963.45,
						665.731,
						0.97
					],
					"area": 14301.303,
					"b_score": 0.884,
					"object_id": 0
				}
			]
		},
		{
			"frame_num": 58,
			"objects": [
				{
					"category_id": 1,
					"bbox": [
						852.61,
						351.96,
						180.61,
						360.87
					],
					"score": 0.737,
					"keypoints": [
						982.717,
						407.09,
						0.94,
						988.952,
						397.161,
						0.92,
						975.022,
						399.695,
						0.92,
						987.413,
						387.206,
						0.04,
						951.919,
						399.687,
						0.91,
						990.189,
						419.146,
						0.79,
						925.016,
						434.057,
						0.87,
						988.415,
						449.599,
						0.84,
						866.786,
						454.19,
						0.99,
						998.761,
						488.478,
						0.98,
						879.217,
						510.18,
						0.99,
						962.31,
						508.303,
						0.78,
						919.977,
						517.378,
						0.7,
						1007.246,
						574.101,
						0.91,
						973.603,
						581.576,
						0.97,
						986.061,
						656.668,
						0.96,
						961.473,
						667.843,
						0.9
					],
					"area": 14648.241,
					"b_score": 0.87,
					"object_id": 0
				}
			]
		},
		{
			"frame_num": 59,
			"objects": [
				{
					"category_id": 1,
					"bbox": [
						849.39,
						348.39,
						183.16,
						365.03
					],
					"score": 0.755,
					"keypoints": [
						981.751,
						402.174,
						0.99,
						986.69,
						393.346,
						0.99,
						974.108,
						396.459,
						0.97,
						985.977,
						382.8,
						0.02,
						951.17,
						394.753,
						0.95,
						989.324,
						417.441,
						0.84,
						922.504,
						432.675,
						0.92,
						988.459,
						451.017,
						0.88,
						866.808,
						453.762,
						1.0,
						999.4,
						487.785,
						1.0,
						880.671,
						510.075,
						0.98,
						962.117,
						509.006,
						0.82,
						920.014,
						519.185,
						0.75,
						1007.341,
						574.286,
						0.95,
						971.871,
						581.824,
						1.0,
						987.399,
						657.581,
						0.94,
						961.697,
						668.878,
						0.93
					],
					"area": 15026.368,
					"b_score": 0.855,
					"object_id": 0
				}
			]
		},
		{
			"frame_num": 60,
			"objects": [
				{
					"category_id": 1,
					"bbox": [
						847.64,
						342.88,
						185.67,
						370.78
					],
					"score": 0.747,
					"keypoints": [
						979.305,
						398.851,
						0.94,
						983.646,
						390.612,
						0.9,
						971.629,
						392.225,
						0.95,
						983.341,
						381.391,
						0.03,
						948.597,
						391.32,
						0.92,
						987.037,
						416.149,
						0.85,
						918.789,
						431.651,
						0.89,
						988.607,
						451.845,
						0.87,
						866.004,
						454.866,
						0.92,
						999.906,
						487.751,
						0.99,
						878.475,
						510.526,
						0.98,
						961.937,
						509.797,
						0.82,
						919.663,
						520.687,
						0.73,
						1007.598,
						573.728,
						0.93,
						970.833,
						582.771,
						1.0,
						988.152,
						657.625,
						0.96,
						961.709,
						669.085,
						0.94
					],
					"area": 15471.958,
					"b_score": 0.869,
					"object_id": 0
				}
			]
		},
		{
			"frame_num": 61,
			"objects": [
				{
					"category_id": 1,
					"bbox": [
						846.39,
						337.93,
						186.94,
						377.1
					],
					"score": 0.795,
					"keypoints": [
						973.787,
						395.001,
						0.98,
						980.115,
						384.992,
						1.0,
						966.028,
						387.747,
						0.99,
						980.009,
						376.62,
						0.07,
						944.97,
						387.327,
						0.96,
						986.012,
						411.838,
						0.87,
						914.287,
						427.888,
						0.91,
						988.781,
						449.558,
						0.87,
						862.65,
						453.075,
						0.95,
						1000.343,
						486.411,
						0.99,
						876.459,
						507.453,
						1.0,
						961.725,
						509.39,
						0.84,
						919.033,
						518.964,
						0.75,
						1007.956,
						572.977,
						0.94,
						970.187,
						583.029,
						1.0,
						988.603,
						657.872,
						0.96,
						961.577,
						669.518,
						0.94
					],
					"area": 15843.096,
					"b_score": 0.898,
					"object_id": 0
				}
			]
		},
		{
			"frame_num": 62,
			"objects": [
				{
					"category_id": 1,
					"bbox": [
						846.1,
						335.05,
						187.79,
						380.08
					],
					"score": 0.84,
					"keypoints": [
						971.528,
						391.737,
						1.0,
						976.547,
						382.796,
						1.0,
						963.686,
						386.168,
						0.97,
						978.727,
						374.719,
						0.08,
						941.18,
						385.972,
						0.96,
						983.725,
						410.2,
						0.97,
						914.273,
						426.31,
						0.95,
						987.166,
						448.929,
						0.97,
						862.719,
						454.02,
						0.97,
						1000.866,
						486.961,
						1.0,
						877.66,
						509.457,
						1.0,
						961.744,
						510.149,
						0.85,
						918.674,
						519.043,
						0.78,
						1008.438,
						573.538,
						1.0,
						969.977,
						582.829,
						1.0,
						989.095,
						657.789,
						1.0,
						963.842,
						669.563,
						0.97
					],
					"area": 16041.359,
					"b_score": 0.908,
					"object_id": 0
				}
			]
		},
		{
			"frame_num": 63,
			"objects": [
				{
					"category_id": 1,
					"bbox": [
						845.83,
						332.26,
						189.04,
						383.53
					],
					"score": 0.816,
					"keypoints": [
						966.325,
						388.907,
						0.97,
						973.074,
						380.486,
						0.99,
						958.405,
						382.1,
						0.94,
						974.112,
						372.519,
						0.12,
						937.413,
						382.049,
						1.0,
						980.895,
						408.307,
						0.96,
						912.238,
						422.623,
						0.95,
						986.739,
						447.933,
						0.95,
						862.59,
						454.051,
						0.98,
						1001.612,
						484.18,
						0.97,
						878.074,
						509.769,
						1.0,
						960.223,
						510.105,
						0.83,
						918.546,
						518.628,
						0.73,
						1007.682,
						573.684,
						0.97,
						968.389,
						582.503,
						1.0,
						987.636,
						657.828,
						0.95,
						963.048,
						669.72,
						0.95
					],
					"area": 16294.984,
					"b_score": 0.905,
					"object_id": 0
				}
			]
		},
		{
			"frame_num": 64,
			"objects": [
				{
					"category_id": 1,
					"bbox": [
						845.78,
						330.67,
						189.58,
						384.73
					],
					"score": 0.814,
					"keypoints": [
						961.9,
						384.608,
						0.98,
						969.446,
						376.464,
						1.0,
						953.925,
						379.327,
						0.94,
						969.935,
						372.629,
						0.14,
						933.576,
						379.33,
						1.0,
						979.729,
						406.647,
						0.94,
						911.344,
						417.864,
						0.95,
						986.697,
						446.855,
						0.96,
						862.51,
						453.651,
						0.99,
						1002.189,
						482.267,
						0.98,
						875.993,
						509.368,
						1.0,
						959.501,
						509.669,
						0.84,
						918.535,
						519.628,
						0.73,
						1007.339,
						573.49,
						0.99,
						967.62,
						582.012,
						1.0,
						989.311,
						657.542,
						0.95,
						962.823,
						669.5,
						0.96
					],
					"area": 16392.409,
					"b_score": 0.895,
					"object_id": 0
				}
			]
		},
		{
			"frame_num": 65,
			"objects": [
				{
					"category_id": 1,
					"bbox": [
						846.3,
						329.39,
						188.43,
						386.82
					],
					"score": 0.824,
					"keypoints": [
						960.05,
						382.028,
						1.0,
						967.919,
						371.739,
						1.0,
						952.033,
						375.263,
						0.98,
						968.145,
						370.218,
						0.13,
						929.519,
						377.475,
						1.0,
						977.135,
						405.354,
						0.94,
						908.685,
						414.94,
						0.98,
						986.768,
						445.885,
						0.97,
						862.246,
						453.163,
						1.0,
						1002.615,
						481.207,
						0.96,
						874.849,
						509.021,
						1.0,
						959.121,
						509.292,
						0.84,
						918.457,
						520.108,
						0.76,
						1007.222,
						573.374,
						0.98,
						967.222,
						581.732,
						1.0,
						990.196,
						655.486,
						0.95,
						962.745,
						669.699,
						0.96
					],
					"area": 16381.137,
					"b_score": 0.896,
					"object_id": 0
				}
			]
		},
		{
			"frame_num": 66,
			"objects": [
				{
					"category_id": 1,
					"bbox": [
						846.53,
						328.8,
						188.66,
						387.15
					],
					"score": 0.807,
					"keypoints": [
						959.466,
						382.651,
						0.99,
						965.203,
						371.424,
						0.98,
						951.425,
						375.215,
						0.94,
						965.312,
						372.467,
						0.11,
						927.963,
						376.299,
						1.0,
						976.099,
						406.307,
						0.9,
						907.595,
						417.087,
						0.96,
						988.73,
						446.55,
						0.93,
						862.234,
						455.665,
						0.99,
						1005.432,
						482.791,
						0.96,
						874.538,
						510.819,
						1.0,
						959.069,
						510.484,
						0.83,
						916.803,
						521.956,
						0.74,
						1007.283,
						573.164,
						0.97,
						967.157,
						582.902,
						1.0,
						990.805,
						656.503,
						0.94,
						962.897,
						669.63,
						0.95
					],
					"area": 16415.108,
					"b_score": 0.897,
					"object_id": 0
				}
			]
		},
		{
			"frame_num": 67,
			"objects": [
				{
					"category_id": 1,
					"bbox": [
						846.13,
						327.25,
						190.39,
						389.72
					],
					"score": 0.808,
					"keypoints": [
						954.943,
						382.348,
						1.0,
						962.062,
						372.687,
						1.0,
						946.855,
						374.558,
						0.94,
						966.591,
						373.109,
						0.33,
						927.496,
						375.099,
						0.98,
						975.963,
						406.353,
						0.89,
						907.201,
						417.765,
						0.95,
						990.104,
						446.708,
						0.89,
						862.201,
						457.04,
						1.0,
						1009.833,
						483.195,
						0.95,
						874.425,
						511.454,
						1.0,
						959.289,
						511.076,
						0.84,
						915.992,
						522.905,
						0.75,
						1007.641,
						573.052,
						0.97,
						967.387,
						583.714,
						1.0,
						994.045,
						657.35,
						0.95,
						963.292,
						669.979,
						0.95
					],
					"area": 16675.548,
					"b_score": 0.885,
					"object_id": 0
				}
			]
		},
		{
			"frame_num": 68,
			"objects": [
				{
					"category_id": 1,
					"bbox": [
						846.23,
						326.92,
						192.01,
						389.69
					],
					"score": 0.838,
					"keypoints": [
						953.51,
						382.037,
						1.0,
						958.903,
						371.1,
						1.0,
						945.404,
						374.076,
						0.97,
						965.521,
						373.319,
						0.29,
						925.572,
						374.349,
						1.0,
						974.303,
						406.228,
						0.97,
						905.404,
						416.125,
						0.96,
						989.612,
						445.168,
						0.96,
						862.582,
						457.754,
						1.0,
						1012.046,
						483.198,
						1.0,
						874.885,
						509.42,
						1.0,
						958.062,
						511.289,
						0.87,
						915.931,
						523.287,
						0.78,
						1006.756,
						572.855,
						1.0,
						966.189,
						584.084,
						1.0,
						993.416,
						657.563,
						0.99,
						961.796,
						669.947,
						1.0
					],
					"area": 16816.232,
					"b_score": 0.88,
					"object_id": 0
				}
			]
		},
		{
			"frame_num": 69,
			"objects": [
				{
					"category_id": 1,
					"bbox": [
						845.96,
						326.33,
						194.19,
						390.87
					],
					"score": 0.819,
					"keypoints": [
						953.357,
						379.62,
						1.0,
						958.017,
						370.09,
						1.0,
						945.232,
						373.618,
						0.93,
						963.333,
						371.447,
						0.26,
						925.122,
						373.757,
						1.0,
						973.949,
						406.007,
						0.95,
						904.886,
						415.089,
						0.98,
						991.27,
						442.348,
						0.97,
						863.035,
						456.567,
						1.0,
						1016.284,
						478.138,
						0.95,
						875.411,
						505.925,
						1.0,
						959.411,
						509.881,
						0.86,
						916.207,
						521.843,
						0.77,
						1006.543,
						569.483,
						1.0,
						965.878,
						581.494,
						1.0,
						996.246,
						653.179,
						0.97,
						961.573,
						667.978,
						0.99
					],
					"area": 17058.674,
					"b_score": 0.877,
					"object_id": 0
				}
			]
		},
		{
			"frame_num": 70,
			"objects": [
				{
					"category_id": 1,
					"bbox": [
						846.2,
						327.56,
						196.21,
						388.18
					],
					"score": 0.826,
					"keypoints": [
						951.74,
						378.871,
						1.0,
						958.255,
						370.056,
						1.0,
						943.633,
						373.831,
						1.0,
						962.901,
						370.818,
						0.21,
						925.634,
						373.903,
						1.0,
						972.276,
						406.179,
						0.95,
						905.373,
						414.822,
						0.96,
						992.55,
						442.53,
						0.93,
						864.007,
						457.496,
						1.0,
						1018.17,
						476.277,
						0.97,
						876.545,
						506.803,
						1.0,
						959.025,
						509.035,
						0.87,
						915.265,
						520.983,
						0.77,
						1006.697,
						568.942,
						1.0,
						966.15,
						581.058,
						1.0,
						997.89,
						655.248,
						0.96,
						962.056,
						668.634,
						1.0
					],
					"area": 17117.928,
					"b_score": 0.877,
					"object_id": 0
				}
			]
		},
		{
			"frame_num": 71,
			"objects": [
				{
					"category_id": 1,
					"bbox": [
						845.85,
						326.93,
						199.75,
						389.62
					],
					"score": 0.79,
					"keypoints": [
						951.782,
						380.219,
						0.99,
						956.987,
						369.813,
						1.0,
						943.668,
						373.722,
						0.99,
						961.367,
						370.262,
						0.21,
						924.492,
						373.76,
						1.0,
						972.195,
						406.133,
						0.89,
						904.278,
						414.539,
						0.96,
						993.941,
						440.863,
						0.85,
						863.411,
						458.015,
						0.99,
						1019.925,
						475.532,
						0.93,
						875.572,
						507.202,
						1.0,
						959.383,
						509.98,
						0.84,
						915.276,
						520.502,
						0.76,
						1005.923,
						568.728,
						0.96,
						965.251,
						580.889,
						1.0,
						997.041,
						656.547,
						0.92,
						960.898,
						669.282,
						0.96
					],
					"area": 17491.294,
					"b_score": 0.876,
					"object_id": 0
				}
			]
		},
		{
			"frame_num": 72,
			"objects": [
				{
					"category_id": 1,
					"bbox": [
						846.0,
						327.25,
						201.35,
						388.97
					],
					"score": 0.758,
					"keypoints": [
						950.168,
						379.118,
						0.96,
						954.734,
						369.802,
						0.99,
						942.055,
						373.776,
						0.93,
						958.997,
						370.058,
						0.19,
						922.348,
						373.797,
						0.97,
						970.612,
						406.185,
						0.89,
						902.221,
						414.461,
						0.94,
						993.709,
						438.104,
						0.87,
						861.803,
						458.372,
						0.92,
						1021.052,
						475.294,
						0.92,
						875.676,
						507.387,
						0.93,
						958.341,
						509.123,
						0.81,
						915.686,
						520.209,
						0.74,
						1005.742,
						568.568,
						0.95,
						963.354,
						580.742,
						1.0,
						995.0,
						654.874,
						0.93,
						960.877,
						669.459,
						0.96
					],
					"area": 17602.134,
					"b_score": 0.864,
					"object_id": 0
				}
			]
		},
		{
			"frame_num": 73,
			"objects": [
				{
					"category_id": 1,
					"bbox": [
						846.3,
						327.62,
						201.06,
						389.2
					],
					"score": 0.77,
					"keypoints": [
						949.486,
						378.736,
						0.96,
						953.775,
						369.98,
						1.0,
						941.375,
						373.985,
						0.93,
						957.948,
						370.114,
						0.15,
						921.389,
						373.996,
						0.97,
						969.89,
						406.385,
						0.89,
						901.237,
						414.602,
						0.93,
						993.619,
						436.74,
						0.92,
						860.896,
						458.767,
						0.92,
						1021.553,
						472.96,
						0.89,
						875.781,
						505.456,
						0.93,
						957.778,
						510.22,
						0.81,
						915.976,
						520.206,
						0.76,
						1005.694,
						568.679,
						0.95,
						962.332,
						580.838,
						1.0,
						994.196,
						654.39,
						0.93,
						960.948,
						669.852,
						0.96
					],
					"area": 17586.821,
					"b_score": 0.88,
					"object_id": 0
				}
			]
		},
		{
			"frame_num": 74,
			"objects": [
				{
					"category_id": 1,
					"bbox": [
						846.27,
						328.08,
						200.95,
						389.16
					],
					"score": 0.779,
					"keypoints": [
						949.123,
						378.743,
						0.97,
						953.287,
						370.274,
						1.0,
						941.012,
						372.457,
						0.92,
						955.283,
						368.58,
						0.12,
						920.892,
						374.305,
						0.96,
						969.484,
						406.675,
						0.89,
						900.705,
						414.866,
						0.97,
						993.529,
						434.289,
						1.0,
						860.344,
						457.658,
						0.92,
						1024.332,
						469.711,
						0.96,
						875.791,
						502.366,
						0.94,
						957.413,
						509.596,
						0.83,
						916.117,
						518.956,
						0.77,
						1004.055,
						567.268,
						0.97,
						961.722,
						579.533,
						1.0,
						993.764,
						652.049,
						0.93,
						960.939,
						668.085,
						0.96
					],
					"area": 17575.212,
					"b_score": 0.876,
					"object_id": 0
				}
			]
		},
		{
			"frame_num": 75,
			"objects": [
				{
					"category_id": 1,
					"bbox": [
						847.45,
						328.25,
						199.65,
						389.06
					],
					"score": 0.796,
					"keypoints": [
						949.211,
						378.817,
						1.0,
						953.319,
						370.503,
						1.0,
						941.1,
						373.502,
						0.97,
						952.119,
						367.781,
						0.1,
						918.863,
						374.538,
						0.98,
						967.564,
						406.909,
						0.95,
						900.689,
						415.077,
						0.96,
						993.651,
						433.033,
						1.0,
						861.867,
						457.033,
						0.92,
						1023.037,
						468.661,
						1.0,
						876.079,
						503.61,
						0.95,
						957.408,
						509.244,
						0.87,
						916.408,
						518.147,
						0.78,
						1003.239,
						566.468,
						1.0,
						959.786,
						577.048,
						1.0,
						996.085,
						651.108,
						0.96,
						958.934,
						667.297,
						1.0
					],
					"area": 17457.591,
					"b_score": 0.869,
					"object_id": 0
				}
			]
		},
		{
			"frame_num": 76,
			"objects": [
				{
					"category_id": 1,
					"bbox": [
						848.96,
						328.48,
						196.91,
						388.54
					],
					"score": 0.727,
					"keypoints": [
						949.316,
						380.614,
						0.93,
						953.398,
						370.706,
						0.94,
						941.216,
						374.142,
						0.88,
						952.815,
						367.413,
						0.11,
						919.948,
						374.74,
						0.92,
						968.541,
						407.095,
						0.82,
						900.772,
						416.775,
						0.9,
						995.278,
						432.413,
						0.9,
						862.837,
						458.15,
						0.92,
						1025.119,
						468.315,
						0.87,
						876.34,
						506.188,
						0.91,
						957.456,
						509.015,
						0.78,
						916.647,
						519.041,
						0.75,
						1004.311,
						567.573,
						0.91,
						960.559,
						578.708,
						0.95,
						997.176,
						652.825,
						0.86,
						960.331,
						668.949,
						0.91
					],
					"area": 17194.44,
					"b_score": 0.867,
					"object_id": 0
				}
			]
		},
		{
			"frame_num": 77,
			"objects": [
				{
					"category_id": 1,
					"bbox": [
						851.29,
						329.07,
						193.38,
						387.72
					],
					"score": 0.694,
					"keypoints": [
						949.637,
						378.386,
						0.92,
						953.705,
						369.283,
						0.93,
						941.546,
						371.14,
						0.85,
						955.334,
						367.42,
						0.11,
						920.78,
						373.339,
						0.88,
						969.282,
						405.785,
						0.79,
						901.115,
						414.788,
						0.87,
						996.522,
						430.342,
						0.91,
						865.092,
						457.48,
						0.85,
						1026.138,
						465.779,
						0.83,
						879.213,
						505.435,
						0.85,
						957.698,
						507.441,
						0.76,
						917.027,
						518.27,
						0.7,
						1005.113,
						566.677,
						0.88,
						961.208,
						578.227,
						0.92,
						997.919,
						653.533,
						0.85,
						961.262,
						669.693,
						0.86
					],
					"area": 16850.934,
					"b_score": 0.858,
					"object_id": 0
				}
			]
		},
		{
			"frame_num": 78,
			"objects": [
				{
					"category_id": 1,
					"bbox": [
						852.97,
						329.73,
						189.75,
						387.13
					],
					"score": 0.785,
					"keypoints": [
						947.827,
						377.386,
						1.0,
						951.847,
						368.745,
						1.0,
						941.663,
						369.736,
						0.98,
						956.52,
						367.678,
						0.14,
						919.283,
						372.801,
						1.0,
						967.789,
						405.209,
						0.92,
						899.442,
						413.805,
						1.0,
						995.665,
						429.492,
						0.97,
						865.123,
						458.736,
						1.0,
						1021.993,
						465.18,
						0.95,
						880.441,
						502.975,
						0.98,
						957.787,
						506.57,
						0.86,
						915.704,
						517.903,
						0.78,
						1004.058,
						566.262,
						0.99,
						959.811,
						578.041,
						1.0,
						998.107,
						653.96,
						0.93,
						959.447,
						670.124,
						1.0
					],
					"area": 16509.628,
					"b_score": 0.852,
					"object_id": 0
				}
			]
		},
		{
			"frame_num": 79,
			"objects": [
				{
					"category_id": 1,
					"bbox": [
						855.48,
						330.34,
						186.25,
						386.83
					],
					"score": 0.757,
					"keypoints": [
						947.245,
						377.079,
						0.99,
						953.138,
						368.692,
						1.0,
						942.062,
						370.99,
						0.95,
						955.667,
						368.059,
						0.13,
						918.863,
						372.737,
						0.96,
						969.073,
						405.083,
						0.89,
						900.663,
						413.454,
						0.96,
						995.4,
						429.293,
						0.97,
						866.992,
						459.735,
						0.97,
						1020.481,
						465.272,
						0.96,
						881.432,
						504.385,
						0.94,
						958.12,
						506.211,
						0.83,
						915.18,
						517.833,
						0.74,
						1003.658,
						566.186,
						0.97,
						960.983,
						578.086,
						1.0,
						998.597,
						654.359,
						0.91,
						961.157,
						670.513,
						0.96
					],
					"area": 16192.475,
					"b_score": 0.848,
					"object_id": 0
				}
			]
		},
		{
			"frame_num": 80,
			"objects": [
				{
					"category_id": 1,
					"bbox": [
						856.68,
						331.65,
						182.71,
						386.16
					],
					"score": 0.771,
					"keypoints": [
						948.498,
						377.431,
						1.0,
						953.555,
						369.174,
						1.0,
						942.035,
						372.171,
						1.0,
						954.941,
						368.76,
						0.12,
						918.402,
						373.204,
						1.0,
						967.785,
						405.46,
						0.93,
						899.382,
						413.717,
						0.97,
						993.574,
						427.844,
						0.99,
						868.011,
						460.793,
						0.98,
						1016.903,
						463.471,
						1.0,
						881.564,
						503.406,
						0.95,
						958.109,
						504.77,
						0.86,
						912.972,
						516.64,
						0.75,
						1003.155,
						564.858,
						1.0,
						959.785,
						575.154,
						1.0,
						998.437,
						650.333,
						0.96,
						959.504,
						666.537,
						1.0
					],
					"area": 15856.894,
					"b_score": 0.831,
					"object_id": 0
				}
			]
		},
		{
			"frame_num": 81,
			"objects": [
				{
					"category_id": 1,
					"bbox": [
						858.63,
						331.64,
						181.37,
						387.0
					],
					"score": 0.766,
					"keypoints": [
						947.964,
						377.666,
						1.0,
						954.332,
						369.483,
						1.0,
						942.558,
						372.879,
						1.0,
						955.127,
						369.207,
						0.12,
						918.705,
						373.51,
						0.99,
						967.641,
						405.747,
						0.93,
						899.181,
						415.416,
						0.95,
						992.865,
						427.167,
						0.99,
						870.855,
						463.303,
						0.97,
						1016.273,
						462.973,
						1.0,
						884.815,
						503.167,
						0.91,
						958.571,
						504.043,
						0.87,
						913.793,
						516.034,
						0.78,
						1003.371,
						564.275,
						1.0,
						959.623,
						573.598,
						1.0,
						999.148,
						649.009,
						0.96,
						959.443,
						665.19,
						1.0
					],
					"area": 15774.533,
					"b_score": 0.828,
					"object_id": 0
				}
			]
		}
	],
	"categories": [
		{
			"supercategory": "person",
			"id": 1,
			"name": "person",
			"keypoints": [
				"nose",
				"left_eye",
				"right_eye",
				"left_ear",
				"right_ear",
				"left_shoulder",
				"right_shoulder",
				"left_elbow",
				"right_elbow",
				"left_wrist",
				"right_wrist",
				"left_hip",
				"right_hip",
				"left_knee",
				"right_knee",
				"left_ankle",
				"right_ankle"
			],
			"skeleton": [
				[
					0,
					1
				],
				[
					0,
					2
				],
				[
					1,
					3
				],
				[
					2,
					4
				],
				[
					0,
					5
				],
				[
					0,
					6
				],
				[
					5,
					7
				],
				[
					6,
					8
				],
				[
					7,
					9
				],
				[
					8,
					10
				],
				[
					5,
					11
				],
				[
					6,
					12
				],
				[
					11,
					13
				],
				[
					12,
					14
				],
				[
					13,
					15
				],
				[
					14,
					16
				]
			]
		}
	]
}