{
	"info": {
		"description": "2D pose estimation outputs from Hawaii 2D Pose (based on MultiPoseNet)",
		"url": "",
		"version": "191128",
		"year": 2020,
		"contributor": "KakaoBrain-HumanCV",
		"date_created": "2020-01-15 20:23:25"
	},
	"video": {
		"path": "S004C002P020R002A023_rgb.avi",
		"width": 1920,
		"height": 1080,
		"original_length": 62,
		"fps": 30.0
	},
	"annotations": [
		{
			"frame_num": 0,
			"objects": [
				{
					"category_id": 1,
					"bbox": [
						775.13,
						293.8,
						166.78,
						552.73
					],
					"score": 0.956,
					"keypoints": [
						867.16,
						348.5,
						1.0,
						872.92,
						336.99,
						1.0,
						855.64,
						336.99,
						1.0,
						890.19,
						348.5,
						1.0,
						844.13,
						348.5,
						1.0,
						918.98,
						417.59,
						1.0,
						815.34,
						411.84,
						1.0,
						930.49,
						498.2,
						0.94,
						798.07,
						498.2,
						0.97,
						918.98,
						567.29,
						0.75,
						803.82,
						567.29,
						0.87,
						890.19,
						573.05,
						0.8,
						832.61,
						573.05,
						0.83,
						878.67,
						693.96,
						0.94,
						826.86,
						693.96,
						0.93,
						878.67,
						797.59,
						1.0,
						826.86,
						797.59,
						1.0
					],
					"area": 20718.571,
					"b_score": 0.968,
					"object_id": 0
				}
			]
		},
		{
			"frame_num": 1,
			"objects": [
				{
					"category_id": 1,
					"bbox": [
						774.31,
						292.97,
						167.19,
						553.8
					],
					"score": 0.977,
					"keypoints": [
						866.952,
						348.249,
						1.0,
						874.864,
						336.729,
						1.0,
						855.424,
						336.729,
						1.0,
						892.146,
						348.249,
						1.0,
						843.907,
						348.249,
						1.0,
						918.807,
						417.385,
						1.0,
						815.096,
						411.628,
						1.0,
						930.327,
						500.205,
						0.93,
						797.816,
						498.051,
						1.0,
						918.721,
						567.135,
						0.77,
						800.04,
						567.135,
						0.89,
						889.999,
						572.95,
						0.82,
						832.38,
						572.95,
						0.85,
						878.472,
						693.939,
						0.96,
						826.623,
						693.939,
						0.95,
						874.98,
						797.667,
						1.0,
						826.506,
						797.667,
						1.0
					],
					"area": 20809.195,
					"b_score": 0.97,
					"object_id": 0
				}
			]
		},
		{
			"frame_num": 2,
			"objects": [
				{
					"category_id": 1,
					"bbox": [
						774.08,
						292.96,
						167.67,
						553.67
					],
					"score": 0.984,
					"keypoints": [
						866.815,
						348.074,
						1.0,
						876.125,
						336.55,
						1.0,
						855.287,
						336.55,
						1.0,
						893.419,
						348.074,
						1.0,
						843.761,
						348.074,
						1.0,
						918.689,
						417.236,
						1.0,
						814.94,
						411.475,
						1.0,
						930.213,
						501.484,
						0.94,
						797.652,
						497.929,
						1.0,
						918.59,
						570.306,
						0.82,
						798.433,
						567.019,
						0.89,
						889.87,
						572.856,
						0.83,
						832.233,
						572.856,
						0.85,
						878.339,
						693.891,
						0.96,
						826.472,
						693.891,
						0.96,
						873.4,
						797.638,
						1.0,
						826.341,
						797.638,
						1.0
					],
					"area": 20863.342,
					"b_score": 0.97,
					"object_id": 0
				}
			]
		},
		{
			"frame_num": 3,
			"objects": [
				{
					"category_id": 1,
					"bbox": [
						773.47,
						292.86,
						168.36,
						553.84
					],
					"score": 0.986,
					"keypoints": [
						866.637,
						347.928,
						1.0,
						876.808,
						336.402,
						1.0,
						855.104,
						336.402,
						1.0,
						891.951,
						347.928,
						1.0,
						843.574,
						347.928,
						1.0,
						918.528,
						417.115,
						1.0,
						814.742,
						411.35,
						1.0,
						930.058,
						502.259,
						0.94,
						797.45,
						497.835,
						1.0,
						918.402,
						571.685,
						0.86,
						797.625,
						566.952,
						0.89,
						889.698,
						572.788,
						0.84,
						832.042,
						572.788,
						0.85,
						878.167,
						693.863,
						0.97,
						826.277,
						693.863,
						0.96,
						872.614,
						797.649,
						1.0,
						826.12,
						797.649,
						1.0
					],
					"area": 20956.766,
					"b_score": 0.97,
					"object_id": 0
				}
			]
		},
		{
			"frame_num": 4,
			"objects": [
				{
					"category_id": 1,
					"bbox": [
						773.56,
						292.94,
						168.65,
						553.77
					],
					"score": 0.988,
					"keypoints": [
						866.599,
						347.862,
						1.0,
						875.16,
						336.33,
						1.0,
						855.068,
						336.33,
						1.0,
						891.138,
						347.862,
						1.0,
						843.534,
						347.862,
						1.0,
						918.501,
						417.06,
						1.0,
						814.699,
						411.294,
						1.0,
						930.034,
						502.751,
						0.94,
						797.4,
						497.795,
						1.0,
						918.427,
						572.284,
						0.86,
						797.44,
						566.946,
						0.89,
						889.667,
						572.761,
						0.83,
						831.999,
						572.761,
						0.85,
						878.133,
						693.859,
						0.97,
						826.232,
						693.859,
						0.97,
						872.43,
						797.665,
						1.0,
						826.135,
						797.665,
						1.0
					],
					"area": 20989.49,
					"b_score": 0.971,
					"object_id": 0
				}
			]
		},
		{
			"frame_num": 5,
			"objects": [
				{
					"category_id": 1,
					"bbox": [
						774.4,
						293.17,
						167.83,
						553.41
					],
					"score": 0.99,
					"keypoints": [
						866.729,
						347.889,
						1.0,
						874.313,
						336.358,
						1.0,
						855.198,
						336.358,
						1.0,
						890.75,
						347.889,
						1.0,
						843.665,
						347.889,
						1.0,
						918.622,
						417.081,
						1.0,
						814.832,
						411.313,
						1.0,
						930.154,
						503.087,
						0.94,
						797.537,
						497.803,
						1.0,
						918.644,
						572.559,
						0.86,
						800.595,
						570.279,
						0.9,
						889.79,
						572.761,
						0.83,
						832.132,
						572.761,
						0.84,
						878.257,
						693.845,
						0.97,
						826.364,
						693.845,
						0.98,
						872.602,
						797.627,
						1.0,
						826.38,
						797.627,
						1.0
					],
					"area": 20874.082,
					"b_score": 0.972,
					"object_id": 0
				}
			]
		},
		{
			"frame_num": 6,
			"objects": [
				{
					"category_id": 1,
					"bbox": [
						773.45,
						293.41,
						168.24,
						553.15
					],
					"score": 0.996,
					"keypoints": [
						866.546,
						347.98,
						1.0,
						873.483,
						336.453,
						1.0,
						855.016,
						336.453,
						1.0,
						890.218,
						347.98,
						1.0,
						843.487,
						347.98,
						1.0,
						918.428,
						417.157,
						1.0,
						814.662,
						411.389,
						1.0,
						929.956,
						503.343,
						0.96,
						797.369,
						497.858,
						1.0,
						918.345,
						572.737,
						0.93,
						798.65,
						568.605,
						0.91,
						889.604,
						572.798,
						0.83,
						831.959,
						572.798,
						0.85,
						878.072,
						693.854,
						0.97,
						826.19,
						693.854,
						0.98,
						872.242,
						797.608,
						1.0,
						826.114,
						800.924,
						1.0
					],
					"area": 20914.919,
					"b_score": 0.971,
					"object_id": 0
				}
			]
		},
		{
			"frame_num": 7,
			"objects": [
				{
					"category_id": 1,
					"bbox": [
						773.34,
						293.64,
						168.01,
						552.91
					],
					"score": 0.992,
					"keypoints": [
						866.345,
						348.112,
						1.0,
						872.849,
						336.587,
						1.0,
						854.819,
						336.587,
						1.0,
						889.784,
						348.112,
						1.0,
						843.297,
						348.112,
						1.0,
						915.957,
						417.266,
						1.0,
						814.481,
						411.5,
						1.0,
						929.738,
						503.548,
						0.93,
						794.936,
						497.942,
						1.0,
						918.069,
						572.874,
						0.9,
						797.648,
						567.892,
						0.92,
						889.397,
						572.861,
						0.81,
						831.771,
						572.861,
						0.84,
						877.869,
						693.88,
						0.97,
						826.006,
						693.88,
						0.98,
						871.958,
						797.604,
						1.0,
						825.881,
						799.165,
						1.0
					],
					"area": 20878.384,
					"b_score": 0.972,
					"object_id": 0
				}
			]
		},
		{
			"frame_num": 8,
			"objects": [
				{
					"category_id": 1,
					"bbox": [
						772.98,
						293.79,
						167.66,
						552.62
					],
					"score": 0.994,
					"keypoints": [
						866.02,
						348.238,
						1.0,
						872.236,
						336.716,
						1.0,
						854.5,
						336.716,
						1.0,
						889.295,
						348.238,
						1.0,
						842.978,
						348.238,
						1.0,
						914.133,
						417.363,
						1.0,
						814.175,
						411.603,
						1.0,
						929.387,
						501.602,
						0.93,
						793.166,
						498.013,
						1.0,
						917.633,
						572.933,
						0.92,
						796.916,
						567.54,
						0.92,
						889.06,
						572.902,
						0.82,
						831.459,
						572.902,
						0.84,
						877.539,
						693.877,
						0.97,
						825.695,
						693.877,
						0.98,
						871.53,
						797.54,
						1.0,
						825.487,
						798.292,
						1.0
					],
					"area": 20823.012,
					"b_score": 0.971,
					"object_id": 0
				}
			]
		},
		{
			"frame_num": 9,
			"objects": [
				{
					"category_id": 1,
					"bbox": [
						772.44,
						293.72,
						167.87,
						552.55
					],
					"score": 0.999,
					"keypoints": [
						865.653,
						348.294,
						1.0,
						871.682,
						336.776,
						1.0,
						854.136,
						336.776,
						1.0,
						888.826,
						348.294,
						1.0,
						842.619,
						348.294,
						1.0,
						912.846,
						417.4,
						1.0,
						813.824,
						411.643,
						1.0,
						929.002,
						500.356,
						0.96,
						791.922,
						498.026,
						1.0,
						917.195,
						572.904,
						0.94,
						796.366,
						567.319,
						0.92,
						888.689,
						572.894,
						0.84,
						831.103,
						572.894,
						0.85,
						877.172,
						693.833,
						0.97,
						825.34,
						693.833,
						0.97,
						871.101,
						797.442,
						1.0,
						825.075,
						797.794,
						1.0
					],
					"area": 20847.329,
					"b_score": 0.97,
					"object_id": 0
				}
			]
		},
		{
			"frame_num": 10,
			"objects": [
				{
					"category_id": 1,
					"bbox": [
						771.81,
						293.77,
						168.43,
						552.53
					],
					"score": 1.001,
					"keypoints": [
						865.291,
						348.348,
						1.0,
						871.2,
						336.832,
						1.0,
						853.773,
						336.832,
						1.0,
						888.397,
						348.348,
						1.0,
						842.259,
						348.348,
						1.0,
						911.942,
						417.441,
						1.0,
						813.474,
						411.684,
						1.0,
						926.284,
						501.611,
						0.95,
						791.043,
						498.048,
						1.0,
						916.801,
						572.913,
						0.98,
						795.93,
						567.235,
						0.92,
						888.321,
						572.903,
						0.83,
						830.745,
						572.903,
						0.84,
						876.807,
						693.815,
						0.97,
						824.987,
						693.815,
						0.98,
						870.717,
						797.41,
						1.0,
						824.699,
						797.574,
						1.0
					],
					"area": 20916.166,
					"b_score": 0.97,
					"object_id": 0
				}
			]
		},
		{
			"frame_num": 11,
			"objects": [
				{
					"category_id": 1,
					"bbox": [
						771.43,
						294.19,
						169.03,
						552.24
					],
					"score": 1.006,
					"keypoints": [
						865.024,
						348.516,
						1.0,
						870.867,
						337.006,
						1.0,
						853.513,
						337.006,
						1.0,
						888.087,
						348.516,
						1.0,
						842.001,
						348.516,
						1.0,
						911.37,
						419.801,
						1.0,
						813.225,
						411.832,
						1.0,
						924.536,
						502.558,
						0.97,
						790.514,
						498.17,
						1.0,
						919.712,
						573.057,
						0.98,
						795.71,
						567.337,
						0.91,
						888.047,
						572.999,
						0.84,
						830.492,
						572.999,
						0.85,
						876.538,
						693.872,
						0.97,
						824.737,
						693.872,
						0.98,
						870.501,
						797.467,
						1.0,
						824.489,
						797.546,
						1.0
					],
					"area": 20978.27,
					"b_score": 0.972,
					"object_id": 0
				}
			]
		},
		{
			"frame_num": 12,
			"objects": [
				{
					"category_id": 1,
					"bbox": [
						771.77,
						294.96,
						170.38,
						550.91
					],
					"score": 0.974,
					"keypoints": [
						865.223,
						348.857,
						1.0,
						873.0,
						337.358,
						1.0,
						853.723,
						337.358,
						1.0,
						890.24,
						348.857,
						1.0,
						842.226,
						348.857,
						1.0,
						913.624,
						421.522,
						1.0,
						813.477,
						412.102,
						1.0,
						926.156,
						503.268,
						0.93,
						790.702,
						498.348,
						0.99,
						925.344,
						573.177,
						0.94,
						796.255,
						567.442,
						0.9,
						890.272,
						573.096,
						0.8,
						830.727,
						573.096,
						0.82,
						878.78,
						693.843,
						0.92,
						824.978,
						693.843,
						0.94,
						874.1,
						797.271,
						1.0,
						824.967,
						797.304,
						1.0
					],
					"area": 21095.099,
					"b_score": 0.972,
					"object_id": 0
				}
			]
		},
		{
			"frame_num": 13,
			"objects": [
				{
					"category_id": 1,
					"bbox": [
						771.51,
						295.04,
						173.05,
						550.94
					],
					"score": 0.925,
					"keypoints": [
						865.728,
						349.108,
						1.0,
						874.929,
						337.616,
						1.0,
						854.234,
						337.616,
						1.0,
						890.02,
						349.108,
						1.0,
						842.742,
						349.108,
						1.0,
						913.211,
						422.611,
						0.97,
						811.851,
						412.311,
						1.0,
						927.475,
						501.69,
						0.9,
						791.237,
						498.496,
						0.95,
						928.202,
						573.286,
						0.88,
						797.049,
						567.544,
						0.85,
						890.035,
						573.195,
						0.78,
						829.087,
						573.195,
						0.77,
						878.55,
						693.863,
						0.9,
						825.507,
						693.863,
						0.91,
						873.205,
						797.234,
						0.97,
						825.753,
						797.249,
						0.94
					],
					"area": 21427.323,
					"b_score": 0.972,
					"object_id": 0
				}
			]
		},
		{
			"frame_num": 14,
			"objects": [
				{
					"category_id": 1,
					"bbox": [
						771.33,
						295.51,
						179.91,
						549.62
					],
					"score": 0.987,
					"keypoints": [
						865.156,
						347.32,
						1.0,
						875.182,
						335.846,
						1.0,
						853.679,
						335.846,
						1.0,
						891.018,
						347.32,
						1.0,
						842.203,
						347.32,
						1.0,
						911.902,
						419.213,
						1.0,
						809.827,
						410.423,
						1.0,
						927.35,
						498.318,
						1.0,
						790.63,
						496.47,
						1.0,
						931.271,
						561.978,
						0.74,
						796.188,
						564.183,
						0.88,
						888.977,
						573.19,
						0.83,
						829.357,
						573.19,
						0.82,
						877.507,
						693.706,
						0.96,
						824.993,
						691.509,
						0.95,
						874.521,
						796.832,
						1.0,
						824.873,
						796.832,
						1.0
					],
					"area": 22223.654,
					"b_score": 0.974,
					"object_id": 0
				}
			]
		},
		{
			"frame_num": 15,
			"objects": [
				{
					"category_id": 1,
					"bbox": [
						770.36,
						295.06,
						185.62,
						549.27
					],
					"score": 0.992,
					"keypoints": [
						865.467,
						348.046,
						1.0,
						873.969,
						336.582,
						1.0,
						853.999,
						336.582,
						1.0,
						890.287,
						348.046,
						1.0,
						842.535,
						348.046,
						1.0,
						911.861,
						420.935,
						1.0,
						809.412,
						411.101,
						1.0,
						930.068,
						498.261,
						0.98,
						791.03,
						497.079,
						1.0,
						937.62,
						548.785,
						0.9,
						793.547,
						565.61,
						0.86,
						888.953,
						572.97,
						0.82,
						830.203,
						572.97,
						0.82,
						877.494,
						693.354,
						0.96,
						825.341,
						691.954,
						0.98,
						873.098,
						796.224,
						1.0,
						825.441,
						796.216,
						1.0
					],
					"area": 22914.567,
					"b_score": 0.975,
					"object_id": 0
				}
			]
		},
		{
			"frame_num": 16,
			"objects": [
				{
					"category_id": 1,
					"bbox": [
						769.43,
						294.5,
						195.37,
						550.71
					],
					"score": 0.982,
					"keypoints": [
						865.023,
						348.376,
						1.0,
						874.605,
						336.908,
						1.0,
						853.555,
						336.908,
						1.0,
						889.171,
						348.376,
						1.0,
						842.09,
						348.376,
						1.0,
						911.17,
						421.959,
						1.0,
						808.358,
						411.446,
						1.0,
						933.709,
						495.839,
						0.92,
						790.492,
						497.45,
						1.0,
						942.543,
						521.711,
						0.91,
						794.575,
						566.32,
						0.87,
						888.312,
						572.883,
						0.81,
						830.068,
						572.883,
						0.81,
						876.85,
						693.296,
						0.96,
						824.891,
						692.401,
						0.97,
						871.382,
						796.338,
						1.0,
						824.729,
						796.336,
						1.0
					],
					"area": 24181.374,
					"b_score": 0.97,
					"object_id": 0
				}
			]
		},
		{
			"frame_num": 17,
			"objects": [
				{
					"category_id": 1,
					"bbox": [
						768.85,
						293.9,
						201.08,
						552.77
					],
					"score": 0.99,
					"keypoints": [
						865.545,
						348.454,
						1.0,
						873.795,
						336.971,
						1.0,
						851.895,
						336.971,
						1.0,
						889.306,
						348.454,
						1.0,
						840.41,
						348.454,
						1.0,
						911.718,
						420.428,
						1.0,
						808.591,
						411.617,
						1.0,
						943.204,
						496.814,
						0.79,
						788.585,
						497.746,
						1.0,
						945.8,
						497.188,
						0.91,
						792.896,
						566.887,
						0.89,
						886.557,
						572.982,
						0.86,
						828.591,
						572.982,
						0.84,
						877.268,
						693.572,
						0.97,
						825.352,
						692.99,
						0.98,
						871.856,
						797.053,
						1.0,
						822.283,
						800.439,
						1.0
					],
					"area": 24980.987,
					"b_score": 0.97,
					"object_id": 0
				}
			]
		},
		{
			"frame_num": 18,
			"objects": [
				{
					"category_id": 1,
					"bbox": [
						769.27,
						294.24,
						203.02,
						552.59
					],
					"score": 1.024,
					"keypoints": [
						864.282,
						348.617,
						1.0,
						873.745,
						339.35,
						1.0,
						851.404,
						339.35,
						1.0,
						887.735,
						348.617,
						1.0,
						839.909,
						348.617,
						1.0,
						912.549,
						421.683,
						1.0,
						806.898,
						411.834,
						1.0,
						940.35,
						492.529,
						0.95,
						788.055,
						498.037,
						1.0,
						951.937,
						473.689,
						0.95,
						792.994,
						567.295,
						0.9,
						886.013,
						573.13,
						0.86,
						828.209,
						573.13,
						0.87,
						875.912,
						696.033,
						0.99,
						824.055,
						693.441,
						1.0,
						872.781,
						797.496,
						1.0,
						822.037,
						799.078,
						1.0
					],
					"area": 25213.767,
					"b_score": 0.972,
					"object_id": 0
				}
			]
		},
		{
			"frame_num": 19,
			"objects": [
				{
					"category_id": 1,
					"bbox": [
						767.58,
						295.58,
						211.95,
						550.81
					],
					"score": 1.002,
					"keypoints": [
						864.525,
						347.062,
						1.0,
						874.717,
						337.113,
						1.0,
						852.177,
						337.113,
						1.0,
						887.797,
						347.062,
						1.0,
						840.687,
						347.062,
						1.0,
						911.904,
						418.588,
						1.0,
						807.179,
						410.235,
						1.0,
						942.668,
						477.585,
						0.91,
						788.971,
						496.383,
						0.99,
						955.43,
						430.221,
						1.0,
						794.609,
						564.56,
						0.88,
						884.444,
						571.266,
						0.84,
						829.063,
						571.266,
						0.82,
						876.103,
						695.412,
						0.98,
						824.322,
						693.758,
						0.94,
						871.664,
						797.561,
						1.0,
						823.488,
						798.329,
						1.0
					],
					"area": 26237.669,
					"b_score": 0.975,
					"object_id": 0
				}
			]
		},
		{
			"frame_num": 20,
			"objects": [
				{
					"category_id": 1,
					"bbox": [
						767.74,
						296.42,
						213.21,
						550.26
					],
					"score": 0.959,
					"keypoints": [
						864.957,
						346.343,
						1.0,
						873.593,
						335.854,
						1.0,
						852.928,
						335.854,
						1.0,
						888.118,
						346.343,
						1.0,
						839.28,
						346.343,
						1.0,
						909.435,
						416.772,
						0.94,
						807.675,
						409.467,
						1.0,
						950.318,
						459.811,
						1.0,
						789.829,
						495.546,
						0.91,
						952.891,
						400.259,
						1.0,
						795.864,
						563.648,
						0.82,
						883.826,
						570.272,
						0.8,
						827.735,
						570.272,
						0.76,
						876.501,
						695.188,
						0.94,
						824.781,
						694.128,
						0.91,
						871.566,
						797.771,
						0.99,
						824.609,
						798.139,
						0.96
					],
					"area": 26366.756,
					"b_score": 0.976,
					"object_id": 0
				}
			]
		},
		{
			"frame_num": 21,
			"objects": [
				{
					"category_id": 1,
					"bbox": [
						767.01,
						296.22,
						215.39,
						551.21
					],
					"score": 0.932,
					"keypoints": [
						865.35,
						345.842,
						1.0,
						875.05,
						334.978,
						1.0,
						853.508,
						334.978,
						1.0,
						888.457,
						345.842,
						1.0,
						838.526,
						345.842,
						1.0,
						910.446,
						415.628,
						0.94,
						808.066,
						408.978,
						0.98,
						957.672,
						445.102,
						1.0,
						790.425,
						495.074,
						0.89,
						956.4,
						381.698,
						0.99,
						796.588,
						563.402,
						0.81,
						883.62,
						571.841,
						0.73,
						829.136,
						571.841,
						0.73,
						876.881,
						695.217,
						0.91,
						825.168,
						694.543,
						0.87,
						871.71,
						798.23,
						0.96,
						825.304,
						798.392,
						0.93
					],
					"area": 26683.607,
					"b_score": 0.979,
					"object_id": 0
				}
			]
		},
		{
			"frame_num": 22,
			"objects": [
				{
					"category_id": 1,
					"bbox": [
						767.4,
						295.14,
						216.52,
						552.62
					],
					"score": 0.964,
					"keypoints": [
						865.937,
						347.241,
						1.0,
						876.389,
						338.324,
						1.0,
						854.219,
						336.162,
						1.0,
						889.012,
						347.241,
						1.0,
						838.414,
						347.241,
						1.0,
						911.418,
						416.865,
						1.0,
						808.592,
						412.659,
						1.0,
						961.692,
						435.494,
						1.0,
						791.05,
						496.629,
						0.94,
						958.274,
						373.885,
						1.0,
						797.344,
						566.145,
						0.85,
						883.887,
						572.708,
						0.79,
						828.242,
						572.708,
						0.79,
						877.456,
						697.466,
						0.92,
						825.717,
						694.787,
						0.91,
						872.259,
						798.547,
						0.97,
						826.089,
						798.615,
						0.95
					],
					"area": 26891.049,
					"b_score": 0.983,
					"object_id": 0
				}
			]
		},
		{
			"frame_num": 23,
			"objects": [
				{
					"category_id": 1,
					"bbox": [
						767.77,
						290.55,
						217.08,
						557.14
					],
					"score": 1.015,
					"keypoints": [
						864.437,
						346.678,
						1.0,
						875.305,
						338.907,
						1.0,
						854.865,
						335.394,
						1.0,
						889.643,
						346.678,
						1.0,
						840.529,
						346.678,
						1.0,
						912.337,
						413.817,
						1.0,
						808.948,
						413.681,
						1.0,
						961.027,
						421.912,
						1.0,
						791.431,
						496.608,
						1.0,
						959.757,
						354.072,
						1.0,
						797.686,
						566.18,
						0.86,
						884.322,
						572.471,
						0.88,
						827.763,
						572.471,
						0.85,
						878.083,
						696.155,
						0.98,
						826.167,
						694.466,
						0.97,
						872.861,
						798.442,
						1.0,
						826.577,
						798.478,
						1.0
					],
					"area": 27181.078,
					"b_score": 0.983,
					"object_id": 0
				}
			]
		},
		{
			"frame_num": 24,
			"objects": [
				{
					"category_id": 1,
					"bbox": [
						767.57,
						285.67,
						216.18,
						562.54
					],
					"score": 1.03,
					"keypoints": [
						863.131,
						346.864,
						1.0,
						874.418,
						339.846,
						1.0,
						854.969,
						337.533,
						1.0,
						889.879,
						346.864,
						1.0,
						839.431,
						346.864,
						1.0,
						910.656,
						415.254,
						1.0,
						808.701,
						415.218,
						1.0,
						960.819,
						410.9,
						1.0,
						791.175,
						497.653,
						1.0,
						960.337,
						348.073,
						1.0,
						797.083,
						568.271,
						0.87,
						884.371,
						573.66,
						0.88,
						827.027,
						573.66,
						0.89,
						878.265,
						695.04,
						0.96,
						826.054,
						693.929,
						1.0,
						872.792,
						798.42,
						1.0,
						826.185,
						801.826,
						1.0
					],
					"area": 27331.174,
					"b_score": 0.985,
					"object_id": 0
				}
			]
		},
		{
			"frame_num": 25,
			"objects": [
				{
					"category_id": 1,
					"bbox": [
						767.31,
						284.36,
						212.14,
						563.65
					],
					"score": 1.035,
					"keypoints": [
						863.666,
						348.689,
						1.0,
						875.096,
						339.959,
						1.0,
						854.222,
						338.507,
						1.0,
						889.251,
						346.556,
						1.0,
						840.026,
						346.556,
						1.0,
						910.987,
						415.713,
						1.0,
						809.759,
						415.723,
						1.0,
						959.66,
						402.64,
						1.0,
						792.223,
						498.019,
						0.97,
						955.859,
						341.227,
						1.0,
						795.516,
						568.753,
						0.83,
						883.517,
						574.157,
						0.88,
						827.881,
						574.157,
						0.9,
						877.593,
						696.225,
						0.98,
						827.287,
						693.401,
						1.0,
						874.773,
						798.259,
						1.0,
						827.986,
						799.866,
						0.98
					],
					"area": 26873.933,
					"b_score": 0.984,
					"object_id": 0
				}
			]
		},
		{
			"frame_num": 26,
			"objects": [
				{
					"category_id": 1,
					"bbox": [
						767.15,
						286.52,
						210.35,
						561.22
					],
					"score": 0.981,
					"keypoints": [
						863.623,
						348.411,
						1.0,
						875.147,
						340.783,
						1.0,
						853.387,
						339.897,
						1.0,
						890.535,
						347.03,
						1.0,
						840.077,
						347.03,
						1.0,
						910.739,
						414.331,
						1.0,
						810.168,
						416.682,
						1.0,
						961.31,
						401.214,
						1.0,
						792.649,
						498.715,
						0.94,
						945.713,
						341.929,
						1.0,
						794.351,
						569.5,
						0.8,
						882.545,
						574.817,
						0.82,
						828.097,
						574.817,
						0.86,
						878.877,
						697.147,
						0.94,
						827.738,
						693.196,
						0.96,
						875.034,
						798.151,
						0.98,
						828.265,
						802.164,
						0.96
					],
					"area": 26531.056,
					"b_score": 0.982,
					"object_id": 0
				}
			]
		},
		{
			"frame_num": 27,
			"objects": [
				{
					"category_id": 1,
					"bbox": [
						766.88,
						290.77,
						211.58,
						556.65
					],
					"score": 0.924,
					"keypoints": [
						863.749,
						347.525,
						1.0,
						875.298,
						340.505,
						1.0,
						855.131,
						337.903,
						0.99,
						889.366,
						346.613,
						1.0,
						840.324,
						346.613,
						1.0,
						910.599,
						412.384,
						0.93,
						810.742,
						414.112,
						0.99,
						961.922,
						399.12,
						0.99,
						793.294,
						497.972,
						0.87,
						937.346,
						345.13,
						1.0,
						794.372,
						567.767,
						0.79,
						884.25,
						573.807,
						0.77,
						828.48,
						573.807,
						0.76,
						879.823,
						695.952,
						0.9,
						828.291,
						693.396,
						0.91,
						875.332,
						798.145,
						0.95,
						825.701,
						803.191,
						0.91
					],
					"area": 26469.588,
					"b_score": 0.982,
					"object_id": 0
				}
			]
		},
		{
			"frame_num": 28,
			"objects": [
				{
					"category_id": 1,
					"bbox": [
						767.18,
						295.7,
						212.52,
						551.17
					],
					"score": 0.986,
					"keypoints": [
						861.939,
						346.419,
						1.0,
						873.594,
						337.864,
						1.0,
						852.336,
						336.121,
						1.0,
						886.516,
						345.835,
						0.85,
						838.746,
						345.835,
						1.0,
						908.368,
						410.34,
						0.98,
						809.564,
						411.761,
						1.0,
						962.17,
						397.2,
						1.0,
						792.21,
						496.463,
						0.93,
						926.188,
						344.63,
						1.0,
						795.182,
						564.909,
						0.87,
						883.414,
						571.843,
						0.83,
						827.038,
						571.843,
						0.82,
						878.575,
						695.527,
						0.97,
						826.983,
						693.856,
						0.96,
						872.802,
						798.101,
						1.0,
						825.133,
						800.554,
						1.0
					],
					"area": 26325.065,
					"b_score": 0.983,
					"object_id": 0
				}
			]
		},
		{
			"frame_num": 29,
			"objects": [
				{
					"category_id": 1,
					"bbox": [
						766.8,
						296.31,
						214.63,
						550.92
					],
					"score": 1.002,
					"keypoints": [
						861.079,
						345.921,
						1.0,
						872.715,
						336.258,
						1.0,
						850.751,
						335.172,
						1.0,
						884.975,
						345.555,
						0.97,
						838.003,
						345.555,
						1.0,
						907.268,
						409.413,
						0.98,
						809.042,
						410.4,
						1.0,
						962.598,
						396.901,
						1.0,
						791.756,
						495.656,
						0.93,
						923.782,
						349.281,
						1.0,
						795.945,
						563.91,
						0.89,
						883.15,
						570.727,
						0.83,
						826.385,
						570.727,
						0.83,
						878.026,
						695.397,
						0.96,
						826.41,
						694.316,
						0.96,
						871.949,
						798.282,
						1.0,
						825.237,
						799.42,
						1.0
					],
					"area": 26575.36,
					"b_score": 0.983,
					"object_id": 0
				}
			]
		},
		{
			"frame_num": 30,
			"objects": [
				{
					"category_id": 1,
					"bbox": [
						767.09,
						294.78,
						215.95,
						552.55
					],
					"score": 1.002,
					"keypoints": [
						860.918,
						347.151,
						1.0,
						872.515,
						336.875,
						1.0,
						852.262,
						336.167,
						1.0,
						886.656,
						346.898,
						1.0,
						837.868,
						346.898,
						1.0,
						909.217,
						410.793,
						0.99,
						808.98,
						411.267,
						1.0,
						966.31,
						402.936,
						1.0,
						791.701,
						496.857,
						0.96,
						931.27,
						349.411,
						1.0,
						796.707,
						566.097,
						0.89,
						883.352,
						571.87,
						0.82,
						826.288,
						571.87,
						0.83,
						877.996,
						695.189,
						0.95,
						828.489,
						694.489,
						0.95,
						875.27,
						798.348,
						0.99,
						825.697,
						802.009,
						0.98
					],
					"area": 26817.004,
					"b_score": 0.983,
					"object_id": 0
				}
			]
		},
		{
			"frame_num": 31,
			"objects": [
				{
					"category_id": 1,
					"bbox": [
						766.7,
						292.71,
						216.34,
						554.3
					],
					"score": 1.025,
					"keypoints": [
						860.73,
						347.295,
						1.0,
						869.956,
						336.56,
						1.0,
						850.976,
						336.114,
						1.0,
						885.435,
						347.132,
						1.0,
						837.667,
						347.132,
						1.0,
						908.217,
						410.909,
						1.0,
						808.795,
						411.199,
						1.0,
						965.378,
						404.295,
						1.0,
						791.508,
						497.145,
						0.95,
						936.519,
						352.102,
						1.0,
						793.618,
						566.558,
						0.86,
						883.418,
						572.178,
						0.86,
						826.099,
						572.178,
						0.85,
						877.915,
						694.766,
						0.96,
						827.517,
						694.316,
						0.97,
						873.58,
						798.139,
						1.0,
						825.745,
						799.842,
						1.0
					],
					"area": 26950.723,
					"b_score": 0.982,
					"object_id": 0
				}
			]
		},
		{
			"frame_num": 32,
			"objects": [
				{
					"category_id": 1,
					"bbox": [
						766.47,
						290.14,
						217.66,
						557.47
					],
					"score": 1.032,
					"keypoints": [
						860.75,
						346.583,
						1.0,
						868.549,
						335.463,
						1.0,
						850.275,
						335.215,
						1.0,
						884.873,
						346.488,
						1.0,
						837.622,
						346.488,
						1.0,
						907.837,
						410.204,
						1.0,
						808.696,
						410.442,
						1.0,
						965.346,
						406.961,
						1.0,
						791.364,
						496.844,
						0.94,
						947.837,
						347.331,
						1.0,
						792.17,
						566.257,
						0.89,
						883.634,
						572.035,
						0.86,
						826.039,
						572.035,
						0.85,
						878.013,
						694.389,
						0.96,
						826.967,
						694.109,
						0.98,
						872.955,
						798.191,
						1.0,
						825.845,
						798.965,
						1.0
					],
					"area": 27269.785,
					"b_score": 0.983,
					"object_id": 0
				}
			]
		},
		{
			"frame_num": 33,
			"objects": [
				{
					"category_id": 1,
					"bbox": [
						766.61,
						289.41,
						220.54,
						558.5
					],
					"score": 0.957,
					"keypoints": [
						859.029,
						345.884,
						1.0,
						868.388,
						334.516,
						1.0,
						850.437,
						334.39,
						1.0,
						885.157,
						345.833,
						1.0,
						835.873,
						345.833,
						1.0,
						908.232,
						409.579,
						0.94,
						806.94,
						411.848,
						1.0,
						966.147,
						410.771,
						0.96,
						789.597,
						496.525,
						0.93,
						962.036,
						345.491,
						0.99,
						792.372,
						565.995,
						0.86,
						884.326,
						571.87,
						0.77,
						826.548,
						571.87,
						0.8,
						878.644,
						694.153,
						0.9,
						827.13,
						693.981,
						0.93,
						873.477,
						798.33,
						0.97,
						826.688,
						798.688,
						0.96
					],
					"area": 27682.472,
					"b_score": 0.983,
					"object_id": 0
				}
			]
		},
		{
			"frame_num": 34,
			"objects": [
				{
					"category_id": 1,
					"bbox": [
						766.6,
						290.47,
						223.18,
						557.41
					],
					"score": 0.922,
					"keypoints": [
						858.552,
						345.791,
						1.0,
						866.353,
						334.322,
						1.0,
						848.756,
						334.249,
						1.0,
						883.513,
						345.76,
						1.0,
						835.378,
						345.76,
						1.0,
						906.674,
						409.547,
						0.93,
						806.421,
						410.999,
						0.96,
						964.488,
						412.933,
						0.98,
						789.056,
						496.551,
						0.89,
						966.585,
						349.263,
						1.0,
						793.238,
						566.136,
						0.78,
						883.13,
						571.944,
						0.76,
						825.195,
						571.944,
						0.73,
						877.452,
						694.101,
						0.87,
						827.743,
						693.991,
						0.9,
						871.239,
						798.434,
						0.93,
						824.715,
						798.602,
						0.91
					],
					"area": 27958.558,
					"b_score": 0.984,
					"object_id": 0
				}
			]
		},
		{
			"frame_num": 35,
			"objects": [
				{
					"category_id": 1,
					"bbox": [
						766.63,
						291.69,
						222.28,
						555.99
					],
					"score": 0.985,
					"keypoints": [
						858.123,
						346.121,
						1.0,
						867.472,
						334.631,
						1.0,
						847.589,
						334.577,
						1.0,
						884.641,
						346.096,
						1.0,
						834.96,
						346.096,
						1.0,
						907.785,
						409.892,
						1.0,
						806.012,
						410.789,
						1.0,
						965.851,
						414.414,
						1.0,
						788.648,
						496.807,
						0.93,
						967.274,
						351.173,
						1.0,
						793.528,
						566.475,
						0.83,
						882.192,
						572.165,
						0.81,
						826.404,
						572.165,
						0.8,
						876.503,
						694.137,
						0.91,
						828.034,
						694.064,
						0.96,
						873.112,
						798.442,
						1.0,
						826.763,
						798.52,
						0.97
					],
					"area": 27775.737,
					"b_score": 0.983,
					"object_id": 0
				}
			]
		},
		{
			"frame_num": 36,
			"objects": [
				{
					"category_id": 1,
					"bbox": [
						766.33,
						291.05,
						221.11,
						556.87
					],
					"score": 1.035,
					"keypoints": [
						857.49,
						346.135,
						1.0,
						867.76,
						334.604,
						1.0,
						846.495,
						334.57,
						1.0,
						884.996,
						346.119,
						1.0,
						834.319,
						346.119,
						1.0,
						908.154,
						409.922,
						1.0,
						807.528,
						410.488,
						1.0,
						966.271,
						415.006,
						1.0,
						790.129,
						496.867,
						0.98,
						963.103,
						351.622,
						1.0,
						793.13,
						566.535,
						0.9,
						881.251,
						572.243,
						0.84,
						826.818,
						572.243,
						0.87,
						875.544,
						694.159,
						0.94,
						827.87,
						694.111,
						1.0,
						873.573,
						798.534,
						1.0,
						827.205,
						798.573,
						1.0
					],
					"area": 27672.762,
					"b_score": 0.983,
					"object_id": 0
				}
			]
		},
		{
			"frame_num": 37,
			"objects": [
				{
					"category_id": 1,
					"bbox": [
						766.02,
						294.0,
						219.54,
						553.27
					],
					"score": 0.942,
					"keypoints": [
						856.711,
						347.045,
						1.0,
						867.512,
						335.547,
						1.0,
						845.473,
						335.499,
						1.0,
						884.784,
						347.045,
						1.0,
						833.599,
						347.045,
						1.0,
						909.955,
						410.753,
						0.96,
						806.073,
						411.077,
						0.98,
						968.372,
						416.21,
						0.99,
						788.735,
						497.48,
						0.89,
						957.72,
						356.493,
						1.0,
						792.64,
						567.182,
						0.83,
						880.211,
						572.69,
						0.76,
						826.812,
						572.69,
						0.77,
						876.664,
						694.298,
						0.9,
						827.494,
						694.265,
						0.92,
						873.227,
						798.404,
						0.96,
						826.99,
						798.417,
						0.94
					],
					"area": 27298.34,
					"b_score": 0.982,
					"object_id": 0
				}
			]
		},
		{
			"frame_num": 38,
			"objects": [
				{
					"category_id": 1,
					"bbox": [
						766.13,
						295.55,
						220.78,
						551.96
					],
					"score": 0.923,
					"keypoints": [
						856.58,
						346.109,
						1.0,
						867.66,
						334.563,
						1.0,
						845.228,
						334.556,
						1.0,
						884.915,
						343.807,
						1.0,
						833.518,
						346.119,
						0.99,
						909.328,
						409.557,
						0.89,
						805.52,
						409.803,
						0.98,
						969.761,
						412.367,
						1.0,
						788.223,
						496.205,
						0.88,
						952.372,
						356.179,
						1.0,
						792.909,
						564.85,
						0.83,
						879.882,
						571.227,
						0.72,
						824.943,
						571.227,
						0.73,
						877.609,
						694.594,
						0.88,
						827.549,
						692.473,
						0.88,
						873.441,
						798.526,
						0.95,
						827.344,
						798.535,
						0.92
					],
					"area": 27388.349,
					"b_score": 0.983,
					"object_id": 0
				}
			]
		},
		{
			"frame_num": 39,
			"objects": [
				{
					"category_id": 1,
					"bbox": [
						765.99,
						295.57,
						221.11,
						551.48
					],
					"score": 0.921,
					"keypoints": [
						856.523,
						345.484,
						1.0,
						867.765,
						333.933,
						1.0,
						847.335,
						333.941,
						1.0,
						885.005,
						341.689,
						1.0,
						833.495,
						345.496,
						0.99,
						908.908,
						408.78,
						0.88,
						805.217,
						408.954,
						0.98,
						970.48,
						410.157,
						1.0,
						787.949,
						495.295,
						0.88,
						949.952,
						356.018,
						1.0,
						793.087,
						563.632,
						0.83,
						879.698,
						570.171,
						0.73,
						823.772,
						570.171,
						0.73,
						878.256,
						694.669,
						0.88,
						827.609,
						693.295,
						0.88,
						873.566,
						798.364,
						0.95,
						827.545,
						798.363,
						0.93
					],
					"area": 27404.694,
					"b_score": 0.983,
					"object_id": 0
				}
			]
		},
		{
			"frame_num": 40,
			"objects": [
				{
					"category_id": 1,
					"bbox": [
						766.15,
						294.66,
						221.39,
						552.44
					],
					"score": 0.994,
					"keypoints": [
						856.598,
						346.818,
						1.0,
						867.938,
						335.311,
						1.0,
						846.495,
						335.287,
						1.0,
						885.176,
						344.45,
						1.0,
						833.572,
						346.837,
						1.0,
						908.764,
						410.195,
						1.0,
						805.098,
						410.268,
						1.0,
						968.579,
						411.246,
						1.0,
						787.835,
						496.555,
						0.93,
						945.496,
						358.833,
						1.0,
						793.253,
						565.902,
						0.87,
						879.707,
						571.434,
						0.82,
						823.138,
						571.434,
						0.79,
						876.722,
						694.645,
						0.92,
						827.723,
						693.745,
						0.98,
						873.778,
						798.27,
						1.0,
						827.752,
						798.266,
						0.98
					],
					"area": 27487.146,
					"b_score": 0.984,
					"object_id": 0
				}
			]
		},
		{
			"frame_num": 41,
			"objects": [
				{
					"category_id": 1,
					"bbox": [
						766.22,
						293.47,
						220.13,
						553.71
					],
					"score": 0.947,
					"keypoints": [
						856.4,
						347.332,
						1.0,
						867.825,
						335.8,
						1.0,
						845.726,
						335.792,
						1.0,
						885.091,
						345.788,
						1.0,
						833.359,
						347.348,
						1.0,
						910.595,
						410.736,
						0.96,
						804.746,
						410.77,
						0.99,
						969.832,
						411.446,
						1.0,
						787.472,
						497.142,
						0.91,
						950.229,
						356.333,
						1.0,
						792.943,
						566.728,
						0.84,
						879.496,
						572.046,
						0.77,
						824.663,
						572.046,
						0.77,
						877.569,
						694.535,
						0.91,
						827.561,
						693.948,
						0.93,
						873.587,
						798.208,
						0.96,
						827.493,
						798.205,
						0.95
					],
					"area": 27394.167,
					"b_score": 0.983,
					"object_id": 0
				}
			]
		},
		{
			"frame_num": 42,
			"objects": [
				{
					"category_id": 1,
					"bbox": [
						765.94,
						291.91,
						220.2,
						555.54
					],
					"score": 1.0,
					"keypoints": [
						856.159,
						347.173,
						1.0,
						867.649,
						335.63,
						1.0,
						845.116,
						335.625,
						1.0,
						884.957,
						346.178,
						1.0,
						835.177,
						347.182,
						1.0,
						911.759,
						410.666,
						1.0,
						806.434,
						410.69,
						1.0,
						970.567,
						411.058,
						1.0,
						787.034,
						497.212,
						0.97,
						955.976,
						350.617,
						1.0,
						792.512,
						566.756,
						0.89,
						881.362,
						572.229,
						0.83,
						825.438,
						572.229,
						0.85,
						878.051,
						694.379,
						0.96,
						829.488,
						693.998,
						0.96,
						876.665,
						798.235,
						0.99,
						827.161,
						798.234,
						1.0
					],
					"area": 27493.654,
					"b_score": 0.983,
					"object_id": 0
				}
			]
		},
		{
			"frame_num": 43,
			"objects": [
				{
					"category_id": 1,
					"bbox": [
						766.34,
						291.41,
						220.62,
						556.33
					],
					"score": 1.001,
					"keypoints": [
						856.241,
						346.929,
						1.0,
						867.765,
						335.366,
						1.0,
						844.982,
						337.525,
						1.0,
						885.094,
						346.282,
						1.0,
						834.444,
						346.933,
						1.0,
						912.763,
						410.502,
						1.0,
						807.704,
						410.521,
						1.0,
						971.31,
						410.696,
						1.0,
						788.987,
						497.186,
						0.97,
						962.911,
						348.022,
						1.0,
						792.569,
						566.716,
						0.89,
						882.78,
						572.317,
						0.83,
						826.114,
						572.317,
						0.85,
						878.595,
						694.306,
						0.96,
						830.958,
						694.058,
						0.96,
						875.108,
						798.366,
						1.0,
						827.28,
						798.367,
						1.0
					],
					"area": 27585.123,
					"b_score": 0.984,
					"object_id": 0
				}
			]
		},
		{
			"frame_num": 44,
			"objects": [
				{
					"category_id": 1,
					"bbox": [
						765.87,
						289.79,
						222.32,
						558.18
					],
					"score": 1.008,
					"keypoints": [
						854.012,
						346.256,
						1.0,
						865.655,
						334.652,
						1.0,
						845.009,
						338.171,
						1.0,
						883.098,
						345.842,
						1.0,
						834.062,
						346.262,
						1.0,
						911.389,
						409.945,
						1.0,
						806.515,
						409.966,
						1.0,
						969.615,
						409.962,
						1.0,
						788.232,
						496.847,
						0.98,
						961.92,
						346.121,
						1.0,
						792.648,
						566.33,
						0.92,
						881.782,
						572.131,
						0.84,
						826.646,
						572.131,
						0.86,
						877.008,
						694.159,
						0.94,
						829.708,
						694.0,
						1.0,
						874.596,
						798.455,
						1.0,
						827.452,
						798.456,
						1.0
					],
					"area": 27889.721,
					"b_score": 0.984,
					"object_id": 0
				}
			]
		},
		{
			"frame_num": 45,
			"objects": [
				{
					"category_id": 1,
					"bbox": [
						766.07,
						288.29,
						222.16,
						559.92
					],
					"score": 1.011,
					"keypoints": [
						852.692,
						345.313,
						1.0,
						864.381,
						333.663,
						1.0,
						845.032,
						336.053,
						1.0,
						881.885,
						345.083,
						1.0,
						833.814,
						345.321,
						1.0,
						910.628,
						409.156,
						1.0,
						805.68,
						409.179,
						1.0,
						968.808,
						409.052,
						1.0,
						787.681,
						496.316,
						0.99,
						961.798,
						344.577,
						1.0,
						792.607,
						565.81,
						0.91,
						881.162,
						571.794,
						0.85,
						826.979,
						571.794,
						0.86,
						875.979,
						693.975,
						0.94,
						828.943,
						693.876,
						1.0,
						874.409,
						798.54,
						1.0,
						827.513,
						798.54,
						1.0
					],
					"area": 27955.896,
					"b_score": 0.983,
					"object_id": 0
				}
			]
		},
		{
			"frame_num": 46,
			"objects": [
				{
					"category_id": 1,
					"bbox": [
						765.72,
						287.51,
						221.71,
						560.41
					],
					"score": 1.013,
					"keypoints": [
						854.069,
						344.425,
						1.0,
						865.712,
						332.743,
						1.0,
						844.814,
						334.272,
						1.0,
						883.177,
						344.312,
						1.0,
						833.428,
						344.433,
						1.0,
						909.947,
						408.395,
						1.0,
						804.899,
						408.418,
						1.0,
						968.149,
						408.242,
						1.0,
						787.082,
						495.746,
						0.97,
						961.455,
						343.563,
						1.0,
						792.25,
						565.274,
						0.89,
						880.546,
						571.381,
						0.86,
						826.972,
						571.381,
						0.87,
						875.095,
						693.704,
						0.94,
						828.261,
						693.648,
						1.0,
						874.019,
						798.417,
						1.0,
						827.23,
						798.416,
						1.0
					],
					"area": 27924.7,
					"b_score": 0.984,
					"object_id": 0
				}
			]
		},
		{
			"frame_num": 47,
			"objects": [
				{
					"category_id": 1,
					"bbox": [
						765.6,
						290.28,
						221.25,
						557.54
					],
					"score": 0.986,
					"keypoints": [
						854.773,
						344.808,
						1.0,
						866.382,
						333.157,
						1.0,
						844.607,
						334.111,
						1.0,
						883.811,
						344.721,
						1.0,
						835.162,
						344.811,
						1.0,
						911.409,
						408.75,
						1.0,
						806.47,
						408.761,
						1.0,
						969.693,
						408.703,
						1.0,
						786.748,
						496.0,
						0.93,
						960.87,
						347.722,
						1.0,
						792.123,
						569.103,
						0.85,
						882.072,
						571.584,
						0.82,
						826.932,
						571.584,
						0.83,
						876.523,
						693.781,
						0.96,
						827.768,
						693.742,
						0.96,
						873.65,
						798.439,
						1.0,
						827.039,
						798.439,
						1.0
					],
					"area": 27724.05,
					"b_score": 0.983,
					"object_id": 0
				}
			]
		},
		{
			"frame_num": 48,
			"objects": [
				{
					"category_id": 1,
					"bbox": [
						765.72,
						293.76,
						220.55,
						553.64
					],
					"score": 0.93,
					"keypoints": [
						855.161,
						346.096,
						1.0,
						866.731,
						334.513,
						1.0,
						844.477,
						335.139,
						0.99,
						884.106,
						346.086,
						1.0,
						834.293,
						346.098,
						1.0,
						912.183,
						409.895,
						0.92,
						805.539,
						409.89,
						0.98,
						970.274,
						410.005,
						0.99,
						786.693,
						496.868,
						0.85,
						957.049,
						355.351,
						1.0,
						792.252,
						568.334,
						0.82,
						880.921,
						572.241,
						0.75,
						826.946,
						572.241,
						0.75,
						877.343,
						694.057,
						0.89,
						827.483,
						694.03,
						0.91,
						873.363,
						798.409,
						0.96,
						827.003,
						798.409,
						0.94
					],
					"area": 27442.588,
					"b_score": 0.982,
					"object_id": 0
				}
			]
		},
		{
			"frame_num": 49,
			"objects": [
				{
					"category_id": 1,
					"bbox": [
						765.36,
						294.38,
						221.35,
						552.81
					],
					"score": 0.936,
					"keypoints": [
						855.425,
						347.179,
						1.0,
						866.971,
						335.602,
						1.0,
						846.443,
						335.99,
						0.98,
						884.307,
						347.208,
						1.0,
						833.765,
						347.183,
						1.0,
						912.67,
						410.785,
						0.93,
						804.992,
						410.79,
						0.98,
						970.583,
						410.922,
						1.0,
						786.725,
						497.564,
						0.86,
						951.414,
						355.046,
						1.0,
						792.401,
						568.101,
						0.83,
						880.18,
						572.749,
						0.75,
						826.997,
						572.749,
						0.76,
						877.908,
						694.242,
						0.9,
						827.343,
						694.227,
						0.91,
						873.255,
						798.322,
						0.96,
						827.048,
						798.322,
						0.95
					],
					"area": 27500.546,
					"b_score": 0.982,
					"object_id": 0
				}
			]
		},
		{
			"frame_num": 50,
			"objects": [
				{
					"category_id": 1,
					"bbox": [
						765.42,
						293.86,
						220.68,
						553.48
					],
					"score": 0.989,
					"keypoints": [
						857.547,
						347.714,
						1.0,
						867.021,
						336.148,
						1.0,
						847.659,
						336.386,
						1.0,
						884.343,
						347.747,
						1.0,
						835.352,
						347.718,
						1.0,
						912.882,
						411.238,
						0.99,
						806.543,
						411.245,
						1.0,
						970.705,
						411.337,
						1.0,
						788.633,
						497.916,
						0.93,
						952.697,
						358.258,
						1.0,
						792.276,
						567.894,
						0.89,
						881.642,
						573.013,
						0.82,
						826.91,
						573.013,
						0.83,
						878.173,
						694.348,
						0.95,
						829.224,
						694.341,
						0.95,
						873.05,
						798.326,
						0.99,
						826.894,
						798.326,
						0.99
					],
					"area": 27450.507,
					"b_score": 0.983,
					"object_id": 0
				}
			]
		},
		{
			"frame_num": 51,
			"objects": [
				{
					"category_id": 1,
					"bbox": [
						765.33,
						293.4,
						219.57,
						554.15
					],
					"score": 0.993,
					"keypoints": [
						858.729,
						347.909,
						1.0,
						868.921,
						336.346,
						1.0,
						848.204,
						336.495,
						1.0,
						884.145,
						347.934,
						1.0,
						836.172,
						347.911,
						1.0,
						912.792,
						411.415,
						1.0,
						807.333,
						411.421,
						1.0,
						970.571,
						411.48,
						1.0,
						787.567,
						498.064,
						0.93,
						952.894,
						359.208,
						1.0,
						791.824,
						567.736,
						0.9,
						882.41,
						573.139,
						0.82,
						826.612,
						573.139,
						0.84,
						878.111,
						694.428,
						0.95,
						828.127,
						694.425,
						0.95,
						872.609,
						798.41,
						1.0,
						826.449,
						798.41,
						1.0
					],
					"area": 27345.777,
					"b_score": 0.983,
					"object_id": 0
				}
			]
		},
		{
			"frame_num": 52,
			"objects": [
				{
					"category_id": 1,
					"bbox": [
						765.59,
						292.47,
						219.67,
						554.86
					],
					"score": 0.994,
					"keypoints": [
						859.598,
						347.716,
						1.0,
						870.31,
						336.156,
						1.0,
						848.658,
						336.257,
						1.0,
						884.129,
						347.728,
						1.0,
						836.801,
						347.717,
						1.0,
						912.869,
						411.253,
						1.0,
						807.933,
						411.256,
						1.0,
						970.655,
						411.29,
						0.99,
						786.936,
						497.918,
						0.95,
						956.272,
						355.877,
						1.0,
						791.716,
						567.364,
						0.89,
						883.031,
						573.014,
						0.83,
						826.505,
						573.014,
						0.84,
						878.186,
						694.339,
						0.95,
						827.475,
						694.336,
						0.97,
						872.572,
						798.307,
						1.0,
						826.371,
						798.307,
						1.0
					],
					"area": 27393.598,
					"b_score": 0.983,
					"object_id": 0
				}
			]
		},
		{
			"frame_num": 53,
			"objects": [
				{
					"category_id": 1,
					"bbox": [
						766.15,
						292.4,
						219.68,
						554.75
					],
					"score": 0.995,
					"keypoints": [
						860.362,
						347.566,
						1.0,
						871.415,
						336.008,
						1.0,
						849.162,
						336.077,
						1.0,
						884.314,
						347.571,
						1.0,
						837.419,
						347.567,
						1.0,
						913.124,
						411.115,
						1.0,
						808.534,
						411.116,
						1.0,
						970.92,
						411.133,
						1.0,
						788.815,
						497.783,
						0.96,
						958.265,
						354.443,
						1.0,
						791.967,
						567.118,
						0.89,
						883.642,
						572.892,
						0.83,
						826.631,
						572.892,
						0.85,
						878.437,
						694.229,
						0.96,
						827.257,
						694.226,
						0.96,
						876.145,
						798.169,
						1.0,
						826.629,
						798.169,
						0.99
					],
					"area": 27389.407,
					"b_score": 0.983,
					"object_id": 0
				}
			]
		},
		{
			"frame_num": 54,
			"objects": [
				{
					"category_id": 1,
					"bbox": [
						765.45,
						292.55,
						220.28,
						555.25
					],
					"score": 0.99,
					"keypoints": [
						860.664,
						347.539,
						1.0,
						871.923,
						335.98,
						1.0,
						849.312,
						336.026,
						1.0,
						884.295,
						347.541,
						1.0,
						837.636,
						347.539,
						1.0,
						913.145,
						411.117,
						1.0,
						808.736,
						411.117,
						1.0,
						970.958,
						411.128,
						1.0,
						789.899,
						497.814,
						0.94,
						958.942,
						353.83,
						1.0,
						791.839,
						567.202,
						0.88,
						883.874,
						572.952,
						0.83,
						826.558,
						572.952,
						0.84,
						878.452,
						694.332,
						0.95,
						826.953,
						694.332,
						0.97,
						874.356,
						798.411,
						1.0,
						826.521,
						798.41,
						0.99
					],
					"area": 27488.635,
					"b_score": 0.983,
					"object_id": 0
				}
			]
		},
		{
			"frame_num": 55,
			"objects": [
				{
					"category_id": 1,
					"bbox": [
						765.54,
						293.55,
						219.82,
						554.09
					],
					"score": 0.992,
					"keypoints": [
						860.803,
						347.843,
						1.0,
						872.18,
						338.582,
						1.0,
						849.375,
						336.312,
						1.0,
						886.386,
						347.85,
						1.0,
						837.747,
						347.844,
						1.0,
						913.08,
						411.384,
						1.0,
						808.865,
						411.386,
						1.0,
						970.853,
						411.393,
						1.0,
						788.544,
						498.042,
						0.93,
						956.007,
						357.299,
						1.0,
						791.798,
						570.838,
						0.88,
						883.963,
						573.14,
						0.82,
						826.501,
						573.14,
						0.84,
						878.412,
						694.452,
						0.96,
						826.748,
						694.454,
						0.97,
						873.411,
						798.498,
						1.0,
						826.453,
						798.498,
						0.99
					],
					"area": 27374.045,
					"b_score": 0.983,
					"object_id": 0
				}
			]
		},
		{
			"frame_num": 56,
			"objects": [
				{
					"category_id": 1,
					"bbox": [
						765.47,
						293.6,
						220.15,
						554.0
					],
					"score": 0.987,
					"keypoints": [
						860.922,
						348.053,
						1.0,
						872.365,
						340.25,
						1.0,
						849.448,
						336.513,
						1.0,
						887.791,
						348.06,
						1.0,
						837.854,
						348.053,
						1.0,
						913.069,
						411.568,
						1.0,
						808.979,
						411.57,
						1.0,
						970.818,
						411.572,
						1.0,
						787.669,
						498.193,
						0.92,
						954.591,
						358.86,
						1.0,
						791.83,
						572.407,
						0.87,
						884.047,
						573.262,
						0.81,
						826.497,
						573.262,
						0.82,
						878.415,
						694.528,
						0.95,
						826.654,
						694.53,
						0.96,
						873.004,
						798.525,
						0.99,
						826.472,
						798.525,
						0.99
					],
					"area": 27410.361,
					"b_score": 0.983,
					"object_id": 0
				}
			]
		},
		{
			"frame_num": 57,
			"objects": [
				{
					"category_id": 1,
					"bbox": [
						765.63,
						294.16,
						221.32,
						553.19
					],
					"score": 0.939,
					"keypoints": [
						861.295,
						348.363,
						1.0,
						870.65,
						341.461,
						1.0,
						849.791,
						339.111,
						1.0,
						886.729,
						348.372,
						1.0,
						838.224,
						348.364,
						1.0,
						913.316,
						411.829,
						0.93,
						809.372,
						411.831,
						0.97,
						971.025,
						411.821,
						1.0,
						787.418,
						498.383,
						0.89,
						950.781,
						359.781,
						1.0,
						792.296,
						569.986,
						0.83,
						882.354,
						573.394,
						0.77,
						826.78,
						573.394,
						0.77,
						878.687,
						694.567,
						0.9,
						826.889,
						694.569,
						0.92,
						873.218,
						798.44,
						0.96,
						826.905,
						801.752,
						0.93
					],
					"area": 27515.45,
					"b_score": 0.983,
					"object_id": 0
				}
			]
		},
		{
			"frame_num": 58,
			"objects": [
				{
					"category_id": 1,
					"bbox": [
						765.94,
						294.24,
						220.8,
						552.99
					],
					"score": 0.937,
					"keypoints": [
						859.478,
						348.587,
						1.0,
						869.634,
						342.198,
						1.0,
						850.028,
						340.791,
						0.99,
						886.102,
						348.595,
						1.0,
						838.481,
						348.587,
						1.0,
						913.487,
						412.01,
						0.93,
						809.648,
						412.012,
						0.97,
						971.161,
						411.996,
						1.0,
						787.289,
						498.509,
						0.88,
						949.287,
						360.196,
						1.0,
						792.57,
						568.881,
						0.84,
						881.206,
						573.475,
						0.76,
						826.992,
						573.475,
						0.77,
						878.88,
						694.571,
						0.9,
						827.063,
						694.573,
						0.92,
						873.344,
						798.353,
						0.96,
						827.153,
						803.093,
						0.94
					],
					"area": 27440.868,
					"b_score": 0.984,
					"object_id": 0
				}
			]
		},
		{
			"frame_num": 59,
			"objects": [
				{
					"category_id": 1,
					"bbox": [
						765.67,
						294.07,
						220.53,
						553.17
					],
					"score": 0.927,
					"keypoints": [
						860.23,
						348.669,
						1.0,
						868.792,
						342.556,
						1.0,
						850.018,
						341.73,
						0.99,
						885.573,
						348.675,
						1.0,
						838.481,
						348.669,
						1.0,
						913.451,
						412.079,
						0.93,
						809.656,
						412.08,
						0.96,
						971.105,
						414.261,
						0.97,
						787.046,
						498.553,
						0.87,
						948.476,
						360.279,
						1.0,
						792.471,
						568.29,
						0.83,
						880.304,
						573.498,
						0.75,
						826.98,
						573.498,
						0.76,
						878.858,
						694.561,
						0.89,
						827.026,
						694.561,
						0.91,
						873.19,
						798.305,
						0.96,
						827.053,
						803.636,
						0.94
					],
					"area": 27416.467,
					"b_score": 0.983,
					"object_id": 0
				}
			]
		},
		{
			"frame_num": 60,
			"objects": [
				{
					"category_id": 1,
					"bbox": [
						765.21,
						294.61,
						221.17,
						553.54
					],
					"score": 0.995,
					"keypoints": [
						860.654,
						348.931,
						1.0,
						870.256,
						343.001,
						1.0,
						849.952,
						340.221,
						1.0,
						887.309,
						348.938,
						1.0,
						838.417,
						348.932,
						1.0,
						913.386,
						412.345,
						1.0,
						809.591,
						412.347,
						1.0,
						971.041,
						415.99,
						1.0,
						788.886,
						498.825,
						0.95,
						951.288,
						360.646,
						1.0,
						792.322,
						568.395,
						0.89,
						881.752,
						573.773,
						0.82,
						826.91,
						573.773,
						0.83,
						878.791,
						694.834,
						0.96,
						826.939,
						694.837,
						0.96,
						873.043,
						798.734,
						1.0,
						826.913,
						801.269,
						1.0
					],
					"area": 27514.676,
					"b_score": 0.983,
					"object_id": 0
				}
			]
		},
		{
			"frame_num": 61,
			"objects": [
				{
					"category_id": 1,
					"bbox": [
						765.13,
						294.5,
						221.66,
						553.47
					],
					"score": 0.952,
					"keypoints": [
						858.954,
						349.056,
						1.0,
						869.221,
						343.212,
						1.0,
						849.977,
						341.546,
						1.0,
						886.348,
						349.061,
						1.0,
						838.444,
						349.057,
						1.0,
						913.402,
						412.471,
						0.98,
						807.576,
						414.776,
						0.97,
						971.059,
						419.588,
						1.0,
						788.098,
						498.951,
						0.9,
						956.071,
						364.299,
						1.0,
						792.341,
						568.371,
						0.86,
						880.682,
						573.899,
						0.78,
						826.924,
						573.899,
						0.79,
						878.808,
						694.96,
						0.92,
						826.943,
						694.963,
						0.93,
						873.062,
						798.852,
						0.97,
						826.932,
						800.047,
						0.95
					],
					"area": 27571.602,
					"b_score": 0.983,
					"object_id": 0
				}
			]
		}
	],
	"categories": [
		{
			"supercategory": "person",
			"id": 1,
			"name": "person",
			"keypoints": [
				"nose",
				"left_eye",
				"right_eye",
				"left_ear",
				"right_ear",
				"left_shoulder",
				"right_shoulder",
				"left_elbow",
				"right_elbow",
				"left_wrist",
				"right_wrist",
				"left_hip",
				"right_hip",
				"left_knee",
				"right_knee",
				"left_ankle",
				"right_ankle"
			],
			"skeleton": [
				[
					0,
					1
				],
				[
					0,
					2
				],
				[
					1,
					3
				],
				[
					2,
					4
				],
				[
					0,
					5
				],
				[
					0,
					6
				],
				[
					5,
					7
				],
				[
					6,
					8
				],
				[
					7,
					9
				],
				[
					8,
					10
				],
				[
					5,
					11
				],
				[
					6,
					12
				],
				[
					11,
					13
				],
				[
					12,
					14
				],
				[
					13,
					15
				],
				[
					14,
					16
				]
			]
		}
	]
}