{
	"info": {
		"description": "2D pose estimation outputs from Hawaii 2D Pose (based on MultiPoseNet)",
		"url": "",
		"version": "191128",
		"year": 2020,
		"contributor": "KakaoBrain-HumanCV",
		"date_created": "2020-01-15 21:47:02"
	},
	"video": {
		"path": "S013C003P037R001A023_rgb.avi",
		"width": 1920,
		"height": 1080,
		"original_length": 55,
		"fps": 30.0
	},
	"annotations": [
		{
			"frame_num": 0,
			"objects": [
				{
					"category_id": 1,
					"bbox": [
						926.82,
						363.08,
						159.88,
						526.56
					],
					"score": 0.932,
					"keypoints": [
						1009.5,
						415.18,
						1.0,
						1020.47,
						409.7,
						1.0,
						1004.02,
						409.7,
						1.0,
						1036.93,
						415.18,
						1.0,
						982.08,
						409.7,
						1.0,
						1058.87,
						481.0,
						0.94,
						954.65,
						481.0,
						0.98,
						1069.84,
						563.28,
						1.0,
						949.17,
						557.79,
						0.94,
						1075.32,
						640.07,
						0.99,
						943.68,
						634.58,
						0.89,
						1031.44,
						634.58,
						0.79,
						976.59,
						634.58,
						0.75,
						1031.44,
						738.8,
						0.91,
						982.08,
						738.8,
						0.85,
						1031.44,
						837.52,
						1.0,
						987.56,
						832.04,
						0.99
					],
					"area": 18919.934,
					"b_score": 0.968,
					"object_id": 0
				}
			]
		},
		{
			"frame_num": 1,
			"objects": [
				{
					"category_id": 1,
					"bbox": [
						926.64,
						362.73,
						160.38,
						525.8
					],
					"score": 0.97,
					"keypoints": [
						1009.524,
						419.444,
						1.0,
						1020.487,
						411.595,
						1.0,
						1004.044,
						411.595,
						1.0,
						1036.937,
						417.075,
						1.0,
						984.187,
						413.968,
						1.0,
						1058.867,
						482.855,
						1.0,
						954.702,
						482.855,
						1.0,
						1069.833,
						565.087,
						1.0,
						949.222,
						559.601,
						0.97,
						1075.305,
						639.679,
						1.0,
						943.762,
						634.194,
						0.95,
						1031.454,
						634.322,
						0.84,
						978.701,
						636.347,
						0.83,
						1031.454,
						740.503,
						0.94,
						982.114,
						740.503,
						0.91,
						1031.46,
						836.98,
						1.0,
						987.611,
						834.546,
						1.0
					],
					"area": 18952.648,
					"b_score": 0.971,
					"object_id": 0
				}
			]
		},
		{
			"frame_num": 2,
			"objects": [
				{
					"category_id": 1,
					"bbox": [
						926.7,
						362.74,
						160.57,
						526.1
					],
					"score": 0.971,
					"keypoints": [
						1009.595,
						422.17,
						1.0,
						1020.557,
						412.845,
						1.0,
						1004.115,
						412.845,
						1.0,
						1037.004,
						418.325,
						1.0,
						985.618,
						416.693,
						1.0,
						1058.93,
						484.095,
						1.0,
						954.781,
						484.095,
						1.0,
						1069.894,
						566.312,
						1.0,
						949.301,
						560.829,
						0.97,
						1075.4,
						639.58,
						1.0,
						943.869,
						634.098,
						0.95,
						1031.521,
						634.213,
						0.83,
						980.135,
						637.567,
						0.83,
						1031.521,
						741.706,
						0.93,
						982.189,
						741.706,
						0.92,
						1031.558,
						836.87,
						1.0,
						987.714,
						835.831,
						1.0
					],
					"area": 18985.392,
					"b_score": 0.97,
					"object_id": 0
				}
			]
		},
		{
			"frame_num": 3,
			"objects": [
				{
					"category_id": 1,
					"bbox": [
						927.18,
						362.91,
						160.13,
						525.94
					],
					"score": 0.948,
					"keypoints": [
						1009.732,
						419.384,
						1.0,
						1020.69,
						411.612,
						1.0,
						1004.252,
						411.612,
						1.0,
						1037.134,
						417.092,
						1.0,
						986.608,
						413.906,
						1.0,
						1059.055,
						480.938,
						0.95,
						957.03,
						482.854,
						0.99,
						1070.018,
						565.061,
						1.0,
						949.447,
						559.578,
						0.95,
						1072.47,
						639.58,
						1.0,
						944.062,
						634.099,
						0.92,
						1031.653,
						632.072,
						0.79,
						979.006,
						636.305,
						0.76,
						1031.653,
						740.431,
						0.92,
						982.328,
						742.48,
						0.86,
						1031.735,
						836.833,
						1.0,
						987.899,
						836.39,
						0.98
					],
					"area": 18928.201,
					"b_score": 0.969,
					"object_id": 0
				}
			]
		},
		{
			"frame_num": 4,
			"objects": [
				{
					"category_id": 1,
					"bbox": [
						926.02,
						362.71,
						161.84,
						526.2
					],
					"score": 0.931,
					"keypoints": [
						1011.795,
						422.037,
						1.0,
						1022.753,
						412.829,
						1.0,
						1004.234,
						412.829,
						1.0,
						1037.119,
						418.309,
						1.0,
						987.07,
						416.558,
						1.0,
						1061.117,
						482.797,
						0.96,
						956.241,
						484.072,
						0.99,
						1072.078,
						566.281,
						0.96,
						949.427,
						560.8,
						0.97,
						1074.038,
						639.549,
						0.95,
						943.978,
						634.068,
						0.94,
						1033.718,
						632.796,
						0.78,
						980.276,
						637.53,
						0.84,
						1033.718,
						741.658,
						0.88,
						984.39,
						742.947,
						0.89,
						1031.666,
						836.837,
						0.97,
						990.981,
						836.647,
						0.98
					],
					"area": 19139.754,
					"b_score": 0.969,
					"object_id": 0
				}
			]
		},
		{
			"frame_num": 5,
			"objects": [
				{
					"category_id": 1,
					"bbox": [
						925.63,
						362.7,
						162.26,
						526.16
					],
					"score": 0.935,
					"keypoints": [
						1013.052,
						423.621,
						1.0,
						1024.01,
						413.587,
						1.0,
						1004.16,
						413.587,
						1.0,
						1037.043,
						419.067,
						1.0,
						987.271,
						418.142,
						1.0,
						1062.376,
						484.027,
						0.96,
						957.758,
						484.831,
						0.99,
						1073.336,
						567.04,
						0.98,
						949.352,
						561.559,
						0.98,
						1074.672,
						639.513,
						0.96,
						943.851,
						637.142,
						0.96,
						1034.973,
						633.227,
						0.79,
						980.993,
						638.288,
						0.83,
						1034.973,
						742.419,
						0.89,
						985.645,
						743.213,
						0.89,
						1031.54,
						836.812,
						0.97,
						992.196,
						836.728,
						0.98
					],
					"area": 19187.938,
					"b_score": 0.968,
					"object_id": 0
				}
			]
		},
		{
			"frame_num": 6,
			"objects": [
				{
					"category_id": 1,
					"bbox": [
						925.07,
						362.51,
						162.84,
						526.38
					],
					"score": 0.942,
					"keypoints": [
						1013.714,
						424.458,
						1.0,
						1024.677,
						413.984,
						1.0,
						1004.019,
						413.984,
						1.0,
						1036.908,
						419.464,
						1.0,
						987.282,
						418.978,
						1.0,
						1063.048,
						484.747,
						0.97,
						958.595,
						485.242,
						0.99,
						1074.012,
						567.462,
						0.99,
						949.203,
						561.982,
						0.99,
						1074.858,
						642.566,
						0.96,
						943.634,
						638.456,
						0.97,
						1035.643,
						633.472,
						0.79,
						981.316,
						638.723,
						0.85,
						1035.643,
						742.872,
						0.89,
						986.306,
						743.357,
						0.9,
						1031.344,
						836.806,
						0.98,
						992.535,
						836.768,
						0.99
					],
					"area": 19264.945,
					"b_score": 0.968,
					"object_id": 0
				}
			]
		},
		{
			"frame_num": 7,
			"objects": [
				{
					"category_id": 1,
					"bbox": [
						924.02,
						362.52,
						163.93,
						526.25
					],
					"score": 0.945,
					"keypoints": [
						1013.911,
						424.931,
						1.0,
						1024.873,
						414.221,
						1.0,
						1003.747,
						414.221,
						1.0,
						1036.639,
						419.701,
						1.0,
						987.094,
						419.447,
						1.0,
						1063.243,
						485.182,
						0.98,
						958.908,
						485.483,
						0.99,
						1074.21,
						567.703,
						0.99,
						948.933,
						562.223,
						0.98,
						1074.679,
						640.882,
						0.97,
						943.275,
						638.968,
						1.0,
						1035.84,
						633.607,
						0.79,
						981.318,
						638.963,
						0.86,
						1035.84,
						743.117,
						0.89,
						986.502,
						743.413,
						0.91,
						1030.98,
						836.746,
						0.98,
						992.39,
						836.725,
						0.99
					],
					"area": 19387.991,
					"b_score": 0.967,
					"object_id": 0
				}
			]
		},
		{
			"frame_num": 8,
			"objects": [
				{
					"category_id": 1,
					"bbox": [
						923.88,
						362.69,
						163.63,
						526.55
					],
					"score": 0.972,
					"keypoints": [
						1013.914,
						425.289,
						1.0,
						1024.879,
						414.447,
						1.0,
						1003.465,
						414.447,
						1.0,
						1038.366,
						419.927,
						1.0,
						986.863,
						419.802,
						1.0,
						1063.258,
						485.542,
						0.99,
						958.971,
						485.724,
						1.0,
						1074.225,
						567.963,
						0.99,
						948.638,
						562.483,
						1.0,
						1074.458,
						640.259,
						0.95,
						942.928,
						639.379,
						1.0,
						1035.848,
						633.808,
						0.81,
						981.199,
						639.243,
						0.88,
						1035.848,
						743.418,
						0.91,
						986.497,
						743.598,
						0.95,
						1030.657,
						836.943,
						0.99,
						992.163,
						836.947,
						1.0
					],
					"area": 19363.895,
					"b_score": 0.968,
					"object_id": 0
				}
			]
		},
		{
			"frame_num": 9,
			"objects": [
				{
					"category_id": 1,
					"bbox": [
						923.36,
						362.43,
						164.36,
						526.51
					],
					"score": 0.978,
					"keypoints": [
						1013.855,
						425.382,
						1.0,
						1024.822,
						414.483,
						1.0,
						1003.227,
						414.483,
						1.0,
						1039.444,
						419.963,
						1.0,
						986.667,
						419.894,
						1.0,
						1063.204,
						485.654,
						1.0,
						958.951,
						485.765,
						1.0,
						1074.173,
						568.016,
						1.0,
						948.392,
						562.536,
						1.0,
						1074.267,
						639.806,
						0.97,
						942.684,
						636.532,
						1.0,
						1035.791,
						635.914,
						0.81,
						981.071,
						639.304,
						0.88,
						1035.791,
						743.489,
						0.92,
						986.436,
						743.599,
						0.96,
						1033.465,
						836.89,
						0.99,
						991.982,
						836.889,
						1.0
					],
					"area": 19448.33,
					"b_score": 0.97,
					"object_id": 0
				}
			]
		},
		{
			"frame_num": 10,
			"objects": [
				{
					"category_id": 1,
					"bbox": [
						923.23,
						362.19,
						165.35,
						526.61
					],
					"score": 1.014,
					"keypoints": [
						1012.02,
						425.34,
						1.0,
						1022.988,
						414.417,
						1.0,
						1001.072,
						414.417,
						1.0,
						1038.239,
						419.897,
						1.0,
						984.771,
						419.851,
						1.0,
						1061.377,
						485.641,
						1.0,
						959.078,
						485.71,
						1.0,
						1072.345,
						567.972,
						1.0,
						948.363,
						562.492,
						1.0,
						1074.372,
						639.489,
						1.0,
						939.548,
						634.986,
						1.0,
						1033.957,
						637.207,
						0.86,
						979.234,
						639.268,
						0.86,
						1033.957,
						743.47,
						0.96,
						984.599,
						743.538,
						0.96,
						1031.983,
						836.792,
						1.0,
						989.087,
						836.788,
						1.0
					],
					"area": 19569.961,
					"b_score": 0.97,
					"object_id": 0
				}
			]
		},
		{
			"frame_num": 11,
			"objects": [
				{
					"category_id": 1,
					"bbox": [
						922.62,
						362.42,
						168.22,
						526.39
					],
					"score": 1.043,
					"keypoints": [
						1011.123,
						425.393,
						1.0,
						1019.902,
						414.452,
						1.0,
						1000.051,
						414.452,
						1.0,
						1035.695,
						419.932,
						1.0,
						983.783,
						419.908,
						1.0,
						1060.477,
						485.698,
						1.0,
						957.506,
						485.74,
						1.0,
						1071.447,
						567.998,
						1.0,
						946.569,
						562.518,
						1.0,
						1074.838,
						639.399,
						1.0,
						938.75,
						634.347,
						1.0,
						1033.061,
						638.051,
						0.88,
						978.277,
						639.288,
						0.89,
						1033.061,
						743.481,
						0.97,
						983.705,
						743.524,
						1.0,
						1031.688,
						836.755,
						1.0,
						988.222,
						836.752,
						1.0
					],
					"area": 19901.618,
					"b_score": 0.973,
					"object_id": 0
				}
			]
		},
		{
			"frame_num": 12,
			"objects": [
				{
					"category_id": 1,
					"bbox": [
						922.44,
						362.22,
						181.91,
						526.54
					],
					"score": 1.042,
					"keypoints": [
						1010.959,
						425.352,
						1.0,
						1020.539,
						414.403,
						1.0,
						999.908,
						414.403,
						1.0,
						1036.543,
						419.886,
						1.0,
						983.581,
						419.868,
						1.0,
						1060.315,
						485.672,
						1.0,
						956.921,
						485.699,
						1.0,
						1073.293,
						567.961,
						1.0,
						945.896,
						562.481,
						1.0,
						1082.876,
						636.061,
						1.0,
						939.092,
						633.997,
						1.0,
						1032.894,
						638.511,
						0.88,
						978.086,
						639.255,
						0.89,
						1032.894,
						741.566,
						0.96,
						983.537,
						743.485,
						0.99,
						1032.157,
						836.706,
						1.0,
						988.494,
						836.704,
						1.0
					],
					"area": 21526.663,
					"b_score": 0.973,
					"object_id": 0
				}
			]
		},
		{
			"frame_num": 13,
			"objects": [
				{
					"category_id": 1,
					"bbox": [
						923.01,
						360.94,
						202.59,
						528.34
					],
					"score": 1.002,
					"keypoints": [
						1010.814,
						424.913,
						1.0,
						1018.771,
						413.971,
						1.0,
						999.763,
						413.971,
						1.0,
						1035.036,
						419.464,
						1.0,
						983.379,
						417.483,
						1.0,
						1060.232,
						485.339,
						1.0,
						956.422,
						485.358,
						1.0,
						1074.561,
						563.475,
						1.0,
						945.347,
						562.237,
						1.0,
						1094.098,
						630.783,
						1.0,
						935.666,
						633.642,
						1.0,
						1032.776,
						636.624,
						0.84,
						977.884,
						637.185,
						0.81,
						1032.776,
						740.23,
						0.94,
						983.356,
						743.469,
						0.97,
						1032.368,
						836.856,
						1.0,
						988.513,
						836.86,
						1.0
					],
					"area": 24056.047,
					"b_score": 0.966,
					"object_id": 0
				}
			]
		},
		{
			"frame_num": 14,
			"objects": [
				{
					"category_id": 1,
					"bbox": [
						920.43,
						360.98,
						223.36,
						528.01
					],
					"score": 0.969,
					"keypoints": [
						1009.518,
						424.655,
						1.0,
						1018.61,
						413.709,
						1.0,
						998.378,
						413.709,
						1.0,
						1034.97,
						419.204,
						1.0,
						982.023,
						415.97,
						1.0,
						1058.972,
						485.121,
						0.98,
						954.89,
						485.135,
						1.0,
						1078.796,
						557.788,
						1.0,
						943.712,
						562.057,
						1.0,
						1107.64,
						616.468,
						1.0,
						932.27,
						633.419,
						1.0,
						1031.496,
						635.46,
						0.79,
						976.536,
						635.709,
						0.81,
						1031.496,
						739.285,
						0.92,
						982.042,
						743.385,
						0.91,
						1030.747,
						836.797,
						1.0,
						986.717,
						836.797,
						1.0
					],
					"area": 26505.879,
					"b_score": 0.952,
					"object_id": 0
				}
			]
		},
		{
			"frame_num": 15,
			"objects": [
				{
					"category_id": 1,
					"bbox": [
						919.08,
						359.97,
						249.29,
						529.86
					],
					"score": 0.895,
					"keypoints": [
						1008.881,
						424.203,
						1.0,
						1018.718,
						413.255,
						1.0,
						997.739,
						411.17,
						1.0,
						1035.148,
						418.759,
						1.0,
						981.333,
						414.629,
						1.0,
						1058.425,
						484.779,
						0.93,
						954.027,
						484.791,
						0.94,
						1084.455,
						554.304,
						0.94,
						942.844,
						561.833,
						0.92,
						1120.339,
						599.268,
						0.92,
						934.532,
						633.288,
						0.93,
						1030.9,
						634.643,
						0.77,
						975.837,
						634.733,
						0.74,
						1030.9,
						738.811,
						0.87,
						981.359,
						743.452,
						0.81,
						1030.303,
						837.109,
						0.99,
						989.084,
						837.115,
						0.95
					],
					"area": 29686.564,
					"b_score": 0.956,
					"object_id": 0
				}
			]
		},
		{
			"frame_num": 16,
			"objects": [
				{
					"category_id": 1,
					"bbox": [
						916.85,
						359.24,
						263.55,
						530.97
					],
					"score": 0.963,
					"keypoints": [
						1010.233,
						423.713,
						1.0,
						1020.487,
						412.745,
						1.0,
						999.222,
						411.397,
						1.0,
						1036.97,
						418.259,
						1.0,
						982.682,
						413.522,
						1.0,
						1059.841,
						484.4,
						1.0,
						955.242,
						484.41,
						1.0,
						1093.311,
						552.272,
						0.95,
						944.194,
						561.582,
						1.0,
						1145.775,
						567.209,
						0.95,
						934.937,
						633.141,
						1.0,
						1032.281,
						634.048,
						0.83,
						977.166,
						634.062,
						0.84,
						1032.281,
						738.542,
						0.92,
						982.67,
						743.521,
						0.89,
						1032.729,
						837.403,
						1.0,
						989.866,
						837.41,
						1.0
					],
					"area": 31450.38,
					"b_score": 0.954,
					"object_id": 0
				}
			]
		},
		{
			"frame_num": 17,
			"objects": [
				{
					"category_id": 1,
					"bbox": [
						916.55,
						358.87,
						281.77,
						530.39
					],
					"score": 0.98,
					"keypoints": [
						1010.317,
						423.255,
						1.0,
						1018.789,
						412.252,
						1.0,
						999.297,
						409.198,
						1.0,
						1035.369,
						417.772,
						1.0,
						982.743,
						412.662,
						1.0,
						1059.966,
						481.834,
						1.0,
						955.234,
						483.98,
						1.0,
						1099.438,
						548.106,
						0.93,
						944.184,
						561.219,
						1.0,
						1148.077,
						542.483,
						0.99,
						933.882,
						632.712,
						1.0,
						1032.383,
						633.416,
						0.84,
						977.222,
						633.386,
						0.83,
						1032.383,
						738.073,
						0.94,
						982.734,
						741.269,
						0.93,
						1032.644,
						837.083,
						1.0,
						989.1,
						837.082,
						1.0
					],
					"area": 33588.632,
					"b_score": 0.957,
					"object_id": 0
				}
			]
		},
		{
			"frame_num": 18,
			"objects": [
				{
					"category_id": 1,
					"bbox": [
						916.23,
						358.64,
						288.04,
						530.32
					],
					"score": 0.887,
					"keypoints": [
						1009.38,
						420.763,
						1.0,
						1018.801,
						411.842,
						1.0,
						998.292,
						407.721,
						1.0,
						1035.376,
						417.363,
						1.0,
						981.767,
						412.043,
						1.0,
						1059.066,
						480.056,
						0.86,
						954.217,
						483.61,
						0.94,
						1103.8,
						542.891,
						0.9,
						943.109,
						560.888,
						0.92,
						1155.251,
						514.57,
						0.95,
						931.803,
						632.37,
						0.89,
						1031.463,
						632.913,
						0.75,
						976.246,
						632.869,
						0.72,
						1031.463,
						737.675,
						0.87,
						981.777,
						739.639,
						0.82,
						1031.179,
						836.771,
						0.99,
						990.228,
						836.774,
						0.95
					],
					"area": 34331.636,
					"b_score": 0.959,
					"object_id": 0
				}
			]
		},
		{
			"frame_num": 19,
			"objects": [
				{
					"category_id": 1,
					"bbox": [
						915.93,
						359.9,
						298.63,
						528.66
					],
					"score": 0.961,
					"keypoints": [
						1010.6,
						419.577,
						1.0,
						1020.583,
						411.977,
						1.0,
						999.612,
						407.307,
						1.0,
						1035.225,
						417.494,
						1.0,
						983.041,
						412.113,
						1.0,
						1058.285,
						479.343,
						0.93,
						955.496,
						483.681,
						1.0,
						1108.515,
						534.465,
						0.98,
						944.499,
						560.896,
						1.0,
						1160.359,
						487.382,
						0.99,
						934.011,
						635.449,
						0.98,
						1032.67,
						632.753,
						0.79,
						977.522,
						634.742,
						0.8,
						1032.67,
						737.463,
						0.91,
						983.026,
						738.644,
						0.89,
						1033.235,
						836.499,
						1.0,
						990.591,
						836.502,
						1.0
					],
					"area": 35481.636,
					"b_score": 0.972,
					"object_id": 0
				}
			]
		},
		{
			"frame_num": 20,
			"objects": [
				{
					"category_id": 1,
					"bbox": [
						916.03,
						359.64,
						294.93,
						528.84
					],
					"score": 0.956,
					"keypoints": [
						1010.794,
						418.742,
						1.0,
						1021.152,
						411.975,
						1.0,
						999.805,
						406.961,
						1.0,
						1034.47,
						417.489,
						1.0,
						983.242,
						412.057,
						1.0,
						1057.101,
						476.398,
						0.97,
						955.699,
						483.645,
						1.0,
						1106.493,
						523.857,
						1.0,
						944.705,
						560.831,
						1.0,
						1160.001,
						464.459,
						1.0,
						934.027,
						636.798,
						0.97,
						1032.854,
						632.589,
						0.79,
						977.725,
						635.804,
						0.82,
						1032.854,
						737.28,
						0.91,
						983.231,
						740.067,
						0.89,
						1033.216,
						836.31,
						1.0,
						989.834,
						836.313,
						1.0
					],
					"area": 35053.615,
					"b_score": 0.963,
					"object_id": 0
				}
			]
		},
		{
			"frame_num": 21,
			"objects": [
				{
					"category_id": 1,
					"bbox": [
						916.49,
						360.48,
						284.55,
						528.55
					],
					"score": 0.935,
					"keypoints": [
						1011.211,
						418.563,
						1.0,
						1019.848,
						412.257,
						1.0,
						1000.21,
						407.089,
						1.0,
						1034.291,
						417.77,
						1.0,
						981.637,
						412.334,
						1.0,
						1056.678,
						475.046,
						0.96,
						956.121,
						483.89,
						0.97,
						1106.004,
						509.314,
						1.0,
						945.131,
						561.037,
						0.96,
						1152.548,
						442.99,
						1.0,
						934.482,
						637.784,
						0.93,
						1033.258,
						632.746,
						0.77,
						978.15,
						636.779,
						0.79,
						1033.258,
						737.41,
						0.89,
						983.658,
						741.132,
						0.86,
						1030.632,
						836.522,
						1.0,
						989.894,
						836.523,
						0.99
					],
					"area": 33801.202,
					"b_score": 0.965,
					"object_id": 0
				}
			]
		},
		{
			"frame_num": 22,
			"objects": [
				{
					"category_id": 1,
					"bbox": [
						917.04,
						362.08,
						270.3,
						527.99
					],
					"score": 0.962,
					"keypoints": [
						1011.116,
						419.05,
						1.0,
						1020.573,
						412.984,
						1.0,
						1000.115,
						407.762,
						1.0,
						1033.78,
						418.492,
						1.0,
						982.285,
						413.069,
						1.0,
						1055.989,
						474.952,
						0.98,
						956.058,
						484.573,
						0.98,
						1105.206,
						501.297,
						1.0,
						945.063,
						563.856,
						1.0,
						1143.59,
						432.266,
						1.0,
						934.194,
						638.982,
						0.98,
						1033.146,
						633.317,
						0.78,
						978.077,
						637.929,
						0.81,
						1033.146,
						737.934,
						0.89,
						983.582,
						740.297,
						0.88,
						1031.816,
						837.206,
						1.0,
						989.4,
						837.209,
						1.0
					],
					"area": 32075.278,
					"b_score": 0.965,
					"object_id": 0
				}
			]
		},
		{
			"frame_num": 23,
			"objects": [
				{
					"category_id": 1,
					"bbox": [
						918.17,
						361.71,
						239.53,
						527.23
					],
					"score": 0.936,
					"keypoints": [
						1011.881,
						419.171,
						1.0,
						1021.913,
						413.302,
						1.0,
						1000.858,
						408.0,
						1.0,
						1034.297,
						418.804,
						1.0,
						983.505,
						413.362,
						1.0,
						1056.44,
						474.667,
						0.94,
						956.867,
						484.825,
						0.97,
						1105.903,
						494.489,
						1.0,
						945.844,
						565.391,
						0.98,
						1125.898,
						425.824,
						1.0,
						935.315,
						639.021,
						0.93,
						1033.889,
						633.404,
						0.74,
						978.868,
						636.411,
						0.77,
						1033.889,
						737.925,
						0.88,
						984.374,
						739.402,
						0.87,
						1030.676,
						836.976,
						1.0,
						990.385,
						836.977,
						1.0
					],
					"area": 28382.664,
					"b_score": 0.962,
					"object_id": 0
				}
			]
		},
		{
			"frame_num": 24,
			"objects": [
				{
					"category_id": 1,
					"bbox": [
						920.39,
						359.14,
						205.6,
						530.83
					],
					"score": 1.012,
					"keypoints": [
						1011.011,
						418.409,
						1.0,
						1021.38,
						412.741,
						1.0,
						999.955,
						407.281,
						1.0,
						1033.223,
						418.252,
						1.0,
						982.883,
						412.737,
						1.0,
						1055.312,
						473.722,
						1.0,
						955.899,
						486.442,
						1.0,
						1104.682,
						487.362,
						1.0,
						944.827,
						565.835,
						1.0,
						1104.125,
						423.167,
						1.0,
						933.486,
						638.657,
						1.0,
						1033.053,
						633.201,
						0.83,
						977.945,
						635.116,
						0.85,
						1033.053,
						737.916,
						0.94,
						983.457,
						738.83,
						1.0,
						1031.098,
						837.212,
						1.0,
						988.706,
						837.213,
						1.0
					],
					"area": 24527.947,
					"b_score": 0.963,
					"object_id": 0
				}
			]
		},
		{
			"frame_num": 25,
			"objects": [
				{
					"category_id": 1,
					"bbox": [
						921.56,
						358.54,
						203.15,
						530.96
					],
					"score": 1.011,
					"keypoints": [
						1010.409,
						417.706,
						1.0,
						1021.023,
						412.157,
						1.0,
						999.331,
						406.601,
						1.0,
						1032.527,
						417.675,
						1.0,
						982.445,
						412.116,
						1.0,
						1054.604,
						472.938,
						1.0,
						955.22,
						487.249,
						1.0,
						1106.722,
						477.115,
						1.0,
						944.127,
						565.881,
						1.0,
						1085.531,
						426.908,
						1.0,
						932.587,
						638.22,
						0.99,
						1032.484,
						632.881,
						0.84,
						977.295,
						634.061,
						0.84,
						1032.484,
						737.727,
						0.96,
						982.818,
						740.277,
						1.0,
						1031.27,
						837.082,
						1.0,
						987.868,
						837.082,
						1.0
					],
					"area": 24241.497,
					"b_score": 0.964,
					"object_id": 0
				}
			]
		},
		{
			"frame_num": 26,
			"objects": [
				{
					"category_id": 1,
					"bbox": [
						923.4,
						360.12,
						203.61,
						528.99
					],
					"score": 0.981,
					"keypoints": [
						1010.761,
						417.812,
						1.0,
						1021.534,
						412.267,
						1.0,
						999.715,
						406.74,
						1.0,
						1032.884,
						417.782,
						0.71,
						982.941,
						412.248,
						1.0,
						1054.959,
						472.999,
						1.0,
						955.608,
						488.188,
						1.0,
						1108.643,
						466.982,
						1.0,
						944.552,
						566.232,
						1.0,
						1074.509,
						432.917,
						1.0,
						933.489,
						638.312,
						0.98,
						1032.823,
						632.881,
						0.87,
						977.669,
						635.568,
						0.85,
						1032.823,
						737.673,
						0.95,
						983.186,
						741.27,
						1.0,
						1032.444,
						836.917,
						1.0,
						988.667,
						836.917,
						1.0
					],
					"area": 24207.009,
					"b_score": 0.965,
					"object_id": 0
				}
			]
		},
		{
			"frame_num": 27,
			"objects": [
				{
					"category_id": 1,
					"bbox": [
						923.44,
						360.32,
						198.24,
						528.47
					],
					"score": 0.97,
					"keypoints": [
						1012.051,
						417.929,
						1.0,
						1022.965,
						412.386,
						1.0,
						1000.986,
						406.881,
						1.0,
						1034.104,
						415.812,
						0.8,
						984.345,
						412.381,
						1.0,
						1058.096,
						473.07,
						0.95,
						956.924,
						488.786,
						1.0,
						1111.016,
						460.018,
						0.95,
						945.852,
						566.438,
						1.0,
						1074.78,
						438.292,
						1.0,
						935.518,
						635.26,
						0.97,
						1034.099,
						632.855,
						0.83,
						978.973,
						634.562,
						0.84,
						1034.099,
						737.574,
						0.92,
						984.494,
						741.864,
						0.97,
						1034.662,
						836.696,
						1.0,
						990.635,
						836.697,
						1.0
					],
					"area": 23545.062,
					"b_score": 0.972,
					"object_id": 0
				}
			]
		},
		{
			"frame_num": 28,
			"objects": [
				{
					"category_id": 1,
					"bbox": [
						924.64,
						360.99,
						196.39,
						527.96
					],
					"score": 0.986,
					"keypoints": [
						1013.01,
						418.232,
						1.0,
						1023.991,
						412.681,
						1.0,
						1001.95,
						407.2,
						1.0,
						1034.972,
						414.804,
						1.0,
						983.39,
						412.69,
						1.0,
						1058.268,
						473.34,
						0.95,
						957.925,
						489.369,
						1.0,
						1112.293,
						458.171,
						0.97,
						946.86,
						566.752,
						1.0,
						1075.011,
						436.053,
						1.0,
						936.679,
						634.099,
						0.97,
						1035.04,
						632.985,
						0.83,
						979.957,
						636.02,
						0.87,
						1035.04,
						737.623,
						0.92,
						985.474,
						742.36,
						1.0,
						1035.784,
						836.698,
						1.0,
						991.731,
						836.698,
						1.0
					],
					"area": 23303.275,
					"b_score": 0.97,
					"object_id": 0
				}
			]
		},
		{
			"frame_num": 29,
			"objects": [
				{
					"category_id": 1,
					"bbox": [
						925.04,
						360.73,
						193.69,
						528.5
					],
					"score": 1.028,
					"keypoints": [
						1011.324,
						418.342,
						1.0,
						1022.25,
						412.802,
						1.0,
						1002.195,
						407.318,
						1.0,
						1035.208,
						416.168,
						1.0,
						982.386,
						412.811,
						1.0,
						1056.003,
						471.077,
						1.0,
						958.168,
						489.663,
						1.0,
						1109.925,
						460.977,
						1.0,
						949.351,
						566.917,
						1.0,
						1078.418,
						431.249,
						1.0,
						939.931,
						633.61,
						1.0,
						1035.267,
						633.075,
						0.9,
						980.195,
						637.017,
						0.87,
						1035.267,
						737.697,
						0.97,
						985.711,
						742.725,
						1.0,
						1035.702,
						836.817,
						1.0,
						991.659,
						836.817,
						1.0
					],
					"area": 23005.728,
					"b_score": 0.97,
					"object_id": 0
				}
			]
		},
		{
			"frame_num": 30,
			"objects": [
				{
					"category_id": 1,
					"bbox": [
						925.4,
						359.45,
						186.5,
						529.54
					],
					"score": 0.939,
					"keypoints": [
						1010.991,
						417.98,
						1.0,
						1021.955,
						412.472,
						1.0,
						1001.191,
						406.955,
						1.0,
						1034.231,
						416.597,
						1.0,
						982.529,
						412.464,
						1.0,
						1055.436,
						469.278,
						0.93,
						959.162,
						489.433,
						1.0,
						1105.388,
						464.647,
						0.94,
						949.49,
						566.679,
						0.96,
						1084.448,
						420.627,
						0.96,
						939.201,
						632.97,
						0.93,
						1036.314,
						632.867,
						0.77,
						981.203,
						635.428,
						0.79,
						1034.255,
						737.554,
						0.88,
						986.723,
						740.819,
						0.9,
						1033.994,
						836.7,
						1.0,
						992.893,
						836.7,
						0.98
					],
					"area": 22195.8,
					"b_score": 0.974,
					"object_id": 0
				}
			]
		},
		{
			"frame_num": 31,
			"objects": [
				{
					"category_id": 1,
					"bbox": [
						925.92,
						349.27,
						188.45,
						540.35
					],
					"score": 1.047,
					"keypoints": [
						1009.131,
						418.574,
						1.0,
						1020.265,
						410.949,
						1.0,
						1000.934,
						407.465,
						1.0,
						1034.227,
						415.633,
						1.0,
						980.777,
						413.001,
						1.0,
						1053.708,
						469.712,
						1.0,
						959.903,
						488.58,
						1.0,
						1096.972,
						467.911,
						1.0,
						952.005,
						566.41,
						1.0,
						1088.014,
						411.067,
						1.0,
						942.244,
						633.276,
						1.0,
						1035.531,
						633.096,
						0.86,
						982.14,
						634.737,
						0.88,
						1034.242,
						736.533,
						0.99,
						985.562,
						740.692,
						0.99,
						1034.112,
						836.413,
						1.0,
						990.98,
						836.413,
						1.0
					],
					"area": 22885.344,
					"b_score": 0.976,
					"object_id": 0
				}
			]
		},
		{
			"frame_num": 32,
			"objects": [
				{
					"category_id": 1,
					"bbox": [
						926.74,
						351.52,
						215.81,
						540.6
					],
					"score": 0.935,
					"keypoints": [
						1009.194,
						417.716,
						1.0,
						1020.375,
						410.835,
						1.0,
						999.894,
						408.572,
						1.0,
						1033.35,
						415.865,
						1.0,
						980.917,
						412.142,
						1.0,
						1051.614,
						470.886,
						0.91,
						961.7,
						488.921,
						1.0,
						1090.144,
						467.367,
						0.92,
						952.421,
						567.148,
						0.95,
						1094.548,
						406.374,
						1.0,
						941.939,
						637.973,
						0.91,
						1036.269,
						632.053,
						0.76,
						981.757,
						635.144,
						0.8,
						1035.448,
						736.797,
						0.9,
						986.015,
						741.456,
						0.89,
						1032.904,
						837.579,
						1.0,
						991.743,
						837.58,
						1.0
					],
					"area": 26220.187,
					"b_score": 0.96,
					"object_id": 0
				}
			]
		},
		{
			"frame_num": 33,
			"objects": [
				{
					"category_id": 1,
					"bbox": [
						927.61,
						357.66,
						227.87,
						531.39
					],
					"score": 0.953,
					"keypoints": [
						1007.774,
						416.979,
						1.0,
						1021.001,
						410.614,
						1.0,
						999.943,
						407.169,
						1.0,
						1033.31,
						415.834,
						1.0,
						981.812,
						411.432,
						1.0,
						1050.869,
						470.984,
						0.93,
						961.53,
						488.486,
						1.0,
						1083.686,
						459.828,
						0.93,
						953.859,
						566.435,
						1.0,
						1101.494,
						396.338,
						1.0,
						943.602,
						637.54,
						0.99,
						1037.256,
						629.684,
						0.78,
						982.41,
						633.839,
						0.81,
						1036.75,
						736.809,
						0.93,
						987.154,
						739.756,
						0.93,
						1033.079,
						837.004,
						1.0,
						993.288,
						837.004,
						1.0
					],
					"area": 27213.947,
					"b_score": 0.952,
					"object_id": 0
				}
			]
		},
		{
			"frame_num": 34,
			"objects": [
				{
					"category_id": 1,
					"bbox": [
						927.61,
						357.2,
						220.08,
						531.9
					],
					"score": 0.907,
					"keypoints": [
						1007.542,
						416.361,
						1.0,
						1020.0,
						410.325,
						1.0,
						998.487,
						406.083,
						1.0,
						1033.864,
						415.669,
						1.0,
						980.945,
						410.828,
						1.0,
						1048.711,
						470.903,
						0.92,
						962.067,
						488.098,
						1.0,
						1078.33,
						459.755,
						0.86,
						952.994,
						565.908,
						0.92,
						1098.168,
						393.924,
						1.0,
						945.22,
						634.194,
						0.9,
						1036.364,
						628.125,
						0.73,
						981.318,
						632.924,
						0.78,
						1036.047,
						734.586,
						0.89,
						986.36,
						738.597,
						0.87,
						1030.974,
						836.723,
						1.0,
						991.862,
						836.723,
						0.99
					],
					"area": 26309.077,
					"b_score": 0.954,
					"object_id": 0
				}
			]
		},
		{
			"frame_num": 35,
			"objects": [
				{
					"category_id": 1,
					"bbox": [
						926.1,
						352.47,
						186.64,
						537.63
					],
					"score": 1.013,
					"keypoints": [
						1008.817,
						416.554,
						1.0,
						1020.776,
						410.67,
						1.0,
						998.977,
						405.927,
						1.0,
						1033.706,
						416.095,
						1.0,
						981.682,
						412.929,
						1.0,
						1049.351,
						471.653,
						0.96,
						961.497,
						488.677,
						1.0,
						1078.273,
						463.775,
						1.0,
						953.842,
						564.707,
						1.0,
						1089.52,
						402.19,
						1.0,
						944.396,
						634.771,
						1.0,
						1037.394,
						628.747,
						0.8,
						981.963,
						633.789,
						0.85,
						1037.207,
						735.162,
						0.95,
						987.221,
						737.611,
						0.97,
						1032.263,
						836.809,
						1.0,
						993.152,
						836.809,
						1.0
					],
					"area": 22551.884,
					"b_score": 0.976,
					"object_id": 0
				}
			]
		},
		{
			"frame_num": 36,
			"objects": [
				{
					"category_id": 1,
					"bbox": [
						926.27,
						347.25,
						168.36,
						541.46
					],
					"score": 1.026,
					"keypoints": [
						1010.379,
						414.775,
						1.0,
						1022.142,
						409.046,
						1.0,
						1000.023,
						406.133,
						1.0,
						1034.443,
						414.593,
						1.0,
						982.883,
						412.65,
						1.0,
						1050.71,
						470.414,
						0.99,
						961.897,
						487.557,
						1.0,
						1079.609,
						463.305,
						1.0,
						955.136,
						562.418,
						1.0,
						1079.739,
						401.253,
						1.0,
						945.098,
						633.268,
						1.0,
						1039.048,
						627.807,
						0.83,
						983.185,
						633.148,
						0.91,
						1036.686,
						734.56,
						0.94,
						988.607,
						738.233,
						0.97,
						1034.198,
						835.912,
						1.0,
						994.992,
						835.912,
						1.0
					],
					"area": 20487.462,
					"b_score": 0.978,
					"object_id": 0
				}
			]
		},
		{
			"frame_num": 37,
			"objects": [
				{
					"category_id": 1,
					"bbox": [
						925.95,
						352.59,
						170.59,
						536.15
					],
					"score": 1.014,
					"keypoints": [
						1011.738,
						415.558,
						1.0,
						1021.273,
						409.856,
						1.0,
						1001.04,
						407.917,
						1.0,
						1035.134,
						415.395,
						0.96,
						984.086,
						414.181,
						1.0,
						1051.633,
						471.263,
						0.98,
						962.647,
						488.223,
						1.0,
						1085.068,
						465.186,
						1.0,
						954.103,
						562.265,
						1.0,
						1063.775,
						407.196,
						1.0,
						943.127,
						633.998,
						1.0,
						1038.015,
						630.285,
						0.84,
						982.189,
						633.687,
						0.9,
						1036.568,
						736.704,
						0.94,
						987.662,
						739.14,
						0.99,
						1032.399,
						835.788,
						1.0,
						993.246,
						835.789,
						1.0
					],
					"area": 20555.435,
					"b_score": 0.979,
					"object_id": 0
				}
			]
		},
		{
			"frame_num": 38,
			"objects": [
				{
					"category_id": 1,
					"bbox": [
						926.03,
						360.6,
						176.76,
						527.83
					],
					"score": 0.853,
					"keypoints": [
						1013.907,
						414.477,
						0.65,
						1023.93,
						408.888,
						0.62,
						1003.026,
						407.714,
						0.64,
						1036.668,
						414.432,
						0.41,
						986.329,
						413.698,
						0.98,
						1053.055,
						469.901,
						0.94,
						962.463,
						486.83,
						1.0,
						1088.49,
						463.754,
						1.0,
						955.173,
						561.885,
						0.99,
						1053.159,
						417.431,
						1.0,
						944.567,
						633.322,
						0.99,
						1038.46,
						631.142,
						0.82,
						982.947,
						633.346,
						0.8,
						1037.567,
						736.881,
						0.91,
						988.439,
						738.427,
						0.89,
						1033.047,
						835.999,
						1.0,
						991.31,
						835.999,
						0.98
					],
					"area": 20968.872,
					"b_score": 0.983,
					"object_id": 0
				}
			]
		},
		{
			"frame_num": 39,
			"objects": [
				{
					"category_id": 1,
					"bbox": [
						925.72,
						360.72,
						180.89,
						527.66
					],
					"score": 0.983,
					"keypoints": [
						1011.751,
						415.936,
						0.98,
						1022.166,
						408.326,
						1.0,
						1002.8,
						407.62,
						1.0,
						1036.202,
						413.864,
						0.74,
						986.175,
						415.517,
						1.0,
						1052.639,
						471.196,
						1.0,
						963.053,
						485.928,
						1.0,
						1089.172,
						460.251,
						1.0,
						954.293,
						561.675,
						1.0,
						1043.472,
						425.621,
						1.0,
						943.207,
						633.031,
						1.0,
						1037.341,
						631.722,
						0.86,
						982.034,
						633.141,
						0.85,
						1036.771,
						737.002,
						0.94,
						987.518,
						737.977,
						0.94,
						1031.33,
						836.083,
						1.0,
						991.38,
						836.083,
						1.0
					],
					"area": 21451.95,
					"b_score": 0.98,
					"object_id": 0
				}
			]
		},
		{
			"frame_num": 40,
			"objects": [
				{
					"category_id": 1,
					"bbox": [
						925.66,
						361.22,
						183.62,
						527.33
					],
					"score": 0.948,
					"keypoints": [
						1010.884,
						416.966,
						1.0,
						1021.488,
						408.166,
						1.0,
						1001.211,
						407.72,
						1.0,
						1036.387,
						413.687,
						0.63,
						986.605,
						414.737,
						0.87,
						1052.831,
						472.119,
						1.0,
						963.957,
						485.51,
						1.0,
						1092.153,
						458.765,
						1.0,
						954.296,
						561.689,
						1.0,
						1046.645,
						432.58,
						1.0,
						943.266,
						633.079,
						1.0,
						1037.11,
						632.225,
						0.83,
						981.939,
						633.134,
						0.82,
						1034.792,
						737.172,
						0.94,
						987.424,
						737.794,
						0.92,
						1031.259,
						836.226,
						1.0,
						992.084,
						836.226,
						1.0
					],
					"area": 21761.438,
					"b_score": 0.978,
					"object_id": 0
				}
			]
		},
		{
			"frame_num": 41,
			"objects": [
				{
					"category_id": 1,
					"bbox": [
						925.73,
						359.98,
						183.92,
						528.56
					],
					"score": 0.956,
					"keypoints": [
						1012.379,
						417.25,
						0.97,
						1021.117,
						407.625,
						1.0,
						1002.205,
						407.393,
						1.0,
						1036.6,
						413.149,
						0.67,
						984.891,
						413.878,
						1.0,
						1053.059,
						470.309,
						1.0,
						964.535,
						484.882,
						1.0,
						1094.312,
						457.535,
						1.0,
						954.325,
						561.407,
						1.0,
						1051.436,
						426.688,
						1.0,
						943.315,
						632.776,
						0.99,
						1037.056,
						632.331,
						0.83,
						981.925,
						632.908,
						0.81,
						1033.541,
						737.158,
						0.94,
						987.419,
						737.544,
						0.91,
						1031.361,
						836.233,
						1.0,
						992.514,
						836.233,
						1.0
					],
					"area": 21848.321,
					"b_score": 0.978,
					"object_id": 0
				}
			]
		},
		{
			"frame_num": 42,
			"objects": [
				{
					"category_id": 1,
					"bbox": [
						923.93,
						360.35,
						185.58,
						528.72
					],
					"score": 0.96,
					"keypoints": [
						1011.025,
						417.572,
						1.0,
						1020.518,
						409.423,
						1.0,
						1002.479,
						407.312,
						1.0,
						1036.381,
						412.965,
						0.83,
						985.463,
						413.462,
						1.0,
						1052.868,
						469.305,
						0.96,
						964.481,
						484.645,
						1.0,
						1095.24,
						459.774,
						1.0,
						953.966,
						561.393,
						1.0,
						1060.899,
						422.121,
						1.0,
						939.595,
						632.88,
						0.97,
						1036.686,
						632.563,
						0.82,
						981.572,
						632.931,
						0.81,
						1034.418,
						737.316,
						0.94,
						987.068,
						737.568,
						0.93,
						1033.903,
						836.5,
						1.0,
						992.22,
						836.5,
						1.0
					],
					"area": 22052.068,
					"b_score": 0.976,
					"object_id": 0
				}
			]
		},
		{
			"frame_num": 43,
			"objects": [
				{
					"category_id": 1,
					"bbox": [
						921.7,
						356.62,
						181.98,
						532.65
					],
					"score": 1.002,
					"keypoints": [
						1010.636,
						416.617,
						1.0,
						1018.545,
						409.39,
						1.0,
						1001.219,
						406.009,
						1.0,
						1034.884,
						413.672,
						1.0,
						984.314,
						411.933,
						1.0,
						1053.365,
						469.71,
						1.0,
						962.817,
						483.39,
						1.0,
						1094.416,
						462.016,
						0.99,
						952.21,
						560.518,
						1.0,
						1075.233,
						414.151,
						1.0,
						938.541,
						631.996,
						1.0,
						1037.033,
						632.107,
						0.8,
						979.756,
						634.286,
						0.83,
						1033.566,
						737.1,
						0.92,
						985.284,
						737.238,
						0.94,
						1032.97,
						836.536,
						1.0,
						989.682,
						836.536,
						1.0
					],
					"area": 21784.764,
					"b_score": 0.975,
					"object_id": 0
				}
			]
		},
		{
			"frame_num": 44,
			"objects": [
				{
					"category_id": 1,
					"bbox": [
						921.28,
						347.1,
						196.68,
						542.6
					],
					"score": 1.039,
					"keypoints": [
						1008.669,
						414.897,
						1.0,
						1017.853,
						408.295,
						1.0,
						1000.732,
						403.94,
						1.0,
						1034.479,
						413.081,
						1.0,
						983.819,
						411.994,
						1.0,
						1052.41,
						469.292,
						1.0,
						961.924,
						481.974,
						1.0,
						1090.902,
						464.677,
						1.0,
						953.082,
						559.946,
						1.0,
						1090.815,
						404.877,
						1.0,
						938.034,
						628.954,
						1.0,
						1035.873,
						632.257,
						0.86,
						980.84,
						633.67,
						0.85,
						1033.633,
						738.124,
						1.0,
						984.383,
						738.195,
						0.99,
						1033.382,
						836.265,
						1.0,
						989.034,
						836.265,
						1.0
					],
					"area": 23984.577,
					"b_score": 0.973,
					"object_id": 0
				}
			]
		},
		{
			"frame_num": 45,
			"objects": [
				{
					"category_id": 1,
					"bbox": [
						923.36,
						356.11,
						230.17,
						532.42
					],
					"score": 0.934,
					"keypoints": [
						1008.39,
						414.685,
						1.0,
						1018.306,
						406.286,
						1.0,
						999.274,
						403.667,
						1.0,
						1034.894,
						413.541,
						1.0,
						982.484,
						410.771,
						1.0,
						1052.374,
						469.484,
						0.88,
						962.519,
						481.534,
						1.0,
						1086.363,
						464.51,
						0.89,
						952.868,
						559.389,
						1.0,
						1104.102,
						399.786,
						1.0,
						936.736,
						629.908,
						0.96,
						1035.801,
						631.701,
						0.73,
						980.62,
						632.554,
						0.79,
						1034.349,
						737.388,
						0.9,
						984.886,
						737.389,
						0.9,
						1031.634,
						836.044,
						1.0,
						990.243,
						836.044,
						1.0
					],
					"area": 27542.61,
					"b_score": 0.959,
					"object_id": 0
				}
			]
		},
		{
			"frame_num": 46,
			"objects": [
				{
					"category_id": 1,
					"bbox": [
						923.08,
						359.99,
						245.59,
						529.61
					],
					"score": 0.958,
					"keypoints": [
						1006.831,
						415.843,
						1.0,
						1017.204,
						406.518,
						1.0,
						996.92,
						404.866,
						1.0,
						1033.867,
						415.078,
						1.0,
						982.464,
						411.374,
						1.0,
						1048.579,
						470.754,
						0.92,
						961.771,
						482.542,
						1.0,
						1081.702,
						463.506,
						0.91,
						951.61,
						560.135,
						1.0,
						1108.15,
						397.0,
						1.0,
						937.618,
						628.538,
						0.99,
						1034.405,
						630.167,
						0.74,
						979.241,
						632.741,
						0.84,
						1033.522,
						737.564,
						0.92,
						983.958,
						737.571,
						0.93,
						1031.869,
						836.64,
						1.0,
						988.968,
						836.64,
						1.0
					],
					"area": 29231.667,
					"b_score": 0.959,
					"object_id": 0
				}
			]
		},
		{
			"frame_num": 47,
			"objects": [
				{
					"category_id": 1,
					"bbox": [
						923.5,
						358.98,
						238.22,
						530.51
					],
					"score": 0.903,
					"keypoints": [
						1006.775,
						416.251,
						1.0,
						1017.417,
						406.301,
						1.0,
						996.4,
						405.265,
						1.0,
						1034.03,
						415.778,
						1.0,
						981.153,
						411.413,
						1.0,
						1047.234,
						471.278,
						0.87,
						962.02,
						482.838,
						0.98,
						1077.47,
						462.558,
						0.86,
						951.546,
						558.123,
						0.96,
						1106.666,
						395.537,
						0.98,
						936.002,
						627.638,
						0.93,
						1034.373,
						628.946,
						0.7,
						979.174,
						632.665,
						0.78,
						1031.68,
						737.552,
						0.86,
						984.193,
						737.556,
						0.87,
						1030.15,
						836.828,
						0.99,
						986.374,
						836.828,
						0.97
					],
					"area": 28402.911,
					"b_score": 0.956,
					"object_id": 0
				}
			]
		},
		{
			"frame_num": 48,
			"objects": [
				{
					"category_id": 1,
					"bbox": [
						925.05,
						353.18,
						221.33,
						538.47
					],
					"score": 0.967,
					"keypoints": [
						1008.146,
						416.748,
						1.0,
						1018.956,
						406.366,
						1.0,
						997.498,
						405.692,
						1.0,
						1035.632,
						416.485,
						1.0,
						983.543,
						411.653,
						1.0,
						1048.238,
						472.181,
						0.92,
						963.35,
						483.624,
						1.0,
						1080.138,
						464.678,
						0.99,
						952.54,
						558.038,
						1.0,
						1098.695,
						398.954,
						1.0,
						939.819,
						629.362,
						1.0,
						1033.819,
						629.645,
						0.74,
						978.276,
						633.987,
						0.78,
						1032.146,
						737.499,
						0.92,
						985.516,
						739.526,
						0.92,
						1031.586,
						837.66,
						1.0,
						990.19,
						837.66,
						1.0
					],
					"area": 26785.728,
					"b_score": 0.96,
					"object_id": 0
				}
			]
		},
		{
			"frame_num": 49,
			"objects": [
				{
					"category_id": 1,
					"bbox": [
						924.37,
						346.77,
						187.29,
						542.09
					],
					"score": 1.026,
					"keypoints": [
						1008.648,
						414.873,
						1.0,
						1019.609,
						403.907,
						1.0,
						999.703,
						403.658,
						1.0,
						1036.423,
						414.822,
						1.0,
						984.797,
						409.462,
						1.0,
						1050.562,
						470.764,
						1.0,
						963.733,
						482.015,
						1.0,
						1083.521,
						463.843,
						1.0,
						952.727,
						555.855,
						1.0,
						1093.095,
						399.846,
						1.0,
						940.902,
						627.608,
						1.0,
						1035.212,
						628.34,
						0.8,
						979.369,
						633.265,
						0.83,
						1034.096,
						736.07,
						0.95,
						986.02,
						739.416,
						0.96,
						1031.864,
						836.389,
						1.0,
						991.518,
						836.389,
						1.0
					],
					"area": 22818.176,
					"b_score": 0.979,
					"object_id": 0
				}
			]
		},
		{
			"frame_num": 50,
			"objects": [
				{
					"category_id": 1,
					"bbox": [
						924.71,
						348.41,
						180.03,
						539.99
					],
					"score": 0.994,
					"keypoints": [
						1009.787,
						414.201,
						1.0,
						1020.898,
						405.288,
						1.0,
						1002.232,
						402.95,
						1.0,
						1037.823,
						414.205,
						1.0,
						986.611,
						410.795,
						1.0,
						1052.908,
						470.254,
						0.97,
						964.977,
						481.461,
						1.0,
						1088.232,
						465.772,
						0.99,
						953.817,
						554.945,
						1.0,
						1080.371,
						401.009,
						1.0,
						942.949,
						627.172,
						1.0,
						1036.981,
						627.752,
						0.8,
						980.945,
						632.983,
						0.84,
						1034.205,
						737.201,
						0.92,
						987.283,
						739.389,
						0.94,
						1033.245,
						835.624,
						1.0,
						990.428,
						835.624,
						1.0
					],
					"area": 21848.203,
					"b_score": 0.98,
					"object_id": 0
				}
			]
		},
		{
			"frame_num": 51,
			"objects": [
				{
					"category_id": 1,
					"bbox": [
						926.03,
						354.53,
						185.11,
						534.13
					],
					"score": 0.975,
					"keypoints": [
						1009.946,
						413.722,
						1.0,
						1021.07,
						403.891,
						1.0,
						1003.197,
						402.506,
						1.0,
						1037.914,
						411.506,
						1.0,
						987.157,
						409.487,
						1.0,
						1053.604,
						469.639,
						0.99,
						965.271,
						480.771,
						1.0,
						1092.933,
						464.763,
						1.0,
						954.109,
						553.685,
						1.0,
						1074.175,
						404.376,
						1.0,
						940.358,
						625.527,
						0.98,
						1035.409,
						628.573,
						0.81,
						979.483,
						631.85,
						0.81,
						1033.607,
						736.656,
						0.94,
						985.589,
						740.055,
						0.93,
						1032.851,
						835.717,
						1.0,
						989.123,
						835.717,
						1.0
					],
					"area": 22221.739,
					"b_score": 0.976,
					"object_id": 0
				}
			]
		},
		{
			"frame_num": 52,
			"objects": [
				{
					"category_id": 1,
					"bbox": [
						926.31,
						358.27,
						189.77,
						530.6
					],
					"score": 0.978,
					"keypoints": [
						1011.036,
						414.661,
						1.0,
						1022.166,
						404.421,
						1.0,
						1004.92,
						403.531,
						1.0,
						1038.953,
						413.25,
						1.0,
						988.653,
						409.969,
						1.0,
						1054.992,
						470.325,
						1.0,
						966.655,
						481.48,
						0.99,
						1096.789,
						463.113,
						1.0,
						955.482,
						554.021,
						1.0,
						1073.854,
						408.17,
						1.0,
						940.72,
						625.983,
						0.98,
						1035.268,
						629.732,
						0.84,
						979.574,
						631.854,
						0.83,
						1034.093,
						736.731,
						0.95,
						985.477,
						740.941,
						0.94,
						1034.04,
						836.05,
						1.0,
						989.983,
						836.05,
						1.0
					],
					"area": 22629.921,
					"b_score": 0.974,
					"object_id": 0
				}
			]
		},
		{
			"frame_num": 53,
			"objects": [
				{
					"category_id": 1,
					"bbox": [
						926.08,
						357.07,
						192.53,
						532.19
					],
					"score": 1.006,
					"keypoints": [
						1012.186,
						414.883,
						1.0,
						1023.326,
						406.308,
						1.0,
						1004.141,
						403.772,
						1.0,
						1040.089,
						413.96,
						1.0,
						987.734,
						409.884,
						1.0,
						1056.376,
						470.464,
						1.0,
						965.685,
						481.601,
						1.0,
						1099.612,
						461.706,
						1.0,
						954.577,
						553.958,
						1.0,
						1074.603,
						409.104,
						1.0,
						941.39,
						625.959,
						1.0,
						1035.594,
						630.338,
						0.88,
						979.988,
						631.716,
						0.83,
						1034.853,
						736.758,
						0.97,
						985.764,
						741.484,
						0.99,
						1035.272,
						836.332,
						1.0,
						990.988,
						836.332,
						1.0
					],
					"area": 23028.211,
					"b_score": 0.971,
					"object_id": 0
				}
			]
		},
		{
			"frame_num": 54,
			"objects": [
				{
					"category_id": 1,
					"bbox": [
						925.33,
						355.08,
						192.63,
						534.77
					],
					"score": 1.014,
					"keypoints": [
						1012.613,
						414.404,
						1.0,
						1023.761,
						404.846,
						1.0,
						1003.385,
						403.272,
						1.0,
						1038.392,
						413.823,
						1.0,
						986.874,
						409.168,
						1.0,
						1056.981,
						470.036,
						1.0,
						964.754,
						481.148,
						1.0,
						1103.788,
						460.213,
						1.0,
						953.669,
						553.489,
						1.0,
						1080.41,
						405.667,
						1.0,
						941.117,
						625.562,
						0.99,
						1035.586,
						630.506,
						0.88,
						979.947,
						631.382,
						0.83,
						1035.113,
						736.724,
						0.97,
						985.652,
						741.77,
						0.99,
						1035.439,
						836.638,
						1.0,
						991.0,
						836.638,
						1.0
					],
					"area": 23151.851,
					"b_score": 0.969,
					"object_id": 0
				}
			]
		}
	],
	"categories": [
		{
			"supercategory": "person",
			"id": 1,
			"name": "person",
			"keypoints": [
				"nose",
				"left_eye",
				"right_eye",
				"left_ear",
				"right_ear",
				"left_shoulder",
				"right_shoulder",
				"left_elbow",
				"right_elbow",
				"left_wrist",
				"right_wrist",
				"left_hip",
				"right_hip",
				"left_knee",
				"right_knee",
				"left_ankle",
				"right_ankle"
			],
			"skeleton": [
				[
					0,
					1
				],
				[
					0,
					2
				],
				[
					1,
					3
				],
				[
					2,
					4
				],
				[
					0,
					5
				],
				[
					0,
					6
				],
				[
					5,
					7
				],
				[
					6,
					8
				],
				[
					7,
					9
				],
				[
					8,
					10
				],
				[
					5,
					11
				],
				[
					6,
					12
				],
				[
					11,
					13
				],
				[
					12,
					14
				],
				[
					13,
					15
				],
				[
					14,
					16
				]
			]
		}
	]
}