{
	"info": {
		"description": "2D pose estimation outputs from Hawaii 2D Pose (based on MultiPoseNet)",
		"url": "",
		"version": "191128",
		"year": 2020,
		"contributor": "KakaoBrain-HumanCV",
		"date_created": "2020-01-15 22:05:49"
	},
	"video": {
		"path": "S016C002P040R002A023_rgb.avi",
		"width": 1920,
		"height": 1080,
		"original_length": 62,
		"fps": 30.0
	},
	"annotations": [
		{
			"frame_num": 0,
			"objects": [
				{
					"category_id": 1,
					"bbox": [
						908.4,
						393.84,
						162.65,
						416.44
					],
					"score": 0.902,
					"keypoints": [
						996.23,
						465.41,
						1.0,
						1009.24,
						456.74,
						1.0,
						987.55,
						456.74,
						1.0,
						1022.26,
						448.06,
						0.94,
						974.54,
						448.06,
						0.88,
						1043.95,
						500.12,
						0.95,
						952.85,
						491.44,
						1.0,
						1056.96,
						569.53,
						0.94,
						931.16,
						565.19,
						0.99,
						1043.95,
						625.92,
						0.93,
						939.84,
						625.92,
						0.96,
						1022.26,
						595.55,
						0.83,
						970.2,
						591.21,
						0.78,
						1039.61,
						669.3,
						0.87,
						948.51,
						656.28,
						0.83,
						1017.92,
						747.38,
						1.0,
						961.53,
						743.04,
						0.98
					],
					"area": 15222.916,
					"b_score": 0.956,
					"object_id": 0
				}
			]
		},
		{
			"frame_num": 1,
			"objects": [
				{
					"category_id": 1,
					"bbox": [
						908.2,
						394.11,
						163.3,
						416.37
					],
					"score": 0.866,
					"keypoints": [
						996.271,
						465.503,
						1.0,
						1009.285,
						456.83,
						1.0,
						987.595,
						456.83,
						0.98,
						1023.911,
						448.153,
						0.86,
						974.585,
						448.153,
						0.86,
						1043.988,
						500.206,
						0.91,
						952.895,
						491.53,
						0.98,
						1058.611,
						569.613,
						0.88,
						931.208,
						565.273,
						0.98,
						1044.006,
						626.038,
						0.87,
						939.907,
						626.038,
						0.95,
						1023.911,
						595.633,
						0.78,
						970.245,
						591.293,
						0.75,
						1039.651,
						669.376,
						0.81,
						948.558,
						656.359,
						0.85,
						1020.432,
						747.488,
						0.95,
						961.597,
						743.153,
						0.95
					],
					"area": 15281.15,
					"b_score": 0.959,
					"object_id": 0
				}
			]
		},
		{
			"frame_num": 2,
			"objects": [
				{
					"category_id": 1,
					"bbox": [
						908.95,
						393.95,
						162.13,
						416.73
					],
					"score": 0.863,
					"keypoints": [
						996.361,
						465.53,
						1.0,
						1007.785,
						456.854,
						0.99,
						987.68,
						456.854,
						0.98,
						1023.428,
						448.176,
						0.84,
						973.073,
						448.176,
						0.83,
						1042.498,
						500.242,
						0.91,
						952.973,
						491.561,
						0.97,
						1058.138,
						569.664,
						0.87,
						929.684,
						565.324,
						0.98,
						1041.737,
						626.117,
						0.87,
						940.001,
						626.117,
						0.94,
						1023.428,
						595.694,
						0.79,
						970.326,
						591.354,
						0.76,
						1039.751,
						671.078,
						0.83,
						947.041,
						656.436,
						0.86,
						1019.265,
						747.618,
						0.94,
						961.702,
						743.281,
						0.94
					],
					"area": 15184.744,
					"b_score": 0.96,
					"object_id": 0
				}
			]
		},
		{
			"frame_num": 3,
			"objects": [
				{
					"category_id": 1,
					"bbox": [
						909.1,
						393.97,
						162.48,
						417.12
					],
					"score": 0.923,
					"keypoints": [
						994.953,
						465.575,
						1.0,
						1006.934,
						456.894,
						1.0,
						986.269,
						456.894,
						1.0,
						1021.688,
						448.212,
						0.94,
						972.203,
						448.212,
						0.87,
						1041.666,
						500.304,
						1.0,
						951.541,
						491.62,
						0.97,
						1056.419,
						569.76,
						0.99,
						928.789,
						565.42,
						1.0,
						1040.923,
						626.274,
						0.98,
						940.193,
						626.274,
						0.96,
						1021.688,
						595.804,
						0.83,
						968.905,
						591.464,
						0.78,
						1038.368,
						670.639,
						0.9,
						946.156,
						656.577,
						0.9,
						1016.463,
						747.859,
						1.0,
						959.508,
						743.52,
						0.96
					],
					"area": 15231.701,
					"b_score": 0.961,
					"object_id": 0
				}
			]
		},
		{
			"frame_num": 4,
			"objects": [
				{
					"category_id": 1,
					"bbox": [
						909.38,
						393.86,
						162.36,
						417.73
					],
					"score": 0.919,
					"keypoints": [
						994.116,
						465.604,
						1.0,
						1006.493,
						456.914,
						1.0,
						985.425,
						456.914,
						1.0,
						1020.622,
						448.225,
						0.9,
						971.73,
						448.225,
						0.88,
						1041.255,
						500.362,
						1.0,
						952.254,
						493.302,
						0.98,
						1055.385,
						569.875,
						0.99,
						928.279,
						565.532,
						1.0,
						1040.736,
						626.476,
						0.97,
						940.358,
						626.476,
						0.96,
						1020.622,
						595.943,
						0.83,
						968.043,
						591.599,
						0.78,
						1037.568,
						672.129,
						0.9,
						945.659,
						656.768,
						0.91,
						1015.339,
						748.198,
						1.0,
						958.61,
						743.853,
						0.97
					],
					"area": 15242.61,
					"b_score": 0.959,
					"object_id": 0
				}
			]
		},
		{
			"frame_num": 5,
			"objects": [
				{
					"category_id": 1,
					"bbox": [
						909.29,
						393.85,
						162.25,
						417.86
					],
					"score": 0.862,
					"keypoints": [
						995.123,
						465.627,
						1.0,
						1006.169,
						456.933,
						0.99,
						986.43,
						456.933,
						0.97,
						1021.492,
						448.237,
						0.83,
						971.384,
						448.237,
						0.83,
						1040.955,
						500.406,
						0.91,
						952.652,
						494.401,
						0.97,
						1056.272,
						569.968,
						0.87,
						927.901,
						565.622,
						0.97,
						1040.588,
						629.11,
						0.87,
						940.359,
						626.604,
						0.95,
						1021.492,
						596.051,
						0.78,
						969.039,
						591.705,
						0.77,
						1038.599,
						673.103,
						0.83,
						945.293,
						656.917,
						0.87,
						1017.1,
						748.411,
						0.93,
						960.42,
						744.063,
						0.94
					],
					"area": 15237.58,
					"b_score": 0.959,
					"object_id": 0
				}
			]
		},
		{
			"frame_num": 6,
			"objects": [
				{
					"category_id": 1,
					"bbox": [
						909.31,
						394.1,
						161.96,
						417.42
					],
					"score": 0.865,
					"keypoints": [
						995.708,
						465.705,
						1.0,
						1005.916,
						457.008,
						0.99,
						987.013,
						457.008,
						0.98,
						1021.981,
						448.315,
						0.82,
						971.132,
						448.315,
						0.86,
						1040.704,
						500.484,
						0.92,
						952.888,
						495.141,
						0.97,
						1056.763,
						570.049,
						0.87,
						927.649,
						565.702,
						0.97,
						1040.429,
						630.251,
						0.86,
						940.323,
						626.67,
						0.95,
						1021.981,
						596.135,
						0.78,
						969.624,
						591.788,
						0.77,
						1039.184,
						673.682,
						0.83,
						945.041,
						657.003,
						0.89,
						1017.861,
						748.442,
						0.93,
						961.271,
						744.093,
						0.95
					],
					"area": 15194.197,
					"b_score": 0.958,
					"object_id": 0
				}
			]
		},
		{
			"frame_num": 7,
			"objects": [
				{
					"category_id": 1,
					"bbox": [
						909.11,
						394.29,
						162.33,
						416.97
					],
					"score": 0.864,
					"keypoints": [
						996.086,
						465.794,
						1.0,
						1005.745,
						457.1,
						0.99,
						987.393,
						457.1,
						0.98,
						1022.282,
						448.411,
						0.83,
						970.978,
						448.411,
						0.86,
						1040.519,
						500.563,
						0.91,
						953.05,
						495.624,
						0.97,
						1057.053,
						570.102,
						0.87,
						927.511,
						565.758,
						0.96,
						1040.315,
						630.69,
						0.85,
						940.322,
						626.67,
						0.95,
						1022.282,
						596.179,
						0.78,
						970.01,
						591.834,
						0.77,
						1039.547,
						673.983,
						0.83,
						944.899,
						657.027,
						0.88,
						1018.198,
						748.357,
						0.93,
						961.682,
						744.013,
						0.94
					],
					"area": 15212.326,
					"b_score": 0.958,
					"object_id": 0
				}
			]
		},
		{
			"frame_num": 8,
			"objects": [
				{
					"category_id": 1,
					"bbox": [
						908.91,
						394.4,
						162.69,
						416.71
					],
					"score": 0.923,
					"keypoints": [
						994.765,
						465.873,
						1.0,
						1005.633,
						457.184,
						1.0,
						986.076,
						457.184,
						1.0,
						1020.89,
						448.498,
						0.88,
						970.88,
						448.498,
						0.91,
						1040.39,
						500.629,
						1.0,
						953.159,
						495.935,
						0.98,
						1055.649,
						570.137,
						0.99,
						927.438,
						565.794,
						1.0,
						1040.241,
						630.85,
						0.97,
						940.331,
						626.649,
						0.97,
						1020.89,
						596.204,
						0.83,
						968.697,
						591.861,
						0.79,
						1038.21,
						674.14,
						0.92,
						944.815,
						658.667,
						0.92,
						1015.969,
						748.26,
						1.0,
						959.527,
						743.918,
						0.96
					],
					"area": 15236.409,
					"b_score": 0.959,
					"object_id": 0
				}
			]
		},
		{
			"frame_num": 9,
			"objects": [
				{
					"category_id": 1,
					"bbox": [
						908.73,
						394.24,
						162.73,
						417.17
					],
					"score": 0.864,
					"keypoints": [
						995.408,
						465.896,
						1.0,
						1005.506,
						457.207,
						0.99,
						986.718,
						457.207,
						0.99,
						1021.52,
						448.516,
						0.8,
						970.747,
						448.516,
						0.86,
						1040.265,
						500.654,
						0.92,
						953.156,
						496.102,
						0.97,
						1056.278,
						570.169,
						0.87,
						927.302,
						565.824,
						0.97,
						1040.143,
						630.974,
						0.88,
						940.223,
						626.686,
						0.95,
						1021.52,
						596.238,
						0.79,
						969.336,
						591.896,
						0.77,
						1038.853,
						674.289,
						0.84,
						944.68,
						659.772,
						0.87,
						1017.181,
						748.333,
						0.94,
						960.719,
						743.987,
						0.94
					],
					"area": 15256.781,
					"b_score": 0.957,
					"object_id": 0
				}
			]
		},
		{
			"frame_num": 10,
			"objects": [
				{
					"category_id": 1,
					"bbox": [
						908.79,
						394.13,
						162.37,
						417.27
					],
					"score": 0.868,
					"keypoints": [
						995.786,
						465.88,
						1.0,
						1005.387,
						457.187,
						0.99,
						987.097,
						457.187,
						0.98,
						1021.885,
						448.497,
						0.81,
						970.623,
						448.497,
						0.87,
						1040.15,
						500.642,
						0.92,
						953.112,
						496.168,
						0.98,
						1056.647,
						570.166,
						0.87,
						927.169,
						565.823,
						0.98,
						1040.045,
						631.0,
						0.88,
						940.103,
						626.678,
						0.95,
						1021.885,
						596.239,
						0.79,
						969.711,
						591.897,
						0.77,
						1039.237,
						674.363,
						0.85,
						944.551,
						660.433,
						0.89,
						1017.73,
						748.352,
						0.95,
						961.252,
						744.009,
						0.94
					],
					"area": 15226.853,
					"b_score": 0.957,
					"object_id": 0
				}
			]
		},
		{
			"frame_num": 11,
			"objects": [
				{
					"category_id": 1,
					"bbox": [
						909.11,
						393.7,
						161.75,
						417.67
					],
					"score": 0.862,
					"keypoints": [
						996.04,
						465.745,
						1.0,
						1005.324,
						457.05,
						0.98,
						987.347,
						457.05,
						0.99,
						1022.141,
						448.353,
						0.79,
						970.543,
						448.353,
						0.84,
						1040.101,
						500.52,
						0.92,
						953.076,
						496.08,
						0.97,
						1056.92,
						570.077,
						0.87,
						927.067,
						565.728,
						0.97,
						1040.032,
						630.901,
						0.87,
						940.029,
						626.571,
						0.95,
						1022.141,
						596.159,
						0.79,
						969.956,
						591.815,
						0.76,
						1039.513,
						674.347,
						0.84,
						944.46,
						660.765,
						0.88,
						1018.015,
						748.32,
						0.94,
						961.495,
						743.973,
						0.94
					],
					"area": 15183.562,
					"b_score": 0.956,
					"object_id": 0
				}
			]
		},
		{
			"frame_num": 12,
			"objects": [
				{
					"category_id": 1,
					"bbox": [
						909.59,
						393.8,
						161.14,
						417.21
					],
					"score": 0.868,
					"keypoints": [
						996.267,
						465.664,
						1.0,
						1006.846,
						455.355,
						0.97,
						987.575,
						456.971,
						0.98,
						1022.355,
						448.273,
						0.8,
						972.072,
						448.273,
						0.92,
						1040.115,
						500.437,
						0.92,
						953.126,
						496.023,
						0.96,
						1057.131,
						569.985,
						0.87,
						927.094,
						565.635,
						0.98,
						1040.089,
						630.766,
						0.83,
						940.107,
						626.437,
						0.95,
						1022.355,
						596.066,
						0.79,
						970.184,
						591.719,
						0.75,
						1039.735,
						674.257,
						0.83,
						944.486,
						660.889,
						0.89,
						1018.224,
						748.156,
						0.94,
						961.716,
						743.808,
						0.94
					],
					"area": 15109.675,
					"b_score": 0.961,
					"object_id": 0
				}
			]
		},
		{
			"frame_num": 13,
			"objects": [
				{
					"category_id": 1,
					"bbox": [
						909.76,
						393.52,
						163.11,
						418.02
					],
					"score": 0.914,
					"keypoints": [
						995.29,
						465.559,
						1.0,
						1006.747,
						454.178,
						1.0,
						986.591,
						456.863,
						1.0,
						1021.386,
						448.161,
						0.84,
						971.949,
						448.161,
						0.9,
						1038.924,
						500.356,
						0.99,
						951.986,
						494.439,
						0.98,
						1057.737,
						569.945,
						0.98,
						927.49,
						565.595,
						1.0,
						1040.757,
						630.8,
						0.94,
						940.702,
						626.459,
						0.96,
						1021.386,
						596.043,
						0.84,
						969.192,
						591.692,
						0.79,
						1038.79,
						674.303,
						0.91,
						944.888,
						661.054,
						0.91,
						1016.65,
						748.282,
						1.0,
						960.089,
						743.932,
						0.96
					],
					"area": 15323.757,
					"b_score": 0.957,
					"object_id": 0
				}
			]
		},
		{
			"frame_num": 14,
			"objects": [
				{
					"category_id": 1,
					"bbox": [
						909.94,
						393.35,
						169.96,
						418.98
					],
					"score": 0.831,
					"keypoints": [
						995.92,
						465.49,
						1.0,
						1006.423,
						453.43,
						0.99,
						987.209,
						455.149,
						0.95,
						1022.045,
						448.074,
						0.81,
						971.584,
						446.435,
						0.81,
						1039.605,
						500.33,
						0.9,
						952.5,
						493.409,
						0.94,
						1061.518,
						570.002,
						0.83,
						927.41,
						565.645,
						0.94,
						1043.21,
						628.659,
						0.82,
						940.53,
						626.656,
						0.91,
						1022.045,
						596.129,
						0.77,
						969.791,
						591.775,
						0.75,
						1039.476,
						674.51,
						0.83,
						944.831,
						661.33,
						0.86,
						1017.835,
						748.684,
						0.92,
						961.182,
						744.324,
						0.89
					],
					"area": 16004.078,
					"b_score": 0.945,
					"object_id": 0
				}
			]
		},
		{
			"frame_num": 15,
			"objects": [
				{
					"category_id": 1,
					"bbox": [
						908.15,
						392.63,
						184.53,
						421.03
					],
					"score": 0.871,
					"keypoints": [
						995.185,
						465.319,
						1.0,
						1006.621,
						452.799,
						1.0,
						986.449,
						453.86,
						1.0,
						1021.375,
						447.859,
						0.91,
						971.699,
						445.122,
						0.86,
						1038.875,
						498.604,
						0.95,
						953.153,
						492.636,
						0.99,
						1068.991,
						568.485,
						0.98,
						927.639,
						565.723,
						0.97,
						1047.983,
						627.893,
						0.89,
						940.887,
						626.977,
						0.95,
						1021.375,
						596.283,
						0.77,
						968.985,
						591.916,
						0.77,
						1038.852,
						674.89,
						0.87,
						945.102,
						661.73,
						0.91,
						1019.103,
						749.43,
						0.96,
						962.244,
						745.053,
						0.93
					],
					"area": 17461.278,
					"b_score": 0.938,
					"object_id": 0
				}
			]
		},
		{
			"frame_num": 16,
			"objects": [
				{
					"category_id": 1,
					"bbox": [
						908.4,
						392.71,
						189.1,
						421.18
					],
					"score": 0.901,
					"keypoints": [
						993.994,
						465.242,
						1.0,
						1006.091,
						452.458,
						1.0,
						985.243,
						453.1,
						1.0,
						1020.237,
						447.75,
						0.99,
						971.103,
						444.344,
						0.92,
						1039.38,
						497.525,
						0.98,
						952.927,
						492.182,
						1.0,
						1074.46,
						565.714,
						1.0,
						927.102,
						565.82,
						1.0,
						1054.618,
						625.01,
						0.99,
						942.462,
						627.215,
						1.0,
						1021.828,
						594.848,
						0.82,
						967.741,
						592.062,
						0.81,
						1037.753,
						675.195,
						0.96,
						946.156,
						662.04,
						0.95,
						1018.681,
						749.887,
						1.0,
						961.732,
						745.502,
						0.99
					],
					"area": 17899.347,
					"b_score": 0.911,
					"object_id": 0
				}
			]
		},
		{
			"frame_num": 17,
			"objects": [
				{
					"category_id": 1,
					"bbox": [
						902.12,
						392.72,
						200.65,
						415.84
					],
					"score": 0.763,
					"keypoints": [
						993.081,
						464.868,
						0.96,
						1005.55,
						451.956,
						0.92,
						984.364,
						454.018,
						0.9,
						1019.225,
						447.436,
						0.85,
						970.681,
						445.298,
						0.76,
						1039.336,
						496.326,
						0.85,
						951.216,
						491.422,
						0.87,
						1083.745,
						560.96,
						0.88,
						926.932,
						566.668,
						0.81,
						1069.046,
						618.985,
						0.84,
						941.003,
						628.075,
						0.85,
						1021.866,
						594.593,
						0.73,
						966.927,
						592.821,
						0.68,
						1038.289,
						675.678,
						0.86,
						946.935,
						662.599,
						0.77,
						1018.123,
						752.541,
						0.84,
						961.503,
						745.642,
						0.81
					],
					"area": 18752.966,
					"b_score": 0.914,
					"object_id": 0
				}
			]
		},
		{
			"frame_num": 18,
			"objects": [
				{
					"category_id": 1,
					"bbox": [
						902.54,
						392.98,
						208.59,
						415.2
					],
					"score": 0.809,
					"keypoints": [
						994.149,
						464.679,
						1.0,
						1005.23,
						451.719,
						1.0,
						983.856,
						454.628,
						0.98,
						1018.612,
						447.295,
						0.91,
						970.46,
						445.933,
						0.85,
						1039.315,
						495.634,
						0.92,
						951.776,
						490.986,
						0.92,
						1087.921,
						558.248,
						0.84,
						928.405,
						567.212,
						0.89,
						1094.026,
						603.734,
						0.84,
						942.728,
						628.41,
						0.91,
						1021.905,
						594.409,
						0.78,
						968.067,
						593.289,
						0.72,
						1038.635,
						675.902,
						0.93,
						947.496,
						662.872,
						0.81,
						1017.88,
						753.466,
						0.92,
						961.465,
						745.545,
						0.88
					],
					"area": 19464.358,
					"b_score": 0.909,
					"object_id": 0
				}
			]
		},
		{
			"frame_num": 19,
			"objects": [
				{
					"category_id": 1,
					"bbox": [
						903.26,
						392.63,
						218.8,
						416.73
					],
					"score": 0.787,
					"keypoints": [
						993.775,
						464.525,
						1.0,
						1003.91,
						453.147,
						1.0,
						982.344,
						454.964,
						1.0,
						1017.082,
						447.149,
						0.9,
						969.157,
						446.275,
						0.93,
						1038.259,
						493.363,
						0.88,
						951.017,
						490.722,
						0.97,
						1088.311,
						554.749,
						0.44,
						926.662,
						567.672,
						0.94,
						1107.441,
						571.046,
						0.54,
						941.841,
						628.849,
						0.96,
						1022.478,
						594.435,
						0.8,
						967.706,
						593.735,
						0.75,
						1037.878,
						676.311,
						0.87,
						946.745,
						663.295,
						0.86,
						1016.208,
						754.435,
						0.93,
						959.794,
						746.018,
						0.95
					],
					"area": 20492.763,
					"b_score": 0.903,
					"object_id": 0
				}
			]
		},
		{
			"frame_num": 20,
			"objects": [
				{
					"category_id": 1,
					"bbox": [
						903.95,
						392.75,
						270.24,
						413.39
					],
					"score": 0.899,
					"keypoints": [
						992.137,
						464.262,
						1.0,
						1001.538,
						452.282,
						1.0,
						981.774,
						455.044,
						1.0,
						1016.39,
						446.944,
						1.0,
						966.922,
						446.383,
						0.96,
						1035.957,
						491.736,
						1.0,
						949.24,
						490.303,
						1.0,
						1086.21,
						552.356,
						1.0,
						926.022,
						567.48,
						0.99,
						1127.831,
						538.056,
						0.91,
						939.67,
						628.103,
						1.0,
						1021.502,
						593.895,
						0.87,
						966.164,
						593.458,
						0.84,
						1035.827,
						675.745,
						1.0,
						946.655,
						661.242,
						0.92,
						1015.756,
						753.246,
						1.0,
						957.04,
						744.821,
						0.99
					],
					"area": 25107.307,
					"b_score": 0.897,
					"object_id": 0
				}
			]
		},
		{
			"frame_num": 21,
			"objects": [
				{
					"category_id": 1,
					"bbox": [
						903.42,
						393.16,
						276.76,
						413.58
					],
					"score": 0.889,
					"keypoints": [
						993.724,
						464.254,
						1.0,
						1002.949,
						451.913,
						1.0,
						982.502,
						455.249,
						1.0,
						1017.064,
						446.968,
						0.88,
						968.379,
						446.601,
						0.98,
						1037.365,
						491.017,
						0.96,
						949.213,
						490.221,
						1.0,
						1088.916,
						546.83,
						1.0,
						926.606,
						566.04,
						0.98,
						1133.311,
						518.898,
						0.96,
						940.143,
						628.023,
						1.0,
						1023.428,
						593.745,
						0.84,
						966.258,
						593.47,
						0.82,
						1035.638,
						674.12,
						0.96,
						947.578,
						660.146,
						0.92,
						1016.971,
						753.051,
						1.0,
						959.675,
						744.533,
						0.98
					],
					"area": 25724.938,
					"b_score": 0.909,
					"object_id": 0
				}
			]
		},
		{
			"frame_num": 22,
			"objects": [
				{
					"category_id": 1,
					"bbox": [
						902.8,
						392.17,
						255.56,
						416.09
					],
					"score": 0.847,
					"keypoints": [
						995.276,
						464.05,
						1.0,
						1004.32,
						451.44,
						1.0,
						983.456,
						455.169,
						0.99,
						1018.07,
						446.744,
						0.83,
						969.705,
						446.513,
						0.95,
						1037.257,
						490.439,
						0.95,
						949.661,
						490.017,
						0.97,
						1091.309,
						541.704,
						0.94,
						927.346,
						565.075,
						0.94,
						1122.506,
						497.182,
						0.94,
						940.96,
						628.216,
						0.93,
						1023.67,
						593.736,
						0.81,
						966.802,
						593.561,
						0.78,
						1036.181,
						674.813,
						0.94,
						947.038,
						661.185,
						0.88,
						1018.472,
						753.62,
						0.98,
						959.356,
						744.989,
						0.92
					],
					"area": 23898.498,
					"b_score": 0.908,
					"object_id": 0
				}
			]
		},
		{
			"frame_num": 23,
			"objects": [
				{
					"category_id": 1,
					"bbox": [
						903.77,
						391.92,
						225.96,
						417.05
					],
					"score": 0.838,
					"keypoints": [
						995.984,
						463.886,
						1.0,
						1006.473,
						451.102,
						1.0,
						985.224,
						455.081,
						1.0,
						1019.874,
						444.857,
						0.74,
						970.202,
						446.414,
						0.98,
						1038.465,
						488.129,
						0.87,
						949.567,
						489.884,
						1.0,
						1096.891,
						534.362,
						0.72,
						927.465,
						564.499,
						0.98,
						1111.058,
						479.209,
						0.8,
						940.837,
						628.466,
						0.98,
						1023.52,
						593.807,
						0.77,
						966.798,
						593.695,
						0.8,
						1036.225,
						675.42,
						0.9,
						946.355,
						662.017,
						0.88,
						1016.381,
						754.206,
						0.95,
						958.679,
						745.516,
						0.98
					],
					"area": 21179.328,
					"b_score": 0.918,
					"object_id": 0
				}
			]
		},
		{
			"frame_num": 24,
			"objects": [
				{
					"category_id": 1,
					"bbox": [
						903.55,
						392.21,
						224.09,
						417.52
					],
					"score": 0.866,
					"keypoints": [
						995.997,
						463.916,
						1.0,
						1007.454,
						452.601,
						1.0,
						985.983,
						455.147,
						1.0,
						1019.13,
						443.805,
						0.82,
						970.107,
						446.468,
						0.98,
						1038.83,
						484.933,
						0.85,
						949.038,
						489.951,
						1.0,
						1106.556,
						517.655,
						0.85,
						927.101,
						564.314,
						1.0,
						1100.637,
						465.925,
						0.85,
						940.119,
						628.88,
						0.98,
						1023.023,
						594.034,
						0.77,
						966.344,
						593.969,
						0.77,
						1035.824,
						676.038,
						0.91,
						945.444,
						662.779,
						0.9,
						1017.096,
						754.856,
						0.94,
						957.681,
						746.136,
						0.99
					],
					"area": 21027.479,
					"b_score": 0.936,
					"object_id": 0
				}
			]
		},
		{
			"frame_num": 25,
			"objects": [
				{
					"category_id": 1,
					"bbox": [
						903.69,
						391.29,
						226.27,
						418.54
					],
					"score": 0.854,
					"keypoints": [
						996.443,
						463.667,
						1.0,
						1008.558,
						453.262,
						1.0,
						986.92,
						454.922,
						1.0,
						1020.658,
						442.84,
						0.84,
						970.428,
						446.229,
						0.92,
						1039.522,
						480.643,
						0.8,
						950.64,
						489.735,
						1.0,
						1111.497,
						498.951,
						0.82,
						927.223,
						564.01,
						0.97,
						1093.014,
						456.048,
						0.86,
						940.333,
						628.89,
						0.96,
						1023.143,
						594.029,
						0.74,
						966.468,
						592.465,
						0.77,
						1036.052,
						676.342,
						0.91,
						945.243,
						663.156,
						0.89,
						1018.11,
						755.121,
						0.93,
						957.838,
						746.391,
						1.0
					],
					"area": 21284.216,
					"b_score": 0.936,
					"object_id": 0
				}
			]
		},
		{
			"frame_num": 26,
			"objects": [
				{
					"category_id": 1,
					"bbox": [
						903.31,
						388.53,
						224.96,
						421.5
					],
					"score": 0.902,
					"keypoints": [
						998.003,
						462.648,
						1.0,
						1008.813,
						451.192,
						1.0,
						987.043,
						453.915,
						1.0,
						1019.739,
						441.232,
						0.82,
						970.171,
						445.188,
						0.97,
						1038.084,
						479.599,
						0.93,
						949.574,
						488.792,
						1.0,
						1113.296,
						488.164,
						0.94,
						924.99,
						563.222,
						0.99,
						1086.749,
						441.316,
						0.96,
						939.597,
						625.825,
						0.97,
						1022.876,
						591.795,
						0.8,
						966.033,
						590.907,
						0.79,
						1035.866,
						672.998,
						0.95,
						944.538,
						659.874,
						0.9,
						1018.047,
						750.108,
						1.0,
						957.108,
						743.991,
						1.0
					],
					"area": 21310.753,
					"b_score": 0.939,
					"object_id": 0
				}
			]
		},
		{
			"frame_num": 27,
			"objects": [
				{
					"category_id": 1,
					"bbox": [
						903.58,
						385.25,
						219.93,
						424.44
					],
					"score": 0.94,
					"keypoints": [
						998.029,
						464.177,
						1.0,
						1008.099,
						452.121,
						1.0,
						987.883,
						453.862,
						1.0,
						1019.892,
						442.692,
						0.75,
						972.342,
						445.093,
						1.0,
						1038.003,
						479.936,
						0.96,
						949.525,
						490.496,
						1.0,
						1110.688,
						488.803,
						1.0,
						924.175,
						565.126,
						1.0,
						1086.577,
						433.046,
						1.0,
						940.113,
						628.358,
						1.0,
						1023.497,
						593.059,
						0.86,
						966.428,
						592.403,
						0.85,
						1034.939,
						673.656,
						0.97,
						944.711,
						660.472,
						0.93,
						1016.836,
						752.319,
						1.0,
						957.733,
						747.338,
						1.0
					],
					"area": 20979.044,
					"b_score": 0.946,
					"object_id": 0
				}
			]
		},
		{
			"frame_num": 28,
			"objects": [
				{
					"category_id": 1,
					"bbox": [
						903.55,
						381.18,
						216.01,
						428.08
					],
					"score": 0.905,
					"keypoints": [
						998.973,
						462.305,
						1.0,
						1008.566,
						451.448,
						1.0,
						987.563,
						452.487,
						1.0,
						1019.31,
						442.171,
						0.71,
						972.839,
						443.653,
						0.95,
						1037.289,
						478.546,
						0.95,
						950.173,
						490.473,
						1.0,
						1106.707,
						486.978,
						0.98,
						924.339,
						565.515,
						0.96,
						1090.954,
						421.101,
						1.0,
						938.953,
						628.523,
						0.96,
						1023.215,
						593.034,
						0.79,
						967.379,
						592.607,
						0.81,
						1035.364,
						675.106,
						0.95,
						943.853,
						660.262,
						0.9,
						1017.561,
						752.95,
						0.98,
						959.07,
						748.316,
						0.99
					],
					"area": 20782.476,
					"b_score": 0.952,
					"object_id": 0
				}
			]
		},
		{
			"frame_num": 29,
			"objects": [
				{
					"category_id": 1,
					"bbox": [
						902.29,
						376.41,
						216.72,
						433.06
					],
					"score": 0.84,
					"keypoints": [
						999.13,
						463.053,
						1.0,
						1008.5,
						451.222,
						0.98,
						988.646,
						453.533,
						0.97,
						1020.234,
						442.032,
						0.66,
						972.641,
						444.639,
						0.88,
						1036.595,
						480.306,
						0.93,
						950.023,
						490.81,
						0.93,
						1104.955,
						484.074,
						0.98,
						923.695,
						564.85,
						0.86,
						1092.656,
						419.558,
						0.97,
						939.872,
						627.613,
						0.88,
						1024.416,
						593.786,
						0.74,
						969.22,
						593.543,
						0.73,
						1036.959,
						675.572,
						0.91,
						945.908,
						661.17,
						0.81,
						1017.489,
						753.018,
						0.91,
						958.915,
						748.459,
						0.88
					],
					"area": 21093.02,
					"b_score": 0.951,
					"object_id": 0
				}
			]
		},
		{
			"frame_num": 30,
			"objects": [
				{
					"category_id": 1,
					"bbox": [
						901.84,
						380.6,
						220.7,
						428.8
					],
					"score": 0.912,
					"keypoints": [
						998.166,
						461.401,
						1.0,
						1009.056,
						448.873,
						1.0,
						988.261,
						452.108,
						1.0,
						1019.771,
						439.681,
						0.73,
						971.623,
						443.19,
						0.93,
						1036.657,
						478.608,
						0.96,
						950.668,
						490.535,
						1.0,
						1104.388,
						482.209,
						1.0,
						924.223,
						563.608,
						0.93,
						1088.57,
						418.749,
						1.0,
						939.135,
						625.61,
						0.94,
						1024.032,
						593.426,
						0.83,
						969.422,
						593.268,
						0.8,
						1036.891,
						676.341,
						1.0,
						946.453,
						660.684,
						0.9,
						1015.817,
						753.305,
						1.0,
						959.95,
						748.818,
						0.98
					],
					"area": 21269.23,
					"b_score": 0.946,
					"object_id": 0
				}
			]
		},
		{
			"frame_num": 31,
			"objects": [
				{
					"category_id": 1,
					"bbox": [
						901.3,
						378.53,
						226.89,
						430.73
					],
					"score": 0.933,
					"keypoints": [
						998.496,
						463.038,
						1.0,
						1008.668,
						450.258,
						1.0,
						987.297,
						453.846,
						1.0,
						1020.372,
						441.215,
						0.94,
						971.8,
						443.342,
						0.95,
						1037.64,
						480.9,
						1.0,
						951.953,
						491.377,
						1.0,
						1107.742,
						483.278,
						1.0,
						923.662,
						564.014,
						0.98,
						1082.805,
						424.12,
						0.99,
						939.944,
						626.637,
						0.99,
						1024.752,
						594.378,
						0.83,
						968.776,
						594.337,
						0.81,
						1037.803,
						678.358,
						0.98,
						946.016,
						663.468,
						0.96,
						1018.928,
						753.239,
						1.0,
						961.77,
						748.748,
						0.99
					],
					"area": 21964.282,
					"b_score": 0.945,
					"object_id": 0
				}
			]
		},
		{
			"frame_num": 32,
			"objects": [
				{
					"category_id": 1,
					"bbox": [
						900.89,
						383.58,
						227.13,
						425.17
					],
					"score": 0.853,
					"keypoints": [
						997.106,
						462.327,
						1.0,
						1006.814,
						449.307,
						1.0,
						986.73,
						451.507,
						0.94,
						1019.048,
						440.304,
						0.79,
						970.429,
						443.353,
						0.81,
						1038.05,
						479.996,
						0.88,
						951.346,
						491.63,
						0.95,
						1108.688,
						480.58,
						0.99,
						923.665,
						563.624,
						0.88,
						1076.896,
						425.277,
						0.97,
						938.308,
						628.094,
						0.9,
						1023.48,
						594.229,
						0.78,
						968.487,
						594.195,
						0.74,
						1036.609,
						678.257,
						0.91,
						945.945,
						663.989,
						0.87,
						1017.761,
						753.318,
						0.95,
						960.351,
						748.864,
						0.92
					],
					"area": 21703.734,
					"b_score": 0.945,
					"object_id": 0
				}
			]
		},
		{
			"frame_num": 33,
			"objects": [
				{
					"category_id": 1,
					"bbox": [
						901.33,
						378.24,
						225.62,
						430.96
					],
					"score": 0.91,
					"keypoints": [
						997.576,
						461.944,
						1.0,
						1007.017,
						450.405,
						1.0,
						987.722,
						451.811,
						1.0,
						1019.677,
						441.45,
						0.92,
						970.799,
						443.344,
						0.9,
						1038.319,
						481.506,
						1.0,
						952.147,
						492.018,
						1.0,
						1109.64,
						482.404,
						1.0,
						924.72,
						565.553,
						0.94,
						1078.425,
						428.524,
						1.0,
						939.223,
						630.244,
						0.93,
						1024.156,
						594.848,
						0.81,
						969.601,
						594.857,
						0.8,
						1037.391,
						677.691,
						0.98,
						947.076,
						665.528,
						0.9,
						1019.479,
						753.195,
						0.99,
						961.545,
						748.716,
						0.97
					],
					"area": 21853.146,
					"b_score": 0.946,
					"object_id": 0
				}
			]
		},
		{
			"frame_num": 34,
			"objects": [
				{
					"category_id": 1,
					"bbox": [
						901.85,
						377.07,
						219.82,
						432.29
					],
					"score": 0.879,
					"keypoints": [
						997.03,
						461.351,
						1.0,
						1006.293,
						450.75,
						1.0,
						987.46,
						451.644,
						0.98,
						1019.266,
						441.787,
						0.77,
						971.752,
						442.972,
						0.89,
						1037.687,
						482.048,
						0.94,
						951.726,
						491.972,
						0.99,
						1109.137,
						482.677,
						0.99,
						924.441,
						566.63,
						0.94,
						1080.346,
						425.571,
						1.0,
						938.272,
						630.958,
						0.94,
						1023.757,
						595.069,
						0.81,
						969.375,
						596.909,
						0.78,
						1037.093,
						677.257,
						0.93,
						946.858,
						664.557,
						0.91,
						1018.961,
						753.13,
						0.94,
						960.713,
						748.633,
						0.95
					],
					"area": 21356.52,
					"b_score": 0.946,
					"object_id": 0
				}
			]
		},
		{
			"frame_num": 35,
			"objects": [
				{
					"category_id": 1,
					"bbox": [
						901.58,
						366.41,
						218.4,
						442.94
					],
					"score": 0.892,
					"keypoints": [
						997.826,
						461.219,
						1.0,
						1007.042,
						449.394,
						1.0,
						988.409,
						451.691,
						1.0,
						1018.7,
						442.06,
						0.74,
						971.684,
						442.809,
						0.98,
						1037.13,
						481.005,
						0.95,
						950.588,
						490.814,
						0.97,
						1107.463,
						483.435,
						0.99,
						923.049,
						566.813,
						0.97,
						1081.475,
						421.207,
						0.99,
						938.789,
						628.953,
						0.93,
						1023.256,
						596.741,
						0.82,
						968.528,
						597.937,
						0.79,
						1036.765,
						677.478,
						0.94,
						945.819,
						664.349,
						0.91,
						1018.311,
						752.368,
						0.95,
						961.593,
						747.824,
						0.97
					],
					"area": 21741.064,
					"b_score": 0.948,
					"object_id": 0
				}
			]
		},
		{
			"frame_num": 36,
			"objects": [
				{
					"category_id": 1,
					"bbox": [
						901.42,
						375.52,
						221.53,
						433.74
					],
					"score": 0.931,
					"keypoints": [
						997.317,
						462.079,
						1.0,
						1006.464,
						449.645,
						1.0,
						988.021,
						452.717,
						1.0,
						1018.793,
						441.682,
						0.78,
						970.835,
						443.79,
						1.0,
						1035.345,
						481.278,
						0.98,
						950.797,
						490.785,
						1.0,
						1106.343,
						482.505,
						1.0,
						923.433,
						567.085,
						0.93,
						1079.191,
						422.406,
						1.0,
						938.174,
						627.515,
						0.95,
						1023.333,
						597.699,
						0.85,
						968.786,
						596.669,
						0.83,
						1035.181,
						676.939,
						1.0,
						944.462,
						663.647,
						0.93,
						1016.171,
						752.586,
						1.0,
						960.881,
						748.054,
						0.99
					],
					"area": 21594.947,
					"b_score": 0.949,
					"object_id": 0
				}
			]
		},
		{
			"frame_num": 37,
			"objects": [
				{
					"category_id": 1,
					"bbox": [
						901.36,
						376.66,
						224.5,
						432.53
					],
					"score": 0.92,
					"keypoints": [
						997.501,
						462.923,
						1.0,
						1006.599,
						450.133,
						1.0,
						988.317,
						453.701,
						1.0,
						1019.34,
						441.794,
						0.86,
						970.826,
						444.729,
						0.95,
						1036.458,
						481.759,
						0.98,
						951.497,
						491.049,
						1.0,
						1108.146,
						482.523,
						1.0,
						924.258,
						565.876,
						0.93,
						1073.068,
						423.428,
						1.0,
						938.741,
						627.084,
						0.94,
						1023.875,
						598.492,
						0.85,
						969.522,
						597.87,
						0.82,
						1036.307,
						676.705,
						1.0,
						944.205,
						665.037,
						0.93,
						1018.383,
						752.732,
						0.99,
						961.364,
						748.218,
						0.96
					],
					"area": 21823.681,
					"b_score": 0.949,
					"object_id": 0
				}
			]
		},
		{
			"frame_num": 38,
			"objects": [
				{
					"category_id": 1,
					"bbox": [
						901.39,
						383.98,
						224.96,
						424.86
					],
					"score": 0.912,
					"keypoints": [
						997.815,
						462.399,
						1.0,
						1006.818,
						449.402,
						1.0,
						988.767,
						453.315,
						1.0,
						1019.748,
						440.855,
						0.81,
						971.172,
						444.383,
						0.93,
						1037.076,
						480.727,
						0.93,
						950.875,
						489.934,
						1.0,
						1108.524,
						480.752,
						0.98,
						923.857,
						564.936,
						0.96,
						1070.48,
						422.244,
						1.0,
						937.478,
						626.02,
						0.97,
						1024.253,
						596.898,
						0.82,
						968.782,
						596.5,
						0.79,
						1036.972,
						675.704,
						0.95,
						944.591,
						665.026,
						0.99,
						1017.167,
						753.142,
						1.0,
						959.873,
						748.684,
						0.96
					],
					"area": 21480.396,
					"b_score": 0.951,
					"object_id": 0
				}
			]
		},
		{
			"frame_num": 39,
			"objects": [
				{
					"category_id": 1,
					"bbox": [
						901.12,
						382.18,
						226.09,
						427.09
					],
					"score": 0.917,
					"keypoints": [
						998.094,
						461.538,
						1.0,
						1007.05,
						448.361,
						1.0,
						987.543,
						452.539,
						1.0,
						1020.135,
						439.66,
						0.88,
						971.426,
						443.613,
						0.9,
						1037.613,
						479.56,
						0.93,
						950.441,
						488.711,
						1.0,
						1109.079,
						476.817,
						0.99,
						923.529,
						563.987,
						0.98,
						1072.801,
						423.595,
						0.95,
						936.833,
						627.605,
						0.99,
						1024.626,
						595.719,
						0.84,
						969.927,
						595.446,
						0.81,
						1037.567,
						674.934,
						0.95,
						944.809,
						664.9,
						1.0,
						1016.752,
						753.414,
						1.0,
						959.155,
						748.969,
						0.97
					],
					"area": 21701.332,
					"b_score": 0.949,
					"object_id": 0
				}
			]
		},
		{
			"frame_num": 40,
			"objects": [
				{
					"category_id": 1,
					"bbox": [
						901.13,
						375.05,
						223.33,
						434.01
					],
					"score": 0.932,
					"keypoints": [
						999.381,
						462.128,
						1.0,
						1008.327,
						448.838,
						1.0,
						987.678,
						453.099,
						1.0,
						1019.937,
						440.019,
						0.76,
						970.873,
						444.138,
						0.97,
						1035.958,
						478.407,
						0.97,
						950.896,
						489.308,
						1.0,
						1107.615,
						479.078,
						1.0,
						922.218,
						565.097,
						0.97,
						1073.409,
						422.942,
						1.0,
						937.557,
						626.726,
						0.95,
						1024.434,
						595.228,
						0.86,
						969.896,
						595.055,
						0.84,
						1035.984,
						675.204,
						1.0,
						944.039,
						665.569,
						0.97,
						1015.816,
						752.972,
						1.0,
						960.006,
						748.484,
						0.99
					],
					"area": 21783.903,
					"b_score": 0.95,
					"object_id": 0
				}
			]
		},
		{
			"frame_num": 41,
			"objects": [
				{
					"category_id": 1,
					"bbox": [
						902.04,
						378.47,
						218.52,
						430.8
					],
					"score": 0.879,
					"keypoints": [
						999.647,
						463.513,
						1.0,
						1008.594,
						450.118,
						1.0,
						988.943,
						454.532,
						0.99,
						1019.27,
						441.276,
						0.6,
						971.677,
						443.928,
						0.95,
						1034.202,
						478.822,
						0.91,
						950.835,
						490.548,
						0.99,
						1107.681,
						481.38,
						0.98,
						922.801,
						566.601,
						0.94,
						1077.305,
						418.874,
						1.0,
						937.394,
						627.145,
						0.95,
						1023.774,
						595.535,
						0.8,
						969.46,
						595.429,
						0.79,
						1035.983,
						675.791,
						0.94,
						944.812,
						666.49,
						0.92,
						1016.961,
						753.079,
						0.95,
						959.842,
						748.596,
						0.94
					],
					"area": 21157.615,
					"b_score": 0.952,
					"object_id": 0
				}
			]
		},
		{
			"frame_num": 42,
			"objects": [
				{
					"category_id": 1,
					"bbox": [
						900.98,
						362.2,
						220.02,
						447.4
					],
					"score": 0.896,
					"keypoints": [
						999.528,
						464.858,
						1.0,
						1008.618,
						451.18,
						1.0,
						989.342,
						455.761,
						1.0,
						1018.809,
						442.135,
						0.67,
						971.57,
						443.865,
						0.97,
						1033.303,
						479.675,
						0.94,
						949.832,
						492.206,
						0.98,
						1107.232,
						481.222,
						1.0,
						921.768,
						567.743,
						0.96,
						1083.908,
						419.841,
						0.98,
						938.09,
						628.782,
						0.94,
						1023.377,
						596.255,
						0.83,
						970.159,
						596.2,
						0.82,
						1036.206,
						676.135,
						0.96,
						944.306,
						665.139,
						0.9,
						1017.491,
						754.688,
						0.97,
						961.016,
						747.587,
						0.98
					],
					"area": 22123.068,
					"b_score": 0.948,
					"object_id": 0
				}
			]
		},
		{
			"frame_num": 43,
			"objects": [
				{
					"category_id": 1,
					"bbox": [
						901.72,
						377.97,
						219.86,
						431.53
					],
					"score": 0.87,
					"keypoints": [
						999.861,
						463.54,
						1.0,
						1008.907,
						451.529,
						1.0,
						988.482,
						454.464,
						0.95,
						1018.659,
						442.493,
						0.64,
						972.246,
						443.611,
						0.94,
						1032.729,
						479.458,
						0.91,
						948.552,
						492.352,
						0.99,
						1107.651,
						482.286,
						0.99,
						922.588,
						566.584,
						0.93,
						1082.392,
						420.337,
						0.98,
						937.774,
						628.089,
						0.93,
						1023.206,
						596.161,
						0.8,
						969.728,
						596.124,
						0.78,
						1036.264,
						676.405,
						0.93,
						945.054,
						664.528,
						0.88,
						1017.967,
						753.967,
						0.94,
						960.472,
						748.218,
						0.94
					],
					"area": 21323.204,
					"b_score": 0.95,
					"object_id": 0
				}
			]
		},
		{
			"frame_num": 44,
			"objects": [
				{
					"category_id": 1,
					"bbox": [
						903.14,
						375.12,
						223.46,
						434.1
					],
					"score": 0.938,
					"keypoints": [
						999.561,
						461.805,
						1.0,
						1008.611,
						450.899,
						1.0,
						987.428,
						452.759,
						1.0,
						1018.099,
						440.128,
						0.81,
						970.507,
						442.523,
						1.0,
						1033.687,
						480.172,
						0.96,
						948.835,
						491.667,
						1.0,
						1107.619,
						481.89,
						1.0,
						922.434,
						565.24,
						1.0,
						1076.096,
						423.866,
						0.95,
						936.672,
						627.03,
						0.98,
						1022.644,
						595.564,
						0.85,
						968.917,
						595.534,
						0.84,
						1035.893,
						676.205,
						1.0,
						943.258,
						663.736,
						0.92,
						1017.535,
						753.315,
						1.0,
						959.337,
						748.199,
						1.0
					],
					"area": 21800.995,
					"b_score": 0.948,
					"object_id": 0
				}
			]
		},
		{
			"frame_num": 45,
			"objects": [
				{
					"category_id": 1,
					"bbox": [
						904.53,
						383.2,
						222.21,
						426.6
					],
					"score": 0.885,
					"keypoints": [
						998.206,
						459.729,
						1.0,
						1008.741,
						449.728,
						1.0,
						987.188,
						450.765,
						0.99,
						1018.008,
						439.602,
						0.71,
						969.945,
						441.043,
						0.97,
						1034.405,
						479.634,
						0.92,
						948.038,
						490.22,
						1.0,
						1109.049,
						480.479,
						0.98,
						923.177,
						564.485,
						0.94,
						1073.102,
						424.696,
						0.98,
						937.298,
						628.513,
						0.92,
						1022.519,
						595.107,
						0.8,
						968.935,
						595.095,
						0.78,
						1035.799,
						677.11,
						0.93,
						942.9,
						662.709,
						0.87,
						1017.699,
						753.802,
						0.98,
						959.725,
						746.649,
						0.98
					],
					"area": 21304.794,
					"b_score": 0.949,
					"object_id": 0
				}
			]
		},
		{
			"frame_num": 46,
			"objects": [
				{
					"category_id": 1,
					"bbox": [
						904.23,
						384.65,
						223.03,
						424.92
					],
					"score": 0.875,
					"keypoints": [
						997.348,
						460.622,
						1.0,
						1007.313,
						449.402,
						1.0,
						987.11,
						451.689,
						0.97,
						1017.99,
						439.743,
						0.63,
						969.696,
						440.625,
						0.94,
						1034.857,
						479.703,
						0.92,
						947.693,
						489.653,
						1.0,
						1109.807,
						480.187,
						0.97,
						923.81,
						564.278,
						0.94,
						1071.858,
						428.548,
						0.98,
						937.804,
						629.499,
						0.92,
						1022.469,
						595.034,
						0.79,
						969.05,
						595.027,
						0.78,
						1035.75,
						676.233,
						0.92,
						942.829,
						662.181,
						0.88,
						1017.835,
						754.037,
						0.98,
						960.075,
						748.304,
						0.98
					],
					"area": 21299.091,
					"b_score": 0.947,
					"object_id": 0
				}
			]
		},
		{
			"frame_num": 47,
			"objects": [
				{
					"category_id": 1,
					"bbox": [
						904.35,
						378.45,
						222.36,
						431.28
					],
					"score": 0.959,
					"keypoints": [
						998.197,
						462.514,
						1.0,
						1007.827,
						450.504,
						1.0,
						986.83,
						453.588,
						1.0,
						1017.914,
						441.081,
						0.78,
						970.792,
						441.727,
						0.97,
						1035.172,
						481.193,
						1.0,
						948.676,
						490.81,
						1.0,
						1108.958,
						481.781,
						1.0,
						925.342,
						564.499,
						1.0,
						1074.261,
						432.401,
						1.0,
						939.812,
						628.601,
						1.0,
						1023.996,
						595.484,
						0.88,
						968.81,
						595.483,
						0.85,
						1035.75,
						676.573,
						1.0,
						943.916,
						662.736,
						0.94,
						1017.806,
						753.796,
						1.0,
						959.714,
						748.715,
						1.0
					],
					"area": 21553.153,
					"b_score": 0.945,
					"object_id": 0
				}
			]
		},
		{
			"frame_num": 48,
			"objects": [
				{
					"category_id": 1,
					"bbox": [
						904.27,
						377.45,
						217.8,
						431.99
					],
					"score": 0.891,
					"keypoints": [
						997.927,
						461.878,
						1.0,
						1008.955,
						450.927,
						1.0,
						987.383,
						452.932,
						1.0,
						1018.615,
						441.648,
						0.63,
						970.662,
						442.081,
						0.97,
						1036.141,
						481.91,
						0.92,
						948.399,
						491.301,
						1.0,
						1109.33,
						484.013,
						0.95,
						925.371,
						564.391,
						0.97,
						1079.227,
						428.193,
						0.99,
						939.331,
						630.325,
						0.96,
						1024.147,
						595.558,
						0.82,
						969.373,
						595.559,
						0.82,
						1036.504,
						676.614,
						0.94,
						945.355,
						662.901,
						0.86,
						1018.954,
						753.484,
						0.97,
						960.611,
						748.702,
						1.0
					],
					"area": 21145.168,
					"b_score": 0.949,
					"object_id": 0
				}
			]
		},
		{
			"frame_num": 49,
			"objects": [
				{
					"category_id": 1,
					"bbox": [
						906.06,
						370.73,
						214.14,
						438.67
					],
					"score": 0.879,
					"keypoints": [
						997.65,
						462.769,
						1.0,
						1008.029,
						450.844,
						1.0,
						987.595,
						453.759,
						0.98,
						1019.092,
						441.617,
						0.6,
						970.332,
						441.891,
						0.97,
						1033.489,
						482.188,
						0.91,
						947.831,
						491.486,
						1.0,
						1106.887,
						485.161,
						0.92,
						924.889,
						564.583,
						0.96,
						1082.106,
						425.529,
						0.95,
						938.511,
						629.566,
						0.96,
						1022.659,
						596.039,
						0.82,
						967.838,
						596.044,
						0.81,
						1035.501,
						677.55,
						0.92,
						944.294,
						662.163,
						0.87,
						1017.084,
						752.846,
						0.94,
						958.064,
						748.194,
						0.97
					],
					"area": 21111.902,
					"b_score": 0.955,
					"object_id": 0
				}
			]
		},
		{
			"frame_num": 50,
			"objects": [
				{
					"category_id": 1,
					"bbox": [
						906.59,
						380.36,
						215.62,
						429.13
					],
					"score": 0.929,
					"keypoints": [
						998.029,
						461.26,
						1.0,
						1007.912,
						448.739,
						1.0,
						986.789,
						450.454,
						1.0,
						1018.216,
						439.618,
						0.73,
						970.883,
						439.658,
						0.98,
						1033.87,
						480.109,
						0.98,
						948.462,
						489.235,
						1.0,
						1106.592,
						485.249,
						1.0,
						925.76,
						563.392,
						0.97,
						1083.069,
						421.171,
						1.0,
						939.662,
						628.996,
						0.98,
						1023.679,
						594.846,
						0.84,
						967.7,
						594.86,
						0.79,
						1035.145,
						676.011,
						1.0,
						946.26,
						661.248,
						0.9,
						1016.843,
						753.246,
						1.0,
						958.312,
						748.695,
						0.98
					],
					"area": 20795.625,
					"b_score": 0.953,
					"object_id": 0
				}
			]
		},
		{
			"frame_num": 51,
			"objects": [
				{
					"category_id": 1,
					"bbox": [
						906.03,
						378.42,
						221.28,
						431.32
					],
					"score": 0.934,
					"keypoints": [
						997.473,
						461.36,
						1.0,
						1007.025,
						450.056,
						1.0,
						985.346,
						451.228,
						1.0,
						1018.463,
						439.414,
						0.88,
						970.397,
						441.098,
						0.97,
						1034.921,
						481.47,
						0.97,
						947.939,
						490.53,
						1.0,
						1107.365,
						486.408,
						0.99,
						927.042,
						563.931,
						0.99,
						1079.997,
						428.9,
						1.0,
						941.294,
						630.808,
						1.0,
						1023.589,
						595.359,
						0.85,
						966.681,
						595.367,
						0.82,
						1034.11,
						676.422,
						0.97,
						946.551,
						662.141,
						0.9,
						1017.925,
						753.417,
						1.0,
						959.439,
						748.903,
						1.0
					],
					"area": 21450.814,
					"b_score": 0.947,
					"object_id": 0
				}
			]
		},
		{
			"frame_num": 52,
			"objects": [
				{
					"category_id": 1,
					"bbox": [
						905.9,
						383.78,
						223.39,
						425.42
					],
					"score": 0.864,
					"keypoints": [
						997.539,
						459.652,
						1.0,
						1006.843,
						449.331,
						1.0,
						984.97,
						449.995,
						0.97,
						1018.929,
						439.323,
						0.8,
						970.63,
						440.371,
						0.86,
						1035.854,
						480.615,
						0.89,
						948.288,
						489.588,
						0.99,
						1111.43,
						486.959,
						0.94,
						926.93,
						563.683,
						0.91,
						1078.647,
						435.585,
						0.99,
						940.616,
						630.227,
						0.94,
						1023.817,
						594.975,
						0.79,
						966.666,
						594.983,
						0.76,
						1035.322,
						675.57,
						0.92,
						945.808,
						661.625,
						0.84,
						1018.947,
						753.615,
						0.97,
						960.945,
						746.733,
						0.97
					],
					"area": 21358.695,
					"b_score": 0.94,
					"object_id": 0
				}
			]
		},
		{
			"frame_num": 53,
			"objects": [
				{
					"category_id": 1,
					"bbox": [
						904.58,
						385.81,
						224.53,
						423.64
					],
					"score": 0.894,
					"keypoints": [
						995.65,
						460.87,
						1.0,
						1004.716,
						449.497,
						1.0,
						984.501,
						451.499,
						1.0,
						1018.971,
						439.914,
						0.75,
						968.936,
						440.593,
						0.93,
						1036.159,
						480.642,
						0.93,
						948.346,
						489.563,
						1.0,
						1113.443,
						486.306,
						0.94,
						926.723,
						563.989,
						0.96,
						1079.801,
						439.185,
						1.0,
						940.091,
						630.497,
						0.97,
						1023.696,
						595.134,
						0.82,
						966.453,
						595.138,
						0.81,
						1035.796,
						675.314,
						0.95,
						945.193,
						661.623,
						0.89,
						1016.626,
						753.969,
						1.0,
						959.004,
						746.031,
						1.0
					],
					"area": 21377.789,
					"b_score": 0.939,
					"object_id": 0
				}
			]
		},
		{
			"frame_num": 54,
			"objects": [
				{
					"category_id": 1,
					"bbox": [
						902.89,
						383.38,
						228.66,
						425.46
					],
					"score": 0.927,
					"keypoints": [
						994.544,
						460.895,
						1.0,
						1003.505,
						448.82,
						1.0,
						984.301,
						451.7,
						1.0,
						1019.131,
						439.501,
						0.94,
						967.898,
						439.906,
						0.95,
						1036.524,
						479.921,
						0.94,
						948.408,
						488.81,
						1.0,
						1113.051,
						486.744,
						1.0,
						925.075,
						563.583,
						0.97,
						1083.408,
						438.923,
						1.0,
						939.867,
						629.902,
						0.98,
						1023.753,
						594.691,
						0.85,
						966.377,
						594.696,
						0.82,
						1034.683,
						674.708,
						0.98,
						944.809,
						661.158,
						0.9,
						1015.727,
						753.696,
						1.0,
						958.125,
						745.213,
						1.0
					],
					"area": 21864.239,
					"b_score": 0.938,
					"object_id": 0
				}
			]
		},
		{
			"frame_num": 55,
			"objects": [
				{
					"category_id": 1,
					"bbox": [
						902.53,
						381.98,
						224.14,
						427.1
					],
					"score": 0.864,
					"keypoints": [
						996.173,
						460.509,
						1.0,
						1005.155,
						447.944,
						1.0,
						986.314,
						451.43,
						0.98,
						1019.906,
						438.787,
						0.8,
						969.478,
						439.006,
						0.87,
						1037.486,
						479.062,
						0.92,
						948.987,
						487.94,
						0.97,
						1111.946,
						486.668,
						0.98,
						927.867,
						563.057,
						0.88,
						1086.256,
						433.483,
						1.0,
						940.574,
						629.377,
						0.91,
						1024.462,
						594.186,
						0.78,
						966.926,
						594.191,
						0.74,
						1036.235,
						674.211,
						0.94,
						946.773,
						660.738,
						0.84,
						1018.742,
						753.575,
						0.96,
						961.04,
						744.851,
						0.93
					],
					"area": 21515.233,
					"b_score": 0.94,
					"object_id": 0
				}
			]
		},
		{
			"frame_num": 56,
			"objects": [
				{
					"category_id": 1,
					"bbox": [
						901.96,
						378.86,
						224.07,
						429.72
					],
					"score": 0.896,
					"keypoints": [
						996.923,
						462.545,
						1.0,
						1005.915,
						449.584,
						1.0,
						987.422,
						453.551,
						1.0,
						1020.199,
						440.512,
						0.83,
						970.164,
						440.702,
						0.96,
						1037.918,
						480.786,
						0.97,
						949.022,
						489.698,
						1.0,
						1111.297,
						489.146,
						1.0,
						929.201,
						563.616,
						0.9,
						1093.403,
						431.799,
						1.0,
						940.346,
						628.244,
						0.93,
						1024.726,
						594.808,
						0.8,
						966.952,
						594.809,
						0.78,
						1037.112,
						675.04,
						0.99,
						947.66,
						661.585,
						0.88,
						1019.845,
						753.08,
						0.97,
						961.867,
						746.553,
						0.96
					],
					"area": 21640.872,
					"b_score": 0.944,
					"object_id": 0
				}
			]
		},
		{
			"frame_num": 57,
			"objects": [
				{
					"category_id": 1,
					"bbox": [
						902.56,
						380.99,
						223.59,
						427.43
					],
					"score": 0.874,
					"keypoints": [
						997.572,
						461.268,
						1.0,
						1006.524,
						448.096,
						1.0,
						988.338,
						452.329,
						0.96,
						1020.505,
						439.099,
						0.83,
						970.84,
						439.159,
						0.93,
						1038.271,
						479.29,
						0.93,
						949.294,
						488.181,
						0.98,
						1110.846,
						487.853,
						1.0,
						928.554,
						562.762,
						0.88,
						1095.649,
						426.573,
						1.0,
						940.634,
						628.161,
						0.92,
						1025.006,
						593.96,
						0.78,
						967.182,
						593.964,
						0.74,
						1037.76,
						675.738,
						0.97,
						948.497,
						660.722,
						0.84,
						1020.514,
						752.912,
						0.95,
						962.591,
						745.079,
						0.94
					],
					"area": 21478.305,
					"b_score": 0.944,
					"object_id": 0
				}
			]
		},
		{
			"frame_num": 58,
			"objects": [
				{
					"category_id": 1,
					"bbox": [
						902.27,
						380.38,
						227.69,
						428.55
					],
					"score": 0.851,
					"keypoints": [
						997.038,
						460.253,
						1.0,
						1005.969,
						446.949,
						1.0,
						987.887,
						449.538,
						0.94,
						1019.745,
						437.99,
						0.75,
						970.288,
						437.988,
						0.89,
						1037.514,
						478.17,
						0.89,
						948.455,
						487.065,
						0.96,
						1113.132,
						486.959,
						0.99,
						927.13,
						562.165,
						0.87,
						1089.705,
						429.399,
						1.0,
						939.239,
						625.552,
						0.9,
						1024.236,
						593.391,
						0.76,
						967.895,
						593.396,
						0.75,
						1037.197,
						676.269,
						0.91,
						947.901,
						660.221,
						0.84,
						1019.362,
						753.025,
						0.94,
						961.386,
						746.967,
						0.91
					],
					"area": 21930.46,
					"b_score": 0.943,
					"object_id": 0
				}
			]
		},
		{
			"frame_num": 59,
			"objects": [
				{
					"category_id": 1,
					"bbox": [
						902.46,
						383.16,
						228.87,
						425.44
					],
					"score": 0.872,
					"keypoints": [
						997.008,
						460.418,
						1.0,
						1005.916,
						447.127,
						1.0,
						987.961,
						450.392,
						0.95,
						1019.524,
						438.203,
						0.85,
						970.313,
						438.208,
						0.86,
						1037.27,
						478.272,
						0.91,
						948.368,
						487.155,
						0.97,
						1112.761,
						487.078,
						1.0,
						926.75,
						562.341,
						0.86,
						1081.911,
						434.75,
						1.0,
						939.292,
						627.452,
						0.89,
						1023.996,
						593.49,
						0.79,
						968.786,
						593.492,
						0.76,
						1037.069,
						676.849,
						0.96,
						948.017,
						660.191,
						0.83,
						1019.23,
						753.116,
						0.98,
						961.446,
						745.568,
						0.94
					],
					"area": 21883.555,
					"b_score": 0.942,
					"object_id": 0
				}
			]
		},
		{
			"frame_num": 60,
			"objects": [
				{
					"category_id": 1,
					"bbox": [
						902.6,
						387.23,
						230.2,
						421.18
					],
					"score": 0.87,
					"keypoints": [
						997.338,
						461.671,
						1.0,
						1006.203,
						448.435,
						1.0,
						988.415,
						452.087,
						0.93,
						1019.656,
						439.545,
						0.88,
						970.782,
						439.595,
						0.84,
						1037.335,
						479.434,
						0.92,
						948.827,
						488.294,
						0.96,
						1114.245,
						486.686,
						0.98,
						927.111,
						563.249,
						0.87,
						1078.779,
						439.399,
						1.0,
						940.145,
						626.844,
						0.9,
						1024.094,
						595.854,
						0.8,
						969.862,
						594.24,
						0.77,
						1037.206,
						677.644,
						0.95,
						948.663,
						660.641,
						0.84,
						1019.586,
						753.349,
						0.98,
						962.213,
						745.149,
						0.93
					],
					"area": 21790.907,
					"b_score": 0.944,
					"object_id": 0
				}
			]
		},
		{
			"frame_num": 61,
			"objects": [
				{
					"category_id": 1,
					"bbox": [
						902.79,
						384.47,
						227.36,
						424.63
					],
					"score": 0.848,
					"keypoints": [
						997.073,
						461.744,
						1.0,
						1005.923,
						448.496,
						1.0,
						988.163,
						452.422,
						0.96,
						1019.32,
						439.619,
						0.81,
						970.52,
						439.654,
						0.84,
						1038.651,
						479.482,
						0.88,
						948.506,
						488.339,
						0.96,
						1114.959,
						487.299,
						0.98,
						926.652,
						563.379,
						0.88,
						1079.872,
						439.623,
						1.0,
						939.584,
						628.478,
						0.9,
						1023.753,
						595.405,
						0.76,
						969.925,
						594.358,
						0.74,
						1036.914,
						676.44,
						0.89,
						948.38,
						662.313,
						0.84,
						1019.118,
						753.593,
						0.94,
						961.671,
						745.053,
						0.91
					],
					"area": 21698.263,
					"b_score": 0.937,
					"object_id": 0
				}
			]
		}
	],
	"categories": [
		{
			"supercategory": "person",
			"id": 1,
			"name": "person",
			"keypoints": [
				"nose",
				"left_eye",
				"right_eye",
				"left_ear",
				"right_ear",
				"left_shoulder",
				"right_shoulder",
				"left_elbow",
				"right_elbow",
				"left_wrist",
				"right_wrist",
				"left_hip",
				"right_hip",
				"left_knee",
				"right_knee",
				"left_ankle",
				"right_ankle"
			],
			"skeleton": [
				[
					0,
					1
				],
				[
					0,
					2
				],
				[
					1,
					3
				],
				[
					2,
					4
				],
				[
					0,
					5
				],
				[
					0,
					6
				],
				[
					5,
					7
				],
				[
					6,
					8
				],
				[
					7,
					9
				],
				[
					8,
					10
				],
				[
					5,
					11
				],
				[
					6,
					12
				],
				[
					11,
					13
				],
				[
					12,
					14
				],
				[
					13,
					15
				],
				[
					14,
					16
				]
			]
		}
	]
}