{
	"info": {
		"description": "2D pose estimation outputs from Hawaii 2D Pose (based on MultiPoseNet)",
		"url": "",
		"version": "191128",
		"year": 2020,
		"contributor": "KakaoBrain-HumanCV",
		"date_created": "2020-01-15 18:03:23"
	},
	"video": {
		"path": "S002C001P011R002A007_rgb.avi",
		"width": 1920,
		"height": 1080,
		"original_length": 73,
		"fps": 30.0
	},
	"annotations": [
		{
			"frame_num": 0,
			"objects": [
				{
					"category_id": 1,
					"bbox": [
						767.28,
						265.28,
						221.03,
						661.23
					],
					"score": 0.874,
					"keypoints": [
						888.13,
						337.61,
						1.0,
						895.01,
						323.83,
						1.0,
						874.35,
						330.72,
						1.0,
						901.9,
						337.61,
						0.02,
						839.91,
						330.72,
						1.0,
						901.9,
						399.6,
						0.98,
						805.47,
						413.37,
						1.0,
						915.68,
						502.91,
						0.94,
						805.47,
						537.35,
						0.88,
						943.23,
						599.34,
						0.98,
						826.14,
						647.56,
						0.88,
						908.79,
						599.34,
						0.78,
						853.69,
						606.23,
						0.65,
						929.45,
						730.21,
						0.98,
						846.8,
						743.99,
						0.87,
						922.56,
						847.3,
						1.0,
						867.46,
						867.97,
						0.94
					],
					"area": 32846.656,
					"b_score": 0.973,
					"object_id": 0
				}
			]
		},
		{
			"frame_num": 1,
			"objects": [
				{
					"category_id": 1,
					"bbox": [
						769.51,
						264.11,
						219.37,
						663.18
					],
					"score": 0.905,
					"keypoints": [
						886.064,
						337.271,
						1.0,
						895.522,
						323.48,
						1.0,
						872.268,
						330.374,
						1.0,
						902.419,
						337.271,
						0.02,
						837.787,
						330.374,
						1.0,
						902.419,
						399.325,
						0.98,
						803.306,
						413.112,
						1.0,
						916.213,
						502.747,
						0.99,
						803.306,
						537.222,
						0.94,
						944.075,
						599.242,
						0.99,
						826.794,
						647.534,
						0.93,
						909.316,
						599.274,
						0.79,
						854.155,
						606.171,
						0.7,
						929.998,
						730.279,
						0.98,
						847.257,
						744.069,
						0.92,
						923.372,
						847.58,
						1.0,
						864.279,
						868.282,
						0.97
					],
					"area": 32696.646,
					"b_score": 0.974,
					"object_id": 0
				}
			]
		},
		{
			"frame_num": 2,
			"objects": [
				{
					"category_id": 1,
					"bbox": [
						770.49,
						264.19,
						217.7,
						663.03
					],
					"score": 0.917,
					"keypoints": [
						884.779,
						337.073,
						1.0,
						895.912,
						323.272,
						1.0,
						870.976,
						330.171,
						1.0,
						893.719,
						327.471,
						0.01,
						836.473,
						330.171,
						1.0,
						902.81,
						399.165,
						1.0,
						801.97,
						412.961,
						1.0,
						919.41,
						502.651,
						0.97,
						804.55,
						537.145,
						0.97,
						944.546,
						599.2,
						1.0,
						827.192,
						647.517,
						0.93,
						909.712,
						599.235,
						0.76,
						854.518,
						606.133,
						0.72,
						927.861,
						730.314,
						1.0,
						847.616,
						744.115,
						0.96,
						923.833,
						847.689,
						1.0,
						862.99,
						868.401,
						0.98
					],
					"area": 32439.929,
					"b_score": 0.978,
					"object_id": 0
				}
			]
		},
		{
			"frame_num": 3,
			"objects": [
				{
					"category_id": 1,
					"bbox": [
						771.05,
						263.37,
						216.93,
						663.7
					],
					"score": 0.934,
					"keypoints": [
						884.059,
						336.674,
						1.0,
						896.234,
						322.861,
						1.0,
						870.244,
						326.965,
						1.0,
						895.013,
						330.954,
						0.02,
						835.713,
						329.765,
						1.0,
						903.137,
						398.814,
						1.0,
						801.185,
						412.622,
						1.0,
						921.529,
						502.379,
						0.96,
						805.378,
						536.901,
						0.96,
						944.895,
						598.924,
						1.0,
						827.442,
						647.285,
						0.95,
						910.042,
						599.038,
						0.76,
						854.804,
						608.557,
						0.73,
						923.485,
						730.216,
						0.99,
						847.899,
						744.027,
						0.98,
						920.283,
						847.622,
						1.0,
						862.548,
						868.348,
						1.0
					],
					"area": 32358.286,
					"b_score": 0.979,
					"object_id": 0
				}
			]
		},
		{
			"frame_num": 4,
			"objects": [
				{
					"category_id": 1,
					"bbox": [
						771.89,
						263.17,
						214.85,
						663.68
					],
					"score": 0.924,
					"keypoints": [
						886.091,
						336.342,
						1.0,
						896.367,
						322.523,
						1.0,
						872.274,
						324.849,
						1.0,
						898.128,
						332.771,
						0.01,
						837.735,
						329.433,
						1.0,
						906.069,
						398.513,
						1.0,
						800.631,
						412.33,
						1.0,
						925.952,
						499.365,
						0.95,
						805.861,
						536.67,
						0.95,
						949.141,
						598.686,
						1.0,
						831.618,
						647.063,
						0.95,
						912.981,
						598.838,
						0.77,
						854.918,
						607.418,
						0.71,
						923.801,
						730.079,
						0.97,
						848.011,
						743.897,
						0.95,
						922.323,
						847.478,
						1.0,
						865.914,
						868.211,
						0.99
					],
					"area": 32047.409,
					"b_score": 0.979,
					"object_id": 0
				}
			]
		},
		{
			"frame_num": 5,
			"objects": [
				{
					"category_id": 1,
					"bbox": [
						773.03,
						262.06,
						213.54,
						664.1
					],
					"score": 0.93,
					"keypoints": [
						887.534,
						335.729,
						1.0,
						896.631,
						321.905,
						1.0,
						873.71,
						323.12,
						1.0,
						900.243,
						323.955,
						0.02,
						839.147,
						328.819,
						1.0,
						908.123,
						397.938,
						1.0,
						802.984,
						411.764,
						1.0,
						928.671,
						499.885,
						0.98,
						806.333,
						536.178,
						0.98,
						951.18,
						598.088,
						1.0,
						833.597,
						646.491,
						0.94,
						915.04,
						598.383,
						0.76,
						855.163,
						606.394,
						0.69,
						921.201,
						729.698,
						0.98,
						848.251,
						743.524,
						0.94,
						923.647,
						847.02,
						1.0,
						867.889,
						867.768,
						1.0
					],
					"area": 31871.676,
					"b_score": 0.98,
					"object_id": 0
				}
			]
		},
		{
			"frame_num": 6,
			"objects": [
				{
					"category_id": 1,
					"bbox": [
						773.61,
						262.0,
						213.0,
						663.96
					],
					"score": 0.933,
					"keypoints": [
						888.626,
						335.313,
						1.0,
						896.915,
						321.486,
						1.0,
						874.798,
						322.101,
						1.0,
						899.256,
						315.054,
						0.01,
						840.225,
						328.403,
						1.0,
						909.463,
						397.54,
						1.0,
						804.588,
						411.368,
						1.0,
						930.254,
						497.326,
						0.99,
						806.756,
						535.816,
						0.99,
						952.131,
						597.738,
						1.0,
						834.551,
						641.915,
						0.96,
						916.378,
						598.04,
						0.76,
						855.433,
						605.66,
						0.69,
						919.843,
						729.395,
						1.0,
						851.349,
						743.223,
						0.95,
						924.43,
						846.703,
						1.0,
						868.946,
						867.453,
						0.98
					],
					"area": 31783.847,
					"b_score": 0.98,
					"object_id": 0
				}
			]
		},
		{
			"frame_num": 7,
			"objects": [
				{
					"category_id": 1,
					"bbox": [
						774.05,
						261.47,
						212.6,
						665.85
					],
					"score": 0.93,
					"keypoints": [
						889.434,
						337.394,
						1.0,
						897.202,
						323.547,
						1.0,
						875.589,
						324.22,
						1.0,
						898.697,
						317.689,
						0.01,
						840.971,
						330.471,
						1.0,
						910.373,
						399.712,
						1.0,
						805.682,
						413.564,
						1.0,
						934.81,
						498.663,
						1.0,
						807.04,
						538.201,
						1.0,
						957.406,
						601.761,
						0.98,
						834.987,
						644.375,
						0.97,
						917.3,
						600.522,
						0.75,
						858.516,
						607.88,
						0.71,
						919.249,
						732.093,
						1.0,
						853.35,
						743.325,
						0.95,
						924.988,
						847.139,
						1.0,
						869.523,
						867.918,
						0.99
					],
					"area": 31815.379,
					"b_score": 0.981,
					"object_id": 0
				}
			]
		},
		{
			"frame_num": 8,
			"objects": [
				{
					"category_id": 1,
					"bbox": [
						775.19,
						261.36,
						211.49,
						665.37
					],
					"score": 0.928,
					"keypoints": [
						893.179,
						338.766,
						1.0,
						900.496,
						324.911,
						1.0,
						876.317,
						325.359,
						1.0,
						898.541,
						318.905,
						0.01,
						841.684,
						331.839,
						1.0,
						914.424,
						401.12,
						1.0,
						806.635,
						414.979,
						1.0,
						937.383,
						499.344,
						1.0,
						807.46,
						539.689,
						0.99,
						959.551,
						603.335,
						1.0,
						835.529,
						645.238,
						0.96,
						918.066,
						602.042,
						0.75,
						860.693,
						609.225,
						0.71,
						919.167,
						733.689,
						0.99,
						854.794,
						743.231,
						0.95,
						925.55,
						851.128,
						1.0,
						870.108,
						867.868,
						0.99
					],
					"area": 31625.632,
					"b_score": 0.982,
					"object_id": 0
				}
			]
		},
		{
			"frame_num": 9,
			"objects": [
				{
					"category_id": 1,
					"bbox": [
						776.17,
						261.57,
						210.41,
						664.23
					],
					"score": 0.864,
					"keypoints": [
						895.617,
						337.198,
						1.0,
						902.697,
						323.346,
						1.0,
						879.962,
						323.342,
						1.0,
						898.587,
						312.618,
						0.01,
						842.324,
						330.272,
						0.98,
						916.816,
						399.52,
						0.95,
						807.454,
						413.369,
						0.97,
						938.811,
						499.687,
						0.99,
						810.87,
						537.992,
						0.87,
						960.459,
						600.136,
						0.99,
						836.048,
						641.355,
						0.87,
						921.923,
						600.305,
						0.72,
						862.173,
						607.423,
						0.67,
						919.279,
						731.853,
						0.93,
						855.829,
						742.951,
						0.9,
						926.0,
						848.585,
						0.97,
						870.614,
						867.407,
						0.92
					],
					"area": 31410.734,
					"b_score": 0.981,
					"object_id": 0
				}
			]
		},
		{
			"frame_num": 10,
			"objects": [
				{
					"category_id": 1,
					"bbox": [
						777.26,
						260.75,
						209.5,
						664.95
					],
					"score": 0.904,
					"keypoints": [
						897.299,
						338.363,
						1.0,
						904.266,
						324.506,
						1.0,
						879.377,
						324.568,
						1.0,
						896.167,
						315.903,
						0.01,
						842.951,
						331.434,
						1.0,
						918.4,
						400.7,
						0.99,
						808.182,
						414.551,
						1.0,
						939.86,
						499.699,
						1.0,
						810.23,
						536.685,
						0.96,
						961.238,
						602.048,
						0.99,
						832.95,
						639.472,
						0.89,
						921.111,
						599.018,
						0.74,
						863.283,
						608.57,
						0.7,
						919.624,
						730.61,
						0.98,
						856.681,
						742.661,
						0.93,
						926.582,
						851.074,
						0.98,
						867.483,
						867.102,
						0.98
					],
					"area": 31308.869,
					"b_score": 0.983,
					"object_id": 0
				}
			]
		},
		{
			"frame_num": 11,
			"objects": [
				{
					"category_id": 1,
					"bbox": [
						779.55,
						260.31,
						207.24,
						665.98
					],
					"score": 0.864,
					"keypoints": [
						898.771,
						339.004,
						1.0,
						905.694,
						325.141,
						1.0,
						879.51,
						325.178,
						1.0,
						897.737,
						314.215,
						0.01,
						843.783,
						332.074,
						1.0,
						919.814,
						401.385,
						0.92,
						809.052,
						415.244,
						1.0,
						941.003,
						499.681,
						0.94,
						810.27,
						535.814,
						0.94,
						962.332,
						599.176,
						0.93,
						831.992,
						638.826,
						0.86,
						921.207,
						600.716,
						0.71,
						861.476,
						609.357,
						0.67,
						920.306,
						732.42,
						0.94,
						857.657,
						742.589,
						0.89,
						923.801,
						848.714,
						0.94,
						866.582,
						867.221,
						0.95
					],
					"area": 31019.47,
					"b_score": 0.983,
					"object_id": 0
				}
			]
		},
		{
			"frame_num": 12,
			"objects": [
				{
					"category_id": 1,
					"bbox": [
						781.34,
						259.21,
						205.8,
						667.16
					],
					"score": 0.86,
					"keypoints": [
						900.087,
						339.051,
						1.0,
						906.997,
						325.178,
						1.0,
						883.158,
						325.2,
						1.0,
						901.99,
						312.847,
						0.01,
						844.698,
						332.113,
						1.0,
						921.096,
						401.495,
						0.92,
						809.965,
						415.37,
						1.0,
						938.821,
						499.422,
						0.94,
						810.668,
						535.016,
						0.93,
						963.493,
						597.519,
						0.93,
						832.059,
						638.309,
						0.85,
						921.761,
						599.138,
						0.7,
						863.81,
						609.666,
						0.66,
						921.134,
						733.507,
						0.92,
						858.662,
						742.452,
						0.9,
						923.079,
						847.482,
						0.93,
						866.737,
						867.262,
						0.95
					],
					"area": 30858.11,
					"b_score": 0.982,
					"object_id": 0
				}
			]
		},
		{
			"frame_num": 13,
			"objects": [
				{
					"category_id": 1,
					"bbox": [
						783.25,
						258.43,
						204.69,
						667.55
					],
					"score": 0.92,
					"keypoints": [
						898.323,
						338.814,
						1.0,
						905.289,
						324.928,
						1.0,
						882.711,
						324.939,
						1.0,
						899.882,
						314.935,
						0.01,
						845.804,
						331.873,
						1.0,
						919.182,
						401.306,
						1.0,
						811.061,
						415.193,
						1.0,
						935.416,
						499.018,
						1.0,
						811.44,
						534.271,
						0.91,
						960.677,
						591.918,
						1.0,
						832.774,
						637.776,
						0.92,
						919.779,
						597.846,
						0.76,
						862.754,
						609.637,
						0.71,
						922.117,
						731.54,
						1.0,
						859.822,
						742.181,
						0.95,
						923.481,
						846.67,
						1.0,
						867.494,
						867.062,
						0.99
					],
					"area": 30709.601,
					"b_score": 0.984,
					"object_id": 0
				}
			]
		},
		{
			"frame_num": 14,
			"objects": [
				{
					"category_id": 1,
					"bbox": [
						787.1,
						256.57,
						207.58,
						669.47
					],
					"score": 0.898,
					"keypoints": [
						903.042,
						338.101,
						1.0,
						909.942,
						321.459,
						1.0,
						888.269,
						324.136,
						1.0,
						900.412,
						315.331,
						0.01,
						848.792,
						331.148,
						1.0,
						920.599,
						400.676,
						0.96,
						814.001,
						414.584,
						1.0,
						935.755,
						498.315,
						1.0,
						814.122,
						533.381,
						0.91,
						967.461,
						589.255,
						0.96,
						836.153,
						637.105,
						0.87,
						920.809,
						596.656,
						0.74,
						864.339,
						609.307,
						0.71,
						924.756,
						729.972,
						0.99,
						862.945,
						741.834,
						0.96,
						926.743,
						846.213,
						0.98,
						866.96,
						866.909,
						1.0
					],
					"area": 31232.746,
					"b_score": 0.985,
					"object_id": 0
				}
			]
		},
		{
			"frame_num": 15,
			"objects": [
				{
					"category_id": 1,
					"bbox": [
						788.76,
						256.96,
						217.56,
						668.3
					],
					"score": 0.93,
					"keypoints": [
						905.422,
						337.727,
						1.0,
						912.328,
						319.286,
						1.0,
						887.73,
						323.737,
						1.0,
						900.633,
						312.535,
						0.01,
						850.372,
						330.767,
						1.0,
						918.209,
						400.327,
						1.0,
						815.58,
						414.238,
						1.0,
						933.157,
						497.863,
						0.98,
						815.602,
						532.805,
						0.9,
						969.544,
						583.367,
						1.0,
						837.464,
						640.297,
						0.93,
						921.265,
						598.401,
						0.75,
						865.144,
						609.02,
						0.72,
						923.76,
						731.298,
						1.0,
						868.067,
						741.442,
						0.99,
						924.212,
						845.645,
						1.0,
						866.566,
						866.472,
						1.0
					],
					"area": 32677.266,
					"b_score": 0.986,
					"object_id": 0
				}
			]
		},
		{
			"frame_num": 16,
			"objects": [
				{
					"category_id": 1,
					"bbox": [
						789.39,
						258.69,
						229.79,
						660.93
					],
					"score": 0.885,
					"keypoints": [
						906.532,
						337.773,
						1.0,
						913.419,
						321.094,
						1.0,
						890.71,
						323.874,
						1.0,
						903.485,
						318.901,
						0.01,
						851.405,
						330.841,
						1.0,
						916.782,
						400.156,
						0.96,
						816.788,
						414.018,
						0.98,
						931.508,
						499.679,
						0.9,
						816.769,
						534.542,
						0.87,
						979.494,
						575.107,
						0.99,
						838.304,
						644.674,
						0.91,
						921.361,
						598.777,
						0.73,
						862.951,
						608.106,
						0.65,
						922.964,
						730.946,
						0.95,
						870.733,
						745.014,
						0.92,
						922.712,
						846.545,
						0.99,
						866.488,
						867.251,
						1.0
					],
					"area": 34133.338,
					"b_score": 0.983,
					"object_id": 0
				}
			]
		},
		{
			"frame_num": 17,
			"objects": [
				{
					"category_id": 1,
					"bbox": [
						791.11,
						257.92,
						240.21,
						660.33
					],
					"score": 0.911,
					"keypoints": [
						907.121,
						337.51,
						1.0,
						913.998,
						321.873,
						1.0,
						892.299,
						323.642,
						1.0,
						905.281,
						323.481,
						0.01,
						852.006,
						330.596,
						1.0,
						913.644,
						399.722,
						0.98,
						817.497,
						413.547,
						0.96,
						930.388,
						498.013,
						0.96,
						817.469,
						535.232,
						0.89,
						987.497,
						555.55,
						1.0,
						843.164,
						645.796,
						0.9,
						921.429,
						598.645,
						0.76,
						864.393,
						607.079,
						0.7,
						922.447,
						730.277,
						1.0,
						875.783,
						744.232,
						0.94,
						922.051,
						846.263,
						1.0,
						862.378,
						866.939,
						1.0
					],
					"area": 35647.886,
					"b_score": 0.982,
					"object_id": 0
				}
			]
		},
		{
			"frame_num": 18,
			"objects": [
				{
					"category_id": 1,
					"bbox": [
						791.47,
						258.34,
						247.48,
						662.53
					],
					"score": 0.889,
					"keypoints": [
						909.368,
						337.579,
						1.0,
						916.238,
						322.573,
						1.0,
						895.093,
						323.738,
						1.0,
						908.159,
						326.696,
						0.01,
						854.107,
						330.67,
						1.0,
						910.139,
						399.756,
						0.87,
						819.61,
						413.573,
						0.96,
						931.107,
						494.478,
						0.92,
						819.553,
						536.15,
						0.85,
						998.223,
						529.339,
						1.0,
						847.502,
						643.409,
						0.92,
						920.367,
						596.505,
						0.77,
						866.962,
						607.0,
						0.69,
						923.531,
						727.875,
						1.0,
						880.339,
						744.47,
						0.94,
						923.852,
						843.494,
						1.0,
						858.684,
						864.242,
						0.98
					],
					"area": 36849.993,
					"b_score": 0.98,
					"object_id": 0
				}
			]
		},
		{
			"frame_num": 19,
			"objects": [
				{
					"category_id": 1,
					"bbox": [
						792.93,
						258.11,
						242.73,
						666.54
					],
					"score": 0.901,
					"keypoints": [
						910.065,
						337.711,
						1.0,
						916.967,
						323.099,
						1.0,
						895.998,
						323.86,
						1.0,
						909.352,
						328.646,
						0.01,
						854.644,
						330.791,
						1.0,
						907.469,
						399.996,
						0.85,
						823.468,
						413.834,
						0.97,
						928.644,
						492.859,
						0.84,
						823.38,
						537.317,
						0.87,
						1000.376,
						502.18,
						1.0,
						852.905,
						643.431,
						0.93,
						919.42,
						595.861,
						0.76,
						867.917,
						607.608,
						0.74,
						923.95,
						727.438,
						1.0,
						881.802,
						745.657,
						0.97,
						924.301,
						844.223,
						1.0,
						856.497,
						865.0,
						0.98
					],
					"area": 36360.996,
					"b_score": 0.981,
					"object_id": 0
				}
			]
		},
		{
			"frame_num": 20,
			"objects": [
				{
					"category_id": 1,
					"bbox": [
						793.97,
						258.61,
						233.83,
						667.38
					],
					"score": 0.874,
					"keypoints": [
						908.849,
						338.006,
						1.0,
						915.782,
						323.662,
						1.0,
						894.832,
						324.149,
						1.0,
						0.0,
						0.0,
						0.0,
						853.405,
						331.076,
						1.0,
						900.739,
						403.153,
						0.87,
						823.718,
						417.018,
						0.97,
						925.56,
						489.027,
						0.74,
						823.669,
						538.407,
						0.84,
						998.507,
						468.365,
						0.87,
						857.021,
						643.979,
						0.94,
						920.127,
						595.83,
						0.77,
						866.995,
						608.336,
						0.7,
						925.591,
						727.602,
						1.0,
						880.66,
						746.861,
						0.94,
						922.691,
						845.186,
						0.99,
						848.37,
						870.161,
						1.0
					],
					"area": 35072.679,
					"b_score": 0.982,
					"object_id": 0
				}
			]
		},
		{
			"frame_num": 21,
			"objects": [
				{
					"category_id": 1,
					"bbox": [
						796.55,
						258.77,
						214.62,
						668.15
					],
					"score": 0.881,
					"keypoints": [
						908.182,
						338.29,
						1.0,
						915.131,
						324.112,
						1.0,
						894.193,
						324.411,
						1.0,
						0.0,
						0.0,
						0.0,
						852.673,
						331.349,
						1.0,
						893.244,
						405.327,
						0.89,
						823.766,
						419.218,
						0.96,
						923.689,
						479.638,
						0.67,
						830.948,
						542.345,
						0.83,
						989.715,
						433.488,
						0.92,
						868.654,
						648.915,
						0.94,
						918.075,
						598.445,
						0.76,
						866.425,
						609.027,
						0.74,
						924.073,
						727.965,
						1.0,
						876.804,
						747.9,
						0.96,
						921.903,
						846.063,
						1.0,
						845.817,
						872.957,
						1.0
					],
					"area": 32227.718,
					"b_score": 0.981,
					"object_id": 0
				}
			]
		},
		{
			"frame_num": 22,
			"objects": [
				{
					"category_id": 1,
					"bbox": [
						799.14,
						261.21,
						194.8,
						670.42
					],
					"score": 0.854,
					"keypoints": [
						910.855,
						339.489,
						1.0,
						914.646,
						325.437,
						0.93,
						896.933,
						325.525,
						1.0,
						0.0,
						0.0,
						0.0,
						855.073,
						332.532,
						1.0,
						889.391,
						407.971,
						0.85,
						830.638,
						421.901,
						0.97,
						922.495,
						464.111,
						0.68,
						842.438,
						543.073,
						0.73,
						971.473,
						413.755,
						0.93,
						876.611,
						648.846,
						0.86,
						916.539,
						598.972,
						0.79,
						865.912,
						608.287,
						0.7,
						925.525,
						727.052,
						1.0,
						877.883,
						747.381,
						1.0,
						925.245,
						845.153,
						1.0,
						849.226,
						872.55,
						1.0
					],
					"area": 29351.259,
					"b_score": 0.98,
					"object_id": 0
				}
			]
		},
		{
			"frame_num": 23,
			"objects": [
				{
					"category_id": 1,
					"bbox": [
						790.92,
						260.61,
						196.54,
						664.42
					],
					"score": 0.843,
					"keypoints": [
						908.979,
						339.754,
						1.0,
						911.594,
						325.793,
						0.4,
						895.047,
						325.824,
						1.0,
						0.0,
						0.0,
						0.0,
						853.447,
						332.811,
						1.0,
						883.504,
						408.605,
						0.84,
						838.049,
						422.496,
						0.96,
						914.495,
						446.933,
						0.76,
						851.748,
						542.187,
						0.79,
						941.691,
						385.02,
						1.0,
						883.63,
						650.56,
						0.94,
						908.754,
						600.591,
						0.72,
						865.554,
						608.948,
						0.76,
						923.717,
						724.462,
						1.0,
						875.263,
						747.84,
						0.93,
						922.609,
						845.303,
						1.0,
						850.383,
						872.89,
						0.99
					],
					"area": 29349.011,
					"b_score": 0.986,
					"object_id": 0
				}
			]
		},
		{
			"frame_num": 24,
			"objects": [
				{
					"category_id": 1,
					"bbox": [
						785.87,
						259.73,
						204.01,
						667.02
					],
					"score": 0.821,
					"keypoints": [
						907.471,
						337.202,
						1.0,
						909.344,
						325.769,
						0.35,
						893.517,
						325.791,
						1.0,
						0.0,
						0.0,
						0.0,
						851.986,
						335.593,
						1.0,
						875.967,
						408.823,
						0.75,
						840.599,
						422.718,
						0.93,
						905.673,
						426.049,
						0.7,
						854.633,
						536.654,
						0.67,
						917.054,
						369.3,
						0.96,
						884.207,
						651.625,
						0.82,
						899.733,
						601.808,
						0.63,
						864.825,
						609.559,
						0.76,
						921.997,
						723.321,
						1.0,
						873.332,
						748.528,
						0.98,
						920.628,
						846.111,
						1.0,
						845.374,
						873.925,
						1.0
					],
					"area": 30582.992,
					"b_score": 0.985,
					"object_id": 0
				}
			]
		},
		{
			"frame_num": 25,
			"objects": [
				{
					"category_id": 1,
					"bbox": [
						784.61,
						260.02,
						204.64,
						669.55
					],
					"score": 0.746,
					"keypoints": [
						903.966,
						338.253,
						1.0,
						900.766,
						325.964,
						0.14,
						892.305,
						325.966,
						1.0,
						0.0,
						0.0,
						0.0,
						850.749,
						337.569,
						1.0,
						867.903,
						409.317,
						0.74,
						849.223,
						420.439,
						0.89,
						887.844,
						460.064,
						0.37,
						863.758,
						533.308,
						0.65,
						894.326,
						571.205,
						0.31,
						888.863,
						645.273,
						0.75,
						894.727,
						600.496,
						0.69,
						866.647,
						608.059,
						0.76,
						920.545,
						720.413,
						1.0,
						874.639,
						747.124,
						0.95,
						919.273,
						844.073,
						1.0,
						847.323,
						871.957,
						1.0
					],
					"area": 30794.155,
					"b_score": 0.989,
					"object_id": 0
				}
			]
		},
		{
			"frame_num": 26,
			"objects": [
				{
					"category_id": 1,
					"bbox": [
						777.05,
						260.71,
						213.22,
						668.6
					],
					"score": 0.734,
					"keypoints": [
						899.981,
						336.63,
						1.0,
						893.942,
						326.315,
						0.08,
						890.462,
						323.735,
						1.0,
						0.0,
						0.0,
						0.0,
						848.806,
						338.979,
						1.0,
						853.584,
						409.803,
						0.6,
						850.992,
						419.311,
						0.76,
						878.657,
						490.536,
						0.29,
						874.176,
						531.395,
						0.67,
						882.272,
						595.4,
						0.35,
						892.778,
						642.298,
						0.78,
						886.454,
						599.78,
						0.69,
						866.494,
						607.112,
						0.77,
						921.088,
						718.804,
						1.0,
						874.063,
						746.282,
						0.94,
						920.743,
						843.049,
						1.0,
						846.121,
						871.008,
						1.0
					],
					"area": 32039.936,
					"b_score": 0.989,
					"object_id": 0
				}
			]
		},
		{
			"frame_num": 27,
			"objects": [
				{
					"category_id": 1,
					"bbox": [
						766.19,
						262.04,
						223.2,
						667.05
					],
					"score": 0.679,
					"keypoints": [
						897.937,
						333.085,
						1.0,
						891.016,
						324.499,
						0.07,
						889.683,
						322.73,
						1.0,
						0.0,
						0.0,
						0.0,
						850.473,
						337.358,
						1.0,
						849.107,
						405.468,
						0.51,
						860.816,
						418.971,
						0.68,
						871.483,
						496.98,
						0.13,
						888.005,
						530.6,
						0.74,
						881.429,
						592.533,
						0.18,
						905.439,
						641.361,
						0.87,
						883.498,
						596.869,
						0.58,
						866.832,
						606.698,
						0.73,
						921.775,
						718.056,
						1.0,
						877.188,
						743.106,
						0.87,
						921.88,
						842.588,
						1.0,
						846.358,
						870.497,
						0.99
					],
					"area": 33461.633,
					"b_score": 0.986,
					"object_id": 0
				}
			]
		},
		{
			"frame_num": 28,
			"objects": [
				{
					"category_id": 1,
					"bbox": [
						758.48,
						264.68,
						231.28,
						663.18
					],
					"score": 0.675,
					"keypoints": [
						895.001,
						334.672,
						1.0,
						887.606,
						324.118,
						0.05,
						887.72,
						322.981,
						1.0,
						0.0,
						0.0,
						0.0,
						850.285,
						337.299,
						1.0,
						840.749,
						403.204,
						0.45,
						866.811,
						419.393,
						0.64,
						861.991,
						500.454,
						0.04,
						894.813,
						533.29,
						0.76,
						878.277,
						598.682,
						0.08,
						910.614,
						644.803,
						0.91,
						880.117,
						597.891,
						0.53,
						868.378,
						609.181,
						0.73,
						920.729,
						720.566,
						0.98,
						877.356,
						743.73,
						0.9,
						920.322,
						845.723,
						1.0,
						848.311,
						873.642,
						1.0
					],
					"area": 34472.119,
					"b_score": 0.987,
					"object_id": 0
				}
			]
		},
		{
			"frame_num": 29,
			"objects": [
				{
					"category_id": 1,
					"bbox": [
						750.57,
						267.06,
						238.62,
						660.73
					],
					"score": 0.676,
					"keypoints": [
						894.542,
						336.315,
						1.0,
						883.648,
						324.623,
						0.03,
						884.598,
						323.899,
						1.0,
						0.0,
						0.0,
						0.0,
						848.652,
						338.121,
						1.0,
						825.7,
						399.515,
						0.44,
						870.77,
						420.355,
						0.66,
						798.286,
						390.213,
						0.21,
						903.438,
						538.04,
						0.81,
						793.227,
						360.716,
						0.06,
						919.141,
						647.182,
						0.92,
						872.0,
						596.404,
						0.44,
						867.628,
						611.32,
						0.69,
						921.017,
						719.421,
						0.98,
						878.594,
						744.328,
						0.9,
						920.943,
						847.375,
						1.0,
						846.882,
						875.118,
						1.0
					],
					"area": 35433.884,
					"b_score": 0.985,
					"object_id": 0
				}
			]
		},
		{
			"frame_num": 30,
			"objects": [
				{
					"category_id": 1,
					"bbox": [
						742.76,
						269.41,
						245.69,
						657.83
					],
					"score": 0.704,
					"keypoints": [
						892.269,
						338.163,
						1.0,
						883.172,
						325.741,
						0.03,
						883.82,
						325.239,
						1.0,
						849.739,
						328.214,
						0.01,
						848.589,
						339.476,
						1.0,
						813.176,
						394.83,
						0.53,
						873.867,
						421.639,
						0.62,
						773.822,
						359.762,
						0.46,
						907.889,
						541.809,
						0.74,
						775.161,
						349.341,
						0.23,
						922.794,
						653.157,
						0.93,
						866.081,
						595.824,
						0.38,
						868.18,
						613.019,
						0.65,
						922.021,
						721.623,
						0.99,
						880.448,
						744.788,
						0.95,
						922.503,
						847.98,
						1.0,
						847.746,
						875.543,
						1.0
					],
					"area": 36324.205,
					"b_score": 0.983,
					"object_id": 0
				}
			]
		},
		{
			"frame_num": 31,
			"objects": [
				{
					"category_id": 1,
					"bbox": [
						736.74,
						270.5,
						252.21,
						658.5
					],
					"score": 0.699,
					"keypoints": [
						889.704,
						337.29,
						1.0,
						881.515,
						321.63,
						0.03,
						882.173,
						324.078,
						1.0,
						818.482,
						331.668,
						0.01,
						844.542,
						337.982,
						1.0,
						802.478,
						389.293,
						0.57,
						873.44,
						420.28,
						0.68,
						771.137,
						357.25,
						0.32,
						907.592,
						541.66,
						0.64,
						764.688,
						355.484,
						0.53,
						926.797,
						651.976,
						0.88,
						866.198,
						593.177,
						0.36,
						870.231,
						611.862,
						0.66,
						924.249,
						717.891,
						1.0,
						883.44,
						743.133,
						0.94,
						921.807,
						845.529,
						1.0,
						846.603,
						868.701,
						1.0
					],
					"area": 37326.311,
					"b_score": 0.983,
					"object_id": 0
				}
			]
		},
		{
			"frame_num": 32,
			"objects": [
				{
					"category_id": 1,
					"bbox": [
						734.92,
						270.5,
						254.49,
						658.5
					],
					"score": 0.722,
					"keypoints": [
						884.462,
						336.72,
						1.0,
						876.617,
						321.748,
						0.03,
						877.619,
						323.297,
						1.0,
						808.295,
						337.079,
						0.01,
						841.727,
						339.85,
						1.0,
						798.739,
						386.45,
						0.54,
						872.876,
						422.08,
						0.67,
						774.997,
						356.544,
						0.35,
						907.063,
						544.599,
						0.76,
						756.901,
						362.082,
						0.63,
						932.467,
						651.524,
						0.94,
						865.849,
						594.412,
						0.41,
						871.16,
						611.18,
						0.67,
						925.442,
						715.679,
						0.98,
						884.722,
						742.061,
						0.94,
						921.104,
						844.293,
						1.0,
						845.698,
						865.703,
						1.0
					],
					"area": 37663.75,
					"b_score": 0.985,
					"object_id": 0
				}
			]
		},
		{
			"frame_num": 33,
			"objects": [
				{
					"category_id": 1,
					"bbox": [
						734.96,
						271.4,
						253.18,
						657.56
					],
					"score": 0.72,
					"keypoints": [
						881.491,
						336.633,
						1.0,
						874.021,
						322.127,
						0.03,
						874.825,
						323.104,
						1.0,
						804.88,
						340.265,
						0.01,
						839.853,
						341.32,
						1.0,
						797.226,
						388.742,
						0.52,
						872.298,
						426.627,
						0.6,
						775.67,
						356.869,
						0.32,
						906.464,
						546.508,
						0.8,
						761.473,
						363.593,
						0.67,
						933.225,
						647.906,
						0.95,
						869.083,
						595.29,
						0.41,
						871.439,
						613.661,
						0.68,
						928.864,
						714.566,
						0.95,
						885.096,
						743.957,
						0.97,
						920.39,
						843.768,
						1.0,
						844.973,
						864.584,
						1.0
					],
					"area": 37416.728,
					"b_score": 0.983,
					"object_id": 0
				}
			]
		},
		{
			"frame_num": 34,
			"objects": [
				{
					"category_id": 1,
					"bbox": [
						740.62,
						273.0,
						247.88,
						656.57
					],
					"score": 0.687,
					"keypoints": [
						881.576,
						337.099,
						1.0,
						874.441,
						322.9,
						0.04,
						874.823,
						326.098,
						1.0,
						805.917,
						346.386,
						0.01,
						840.195,
						342.839,
						1.0,
						803.082,
						393.221,
						0.46,
						873.676,
						429.939,
						0.61,
						782.66,
						357.943,
						0.3,
						907.999,
						551.547,
						0.74,
						770.282,
						370.526,
						0.53,
						935.552,
						650.488,
						0.97,
						871.994,
						598.799,
						0.42,
						876.124,
						615.668,
						0.66,
						932.278,
						714.378,
						0.99,
						890.174,
						745.547,
						0.96,
						921.584,
						843.937,
						0.99,
						846.309,
						864.594,
						0.97
					],
					"area": 36577.94,
					"b_score": 0.984,
					"object_id": 0
				}
			]
		},
		{
			"frame_num": 35,
			"objects": [
				{
					"category_id": 1,
					"bbox": [
						748.89,
						274.55,
						239.01,
						655.71
					],
					"score": 0.676,
					"keypoints": [
						880.106,
						340.762,
						1.0,
						873.067,
						326.699,
						0.04,
						873.392,
						328.743,
						1.0,
						0.0,
						0.0,
						0.0,
						839.07,
						344.358,
						1.0,
						814.99,
						401.808,
						0.36,
						869.307,
						432.393,
						0.66,
						814.708,
						455.605,
						0.04,
						903.023,
						551.372,
						0.8,
						850.2,
						572.862,
						0.08,
						933.952,
						652.306,
						0.96,
						875.111,
						601.67,
						0.51,
						874.273,
						617.331,
						0.74,
						936.031,
						717.371,
						1.0,
						891.221,
						746.971,
						0.99,
						920.54,
						844.431,
						1.0,
						845.305,
						865.045,
						1.0
					],
					"area": 35221.809,
					"b_score": 0.984,
					"object_id": 0
				}
			]
		},
		{
			"frame_num": 36,
			"objects": [
				{
					"category_id": 1,
					"bbox": [
						753.48,
						274.65,
						233.73,
						655.33
					],
					"score": 0.713,
					"keypoints": [
						880.342,
						343.116,
						1.0,
						873.418,
						329.199,
						0.06,
						873.562,
						330.397,
						1.0,
						0.0,
						0.0,
						0.0,
						839.313,
						348.523,
						1.0,
						826.518,
						415.361,
						0.53,
						862.572,
						433.675,
						0.75,
						837.942,
						504.347,
						0.14,
						898.471,
						551.255,
						0.76,
						875.433,
						602.906,
						0.19,
						934.812,
						653.004,
						0.85,
						880.03,
						606.629,
						0.62,
						874.058,
						618.229,
						0.8,
						938.987,
						718.985,
						1.0,
						892.71,
						747.797,
						0.97,
						921.061,
						844.545,
						1.0,
						845.92,
						865.094,
						1.0
					],
					"area": 34424.842,
					"b_score": 0.988,
					"object_id": 0
				}
			]
		},
		{
			"frame_num": 37,
			"objects": [
				{
					"category_id": 1,
					"bbox": [
						754.37,
						275.57,
						233.23,
						651.92
					],
					"score": 0.706,
					"keypoints": [
						880.733,
						344.75,
						1.0,
						873.891,
						330.969,
						0.08,
						873.93,
						331.638,
						1.0,
						0.0,
						0.0,
						0.0,
						836.749,
						351.013,
						1.0,
						831.939,
						422.44,
						0.62,
						853.68,
						434.375,
						0.79,
						854.213,
						513.128,
						0.2,
						887.338,
						545.791,
						0.5,
						880.134,
						598.621,
						0.21,
						927.49,
						652.697,
						0.68,
						885.631,
						612.524,
						0.67,
						871.615,
						621.502,
						0.83,
						944.226,
						722.04,
						1.0,
						890.514,
						750.55,
						0.98,
						921.507,
						847.274,
						1.0,
						846.586,
						871.862,
						1.0
					],
					"area": 34172.61,
					"b_score": 0.99,
					"object_id": 0
				}
			]
		},
		{
			"frame_num": 38,
			"objects": [
				{
					"category_id": 1,
					"bbox": [
						757.24,
						274.41,
						231.05,
						653.89
					],
					"score": 0.73,
					"keypoints": [
						881.751,
						345.261,
						1.0,
						874.965,
						331.544,
						0.07,
						874.895,
						331.919,
						1.0,
						0.0,
						0.0,
						0.0,
						836.097,
						351.844,
						1.0,
						835.636,
						425.298,
						0.62,
						844.819,
						437.776,
						0.87,
						862.986,
						520.161,
						0.27,
						875.903,
						550.744,
						0.63,
						888.021,
						598.03,
						0.32,
						916.472,
						644.155,
						0.78,
						890.399,
						612.065,
						0.73,
						870.8,
						623.233,
						0.82,
						944.253,
						724.173,
						1.0,
						890.188,
						749.447,
						0.97,
						922.785,
						845.136,
						0.99,
						847.845,
						871.038,
						1.0
					],
					"area": 33954.795,
					"b_score": 0.989,
					"object_id": 0
				}
			]
		},
		{
			"frame_num": 39,
			"objects": [
				{
					"category_id": 1,
					"bbox": [
						759.73,
						273.21,
						227.59,
						655.67
					],
					"score": 0.803,
					"keypoints": [
						879.512,
						345.121,
						1.0,
						872.627,
						331.428,
						0.1,
						872.76,
						331.65,
						1.0,
						0.0,
						0.0,
						0.0,
						832.81,
						351.804,
						1.0,
						841.741,
						422.594,
						0.68,
						832.41,
						439.136,
						0.95,
						890.076,
						476.544,
						0.8,
						861.48,
						556.938,
						0.74,
						874.71,
						397.016,
						0.35,
						902.609,
						640.587,
						0.86,
						897.159,
						611.703,
						0.72,
						864.895,
						624.035,
						0.78,
						944.745,
						725.505,
						1.0,
						885.26,
						748.844,
						1.0,
						920.147,
						844.263,
						1.0,
						845.067,
						870.923,
						1.0
					],
					"area": 33538.058,
					"b_score": 0.99,
					"object_id": 0
				}
			]
		},
		{
			"frame_num": 40,
			"objects": [
				{
					"category_id": 1,
					"bbox": [
						765.0,
						270.06,
						221.41,
						659.29
					],
					"score": 0.813,
					"keypoints": [
						882.278,
						343.934,
						1.0,
						878.096,
						333.114,
						0.15,
						872.544,
						330.389,
						1.0,
						0.0,
						0.0,
						0.0,
						831.993,
						347.806,
						1.0,
						854.152,
						417.227,
						0.78,
						823.652,
						435.691,
						0.9,
						926.563,
						414.955,
						0.97,
						851.753,
						559.41,
						0.85,
						868.435,
						347.213,
						0.44,
						900.548,
						642.82,
						0.92,
						905.904,
						610.941,
						0.75,
						865.099,
						620.998,
						0.7,
						946.279,
						726.024,
						1.0,
						883.082,
						748.287,
						1.0,
						924.163,
						843.855,
						0.98,
						848.753,
						870.954,
						1.0
					],
					"area": 32807.426,
					"b_score": 0.991,
					"object_id": 0
				}
			]
		},
		{
			"frame_num": 41,
			"objects": [
				{
					"category_id": 1,
					"bbox": [
						764.85,
						267.81,
						222.06,
						662.75
					],
					"score": 0.804,
					"keypoints": [
						881.005,
						342.565,
						1.0,
						880.998,
						330.507,
						0.36,
						872.495,
						328.967,
						1.0,
						0.0,
						0.0,
						0.0,
						831.537,
						347.564,
						1.0,
						868.947,
						411.737,
						0.81,
						811.174,
						436.252,
						0.87,
						947.669,
						386.582,
						0.93,
						834.245,
						560.299,
						0.84,
						0.0,
						0.0,
						0.0,
						889.757,
						647.158,
						0.92,
						910.26,
						610.332,
						0.7,
						862.307,
						622.006,
						0.65,
						944.029,
						729.493,
						0.94,
						878.665,
						748.042,
						0.94,
						926.239,
						844.076,
						0.93,
						850.477,
						871.465,
						0.92
					],
					"area": 33076.342,
					"b_score": 0.992,
					"object_id": 0
				}
			]
		},
		{
			"frame_num": 42,
			"objects": [
				{
					"category_id": 1,
					"bbox": [
						763.14,
						252.36,
						229.51,
						678.44
					],
					"score": 0.887,
					"keypoints": [
						881.185,
						339.273,
						1.0,
						881.151,
						326.489,
						0.81,
						870.153,
						328.129,
						1.0,
						0.0,
						0.0,
						0.0,
						828.332,
						345.081,
						1.0,
						881.063,
						405.867,
						0.84,
						801.972,
						434.707,
						0.93,
						966.797,
						374.001,
						1.0,
						818.686,
						556.903,
						0.96,
						920.968,
						295.738,
						0.97,
						0.0,
						0.0,
						0.0,
						909.962,
						607.197,
						0.71,
						858.048,
						619.774,
						0.68,
						941.422,
						729.448,
						1.0,
						869.61,
						746.461,
						0.93,
						924.897,
						843.192,
						0.98,
						848.189,
						871.07,
						1.0
					],
					"area": 34994.782,
					"b_score": 0.988,
					"object_id": 0
				}
			]
		},
		{
			"frame_num": 43,
			"objects": [
				{
					"category_id": 1,
					"bbox": [
						762.26,
						208.25,
						244.49,
						716.92
					],
					"score": 0.923,
					"keypoints": [
						877.603,
						336.076,
						1.0,
						878.031,
						322.328,
						0.95,
						864.359,
						326.62,
						1.0,
						0.0,
						0.0,
						0.0,
						820.552,
						342.83,
						1.0,
						890.363,
						394.835,
						0.95,
						790.042,
						432.37,
						0.99,
						980.675,
						359.449,
						1.0,
						799.658,
						553.409,
						1.0,
						957.567,
						259.852,
						0.95,
						844.055,
						650.346,
						0.92,
						910.316,
						604.798,
						0.77,
						854.576,
						618.14,
						0.69,
						935.802,
						728.537,
						1.0,
						859.396,
						744.864,
						0.96,
						921.137,
						845.062,
						1.0,
						845.526,
						870.088,
						1.0
					],
					"area": 39392.84,
					"b_score": 0.988,
					"object_id": 0
				}
			]
		},
		{
			"frame_num": 44,
			"objects": [
				{
					"category_id": 1,
					"bbox": [
						757.31,
						159.35,
						287.93,
						773.75
					],
					"score": 0.944,
					"keypoints": [
						879.111,
						334.627,
						1.0,
						879.19,
						319.773,
						1.0,
						864.665,
						325.854,
						1.0,
						0.0,
						0.0,
						0.0,
						818.489,
						342.028,
						1.0,
						900.058,
						382.561,
						1.0,
						786.391,
						431.287,
						0.99,
						990.599,
						345.781,
						1.0,
						794.722,
						549.311,
						0.99,
						1012.16,
						237.886,
						1.0,
						827.504,
						648.524,
						0.97,
						916.378,
						598.712,
						0.81,
						855.675,
						613.594,
						0.75,
						933.332,
						728.143,
						1.0,
						858.07,
						744.419,
						1.0,
						925.915,
						846.977,
						1.0,
						847.244,
						871.473,
						1.0
					],
					"area": 50069.428,
					"b_score": 0.992,
					"object_id": 0
				}
			]
		},
		{
			"frame_num": 45,
			"objects": [
				{
					"category_id": 1,
					"bbox": [
						752.79,
						173.32,
						342.79,
						759.11
					],
					"score": 0.925,
					"keypoints": [
						876.257,
						331.435,
						1.0,
						876.58,
						315.992,
						1.0,
						856.463,
						323.311,
						1.0,
						0.0,
						0.0,
						0.0,
						813.617,
						335.526,
						1.0,
						897.838,
						373.419,
						0.95,
						780.894,
						427.876,
						0.99,
						979.873,
						332.381,
						0.95,
						783.037,
						542.051,
						1.0,
						1029.014,
						247.368,
						0.96,
						797.988,
						645.952,
						1.0,
						914.273,
						593.922,
						0.79,
						852.483,
						609.505,
						0.79,
						927.408,
						726.188,
						1.0,
						853.076,
						742.091,
						0.95,
						922.919,
						844.047,
						1.0,
						843.716,
						867.963,
						1.0
					],
					"area": 58482.121,
					"b_score": 0.979,
					"object_id": 0
				}
			]
		},
		{
			"frame_num": 46,
			"objects": [
				{
					"category_id": 1,
					"bbox": [
						749.87,
						204.81,
						381.21,
						720.8
					],
					"score": 0.914,
					"keypoints": [
						872.889,
						330.196,
						1.0,
						873.316,
						311.102,
						1.0,
						851.099,
						318.987,
						1.0,
						0.0,
						0.0,
						0.0,
						811.145,
						332.318,
						1.0,
						898.66,
						369.163,
						0.96,
						779.723,
						423.987,
						0.93,
						981.209,
						324.205,
						0.92,
						780.308,
						536.897,
						0.97,
						1047.215,
						252.853,
						0.98,
						781.442,
						640.044,
						0.97,
						914.236,
						588.972,
						0.79,
						849.581,
						604.487,
						0.77,
						920.826,
						726.356,
						1.0,
						849.464,
						741.917,
						0.98,
						922.268,
						845.485,
						1.0,
						845.283,
						868.683,
						1.0
					],
					"area": 61755.153,
					"b_score": 0.98,
					"object_id": 0
				}
			]
		},
		{
			"frame_num": 47,
			"objects": [
				{
					"category_id": 1,
					"bbox": [
						742.77,
						217.89,
						389.71,
						711.05
					],
					"score": 0.918,
					"keypoints": [
						866.188,
						331.279,
						1.0,
						866.728,
						310.798,
						1.0,
						843.4,
						318.494,
						1.0,
						831.159,
						333.383,
						0.01,
						805.205,
						332.493,
						1.0,
						897.611,
						369.49,
						0.91,
						778.888,
						422.945,
						0.94,
						979.278,
						335.242,
						0.91,
						773.94,
						534.825,
						0.96,
						1051.817,
						269.996,
						1.0,
						759.215,
						637.701,
						0.98,
						913.013,
						586.736,
						0.8,
						843.279,
						601.974,
						0.81,
						916.083,
						725.958,
						1.0,
						846.996,
						737.8,
						0.99,
						920.472,
						840.023,
						1.0,
						840.626,
						867.165,
						1.0
					],
					"area": 62278.278,
					"b_score": 0.974,
					"object_id": 0
				}
			]
		},
		{
			"frame_num": 48,
			"objects": [
				{
					"category_id": 1,
					"bbox": [
						728.34,
						229.49,
						400.0,
						699.19
					],
					"score": 0.907,
					"keypoints": [
						862.481,
						329.747,
						1.0,
						866.585,
						308.392,
						1.0,
						839.895,
						316.076,
						1.0,
						0.0,
						0.0,
						0.0,
						802.776,
						330.294,
						1.0,
						896.438,
						370.612,
						0.87,
						778.974,
						419.376,
						0.89,
						976.912,
						344.667,
						0.93,
						772.473,
						525.25,
						0.98,
						1055.268,
						280.994,
						0.97,
						751.109,
						629.885,
						1.0,
						911.683,
						584.707,
						0.77,
						840.081,
						599.652,
						0.77,
						916.75,
						724.23,
						1.0,
						845.661,
						736.854,
						0.97,
						922.64,
						838.577,
						1.0,
						842.827,
						866.944,
						0.98
					],
					"area": 62856.921,
					"b_score": 0.973,
					"object_id": 0
				}
			]
		},
		{
			"frame_num": 49,
			"objects": [
				{
					"category_id": 1,
					"bbox": [
						724.67,
						242.17,
						407.01,
						685.54
					],
					"score": 0.897,
					"keypoints": [
						857.422,
						330.463,
						1.0,
						863.493,
						309.163,
						1.0,
						839.341,
						316.556,
						1.0,
						840.915,
						322.765,
						0.01,
						803.013,
						330.811,
						1.0,
						896.217,
						372.55,
						0.92,
						780.61,
						418.334,
						0.93,
						975.434,
						353.933,
						0.96,
						769.18,
						524.707,
						0.95,
						1053.466,
						291.255,
						0.98,
						746.799,
						630.857,
						0.98,
						911.075,
						586.527,
						0.77,
						839.465,
						601.132,
						0.77,
						917.097,
						726.894,
						1.0,
						845.87,
						737.545,
						0.94,
						923.692,
						842.208,
						1.0,
						840.52,
						870.946,
						0.95
					],
					"area": 62708.134,
					"b_score": 0.973,
					"object_id": 0
				}
			]
		},
		{
			"frame_num": 50,
			"objects": [
				{
					"category_id": 1,
					"bbox": [
						720.07,
						254.4,
						410.81,
						676.76
					],
					"score": 0.89,
					"keypoints": [
						854.139,
						329.587,
						1.0,
						860.985,
						308.26,
						1.0,
						838.237,
						315.553,
						1.0,
						850.574,
						318.699,
						0.02,
						802.524,
						329.719,
						1.0,
						894.899,
						371.593,
						0.9,
						780.803,
						415.808,
						0.94,
						977.255,
						359.417,
						0.89,
						767.671,
						517.425,
						0.94,
						1055.478,
						300.025,
						0.97,
						745.886,
						626.513,
						0.94,
						912.816,
						584.425,
						0.79,
						838.365,
						598.809,
						0.76,
						919.315,
						725.6,
						1.0,
						845.093,
						737.441,
						0.96,
						922.799,
						842.638,
						1.0,
						842.6,
						867.2,
						1.0
					],
					"area": 62484.267,
					"b_score": 0.964,
					"object_id": 0
				}
			]
		},
		{
			"frame_num": 51,
			"objects": [
				{
					"category_id": 1,
					"bbox": [
						720.28,
						259.46,
						421.78,
						667.29
					],
					"score": 0.906,
					"keypoints": [
						852.553,
						330.748,
						1.0,
						859.579,
						309.766,
						1.0,
						833.807,
						316.825,
						1.0,
						857.262,
						318.624,
						0.02,
						802.548,
						330.903,
						1.0,
						897.582,
						372.874,
						0.9,
						781.307,
						415.828,
						0.98,
						981.028,
						363.496,
						0.88,
						767.766,
						515.042,
						0.93,
						1058.975,
						312.198,
						0.92,
						741.031,
						620.056,
						0.97,
						913.255,
						586.783,
						0.79,
						837.836,
						600.937,
						0.8,
						919.944,
						726.72,
						1.0,
						844.671,
						739.433,
						0.94,
						921.693,
						844.989,
						1.0,
						839.505,
						867.45,
						0.99
					],
					"area": 63253.938,
					"b_score": 0.969,
					"object_id": 0
				}
			]
		},
		{
			"frame_num": 52,
			"objects": [
				{
					"category_id": 1,
					"bbox": [
						721.0,
						256.62,
						423.12,
						672.73
					],
					"score": 0.891,
					"keypoints": [
						852.242,
						327.427,
						1.0,
						859.284,
						309.504,
						1.0,
						832.213,
						316.557,
						1.0,
						861.512,
						317.475,
						0.03,
						802.737,
						330.6,
						1.0,
						899.423,
						372.567,
						0.9,
						785.183,
						415.117,
						0.92,
						979.273,
						367.681,
						0.9,
						767.836,
						513.582,
						0.91,
						1056.003,
						319.925,
						0.95,
						745.654,
						613.066,
						0.89,
						914.058,
						587.949,
						0.78,
						837.893,
						598.883,
						0.75,
						920.835,
						725.302,
						0.97,
						844.817,
						738.311,
						0.93,
						925.923,
						843.317,
						1.0,
						842.313,
						864.713,
						1.0
					],
					"area": 63973.778,
					"b_score": 0.978,
					"object_id": 0
				}
			]
		},
		{
			"frame_num": 53,
			"objects": [
				{
					"category_id": 1,
					"bbox": [
						725.87,
						257.82,
						413.41,
						668.82
					],
					"score": 0.93,
					"keypoints": [
						848.581,
						328.898,
						1.0,
						855.826,
						309.75,
						1.0,
						827.896,
						316.757,
						1.0,
						860.539,
						320.3,
						0.06,
						799.626,
						330.76,
						1.0,
						896.82,
						375.797,
						0.93,
						783.969,
						414.873,
						1.0,
						978.45,
						369.952,
						0.99,
						768.45,
						512.782,
						0.98,
						1054.864,
						328.024,
						0.98,
						742.003,
						615.526,
						0.94,
						911.639,
						588.287,
						0.76,
						834.657,
						600.535,
						0.78,
						918.316,
						726.301,
						1.0,
						841.571,
						739.705,
						0.97,
						923.942,
						845.092,
						1.0,
						840.201,
						866.192,
						1.0
					],
					"area": 62141.59,
					"b_score": 0.976,
					"object_id": 0
				}
			]
		},
		{
			"frame_num": 54,
			"objects": [
				{
					"category_id": 1,
					"bbox": [
						732.1,
						260.22,
						406.64,
						670.39
					],
					"score": 0.842,
					"keypoints": [
						851.89,
						327.916,
						1.0,
						858.774,
						310.924,
						1.0,
						831.236,
						317.864,
						1.0,
						864.748,
						322.756,
						0.1,
						802.801,
						331.874,
						1.0,
						900.543,
						375.639,
						0.84,
						784.617,
						415.945,
						0.89,
						979.81,
						374.585,
						0.89,
						773.935,
						510.243,
						0.88,
						1056.924,
						337.499,
						0.91,
						748.112,
						608.593,
						0.83,
						914.415,
						589.723,
						0.73,
						837.73,
						602.678,
						0.71,
						920.986,
						728.354,
						0.92,
						841.358,
						739.274,
						0.85,
						924.479,
						844.159,
						0.94,
						844.687,
						865.112,
						0.94
					],
					"area": 61268.009,
					"b_score": 0.975,
					"object_id": 0
				}
			]
		},
		{
			"frame_num": 55,
			"objects": [
				{
					"category_id": 1,
					"bbox": [
						739.53,
						259.36,
						394.75,
						667.56
					],
					"score": 0.917,
					"keypoints": [
						850.932,
						329.655,
						1.0,
						857.911,
						311.161,
						1.0,
						830.122,
						318.097,
						1.0,
						864.338,
						323.749,
						0.13,
						802.087,
						332.073,
						1.0,
						903.197,
						377.848,
						0.94,
						782.547,
						415.892,
						1.0,
						981.106,
						376.904,
						0.98,
						773.693,
						511.769,
						0.97,
						1053.239,
						338.857,
						1.0,
						751.206,
						609.917,
						0.91,
						913.633,
						589.699,
						0.75,
						836.949,
						603.026,
						0.75,
						920.392,
						731.457,
						0.99,
						838.645,
						740.476,
						0.9,
						921.734,
						845.711,
						1.0,
						843.795,
						866.522,
						1.0
					],
					"area": 59224.323,
					"b_score": 0.975,
					"object_id": 0
				}
			]
		},
		{
			"frame_num": 56,
			"objects": [
				{
					"category_id": 1,
					"bbox": [
						744.51,
						259.84,
						382.29,
						670.85
					],
					"score": 0.923,
					"keypoints": [
						849.617,
						330.956,
						1.0,
						856.681,
						311.589,
						1.0,
						828.667,
						318.524,
						1.0,
						863.393,
						324.63,
						0.15,
						800.801,
						332.511,
						1.0,
						903.718,
						379.471,
						0.93,
						780.484,
						413.286,
						0.99,
						981.092,
						378.931,
						0.95,
						776.125,
						509.759,
						0.98,
						1051.729,
						345.109,
						1.0,
						755.089,
						607.042,
						0.93,
						912.654,
						590.476,
						0.78,
						832.153,
						604.036,
						0.75,
						919.482,
						731.487,
						1.0,
						836.417,
						739.759,
						0.93,
						919.661,
						844.475,
						1.0,
						842.508,
						865.312,
						1.0
					],
					"area": 57637.858,
					"b_score": 0.977,
					"object_id": 0
				}
			]
		},
		{
			"frame_num": 57,
			"objects": [
				{
					"category_id": 1,
					"bbox": [
						749.16,
						259.08,
						364.36,
						672.42
					],
					"score": 0.863,
					"keypoints": [
						853.334,
						328.856,
						1.0,
						860.106,
						311.597,
						1.0,
						832.563,
						318.556,
						1.0,
						867.478,
						324.974,
						0.19,
						804.232,
						332.552,
						1.0,
						909.149,
						380.262,
						0.84,
						783.819,
						411.636,
						0.97,
						982.615,
						383.158,
						0.86,
						781.423,
						508.711,
						0.92,
						1053.171,
						346.224,
						0.88,
						761.426,
						606.195,
						0.88,
						913.129,
						590.955,
						0.74,
						834.327,
						601.949,
						0.73,
						920.023,
						731.645,
						0.94,
						839.922,
						739.434,
						0.88,
						924.123,
						844.201,
						0.95,
						843.175,
						865.12,
						0.96
					],
					"area": 55063.913,
					"b_score": 0.978,
					"object_id": 0
				}
			]
		},
		{
			"frame_num": 58,
			"objects": [
				{
					"category_id": 1,
					"bbox": [
						753.52,
						257.79,
						357.1,
						673.31
					],
					"score": 0.937,
					"keypoints": [
						852.46,
						327.025,
						1.0,
						862.169,
						311.125,
						1.0,
						831.514,
						318.126,
						1.0,
						869.935,
						324.78,
						0.18,
						803.4,
						329.146,
						1.0,
						908.305,
						380.358,
						0.94,
						782.645,
						410.232,
						1.0,
						983.723,
						385.119,
						0.98,
						781.354,
						507.724,
						1.0,
						1049.961,
						356.313,
						0.96,
						764.906,
						605.382,
						0.96,
						911.073,
						590.949,
						0.82,
						832.444,
						600.292,
						0.81,
						917.704,
						731.469,
						1.0,
						838.713,
						738.983,
						0.95,
						922.799,
						843.8,
						1.0,
						839.867,
						864.765,
						1.0
					],
					"area": 54037.821,
					"b_score": 0.975,
					"object_id": 0
				}
			]
		},
		{
			"frame_num": 59,
			"objects": [
				{
					"category_id": 1,
					"bbox": [
						756.26,
						255.6,
						351.83,
						675.43
					],
					"score": 0.892,
					"keypoints": [
						854.896,
						325.053,
						1.0,
						863.321,
						310.017,
						1.0,
						834.028,
						317.069,
						1.0,
						874.844,
						320.987,
						0.21,
						805.638,
						326.161,
						1.0,
						907.925,
						379.759,
						0.89,
						784.904,
						408.665,
						0.97,
						984.368,
						385.402,
						0.9,
						784.028,
						506.529,
						0.95,
						1053.318,
						362.693,
						0.93,
						776.03,
						604.392,
						0.88,
						912.423,
						590.527,
						0.74,
						834.554,
						598.818,
						0.77,
						919.251,
						731.092,
						0.96,
						841.146,
						738.438,
						0.92,
						926.171,
						843.42,
						1.0,
						842.103,
						864.45,
						1.0
					],
					"area": 53407.705,
					"b_score": 0.972,
					"object_id": 0
				}
			]
		},
		{
			"frame_num": 60,
			"objects": [
				{
					"category_id": 1,
					"bbox": [
						758.3,
						253.55,
						348.25,
						679.05
					],
					"score": 0.919,
					"keypoints": [
						856.18,
						323.145,
						1.0,
						863.991,
						308.599,
						1.0,
						835.249,
						312.484,
						1.0,
						873.582,
						317.797,
						0.21,
						806.762,
						323.665,
						1.0,
						907.8,
						378.836,
						0.96,
						785.927,
						407.239,
						0.98,
						984.947,
						388.208,
						0.98,
						785.323,
						505.589,
						0.97,
						1055.155,
						380.117,
						0.93,
						779.041,
						603.942,
						0.88,
						910.746,
						587.215,
						0.81,
						832.406,
						597.869,
						0.77,
						917.381,
						731.06,
						0.98,
						839.238,
						738.302,
						0.9,
						923.927,
						843.812,
						1.0,
						843.124,
						864.954,
						1.0
					],
					"area": 53147.918,
					"b_score": 0.973,
					"object_id": 0
				}
			]
		},
		{
			"frame_num": 61,
			"objects": [
				{
					"category_id": 1,
					"bbox": [
						759.56,
						251.81,
						344.88,
						680.67
					],
					"score": 0.934,
					"keypoints": [
						853.786,
						324.454,
						1.0,
						864.219,
						309.957,
						1.0,
						835.674,
						312.31,
						1.0,
						872.702,
						318.376,
						0.22,
						804.366,
						324.807,
						1.0,
						907.509,
						377.678,
						0.94,
						783.168,
						409.054,
						0.99,
						985.065,
						396.486,
						0.99,
						782.961,
						507.954,
						1.0,
						1060.554,
						406.342,
						0.94,
						779.393,
						607.339,
						0.94,
						909.474,
						587.765,
						0.8,
						830.922,
						596.93,
						0.79,
						916.066,
						730.812,
						1.0,
						837.89,
						737.997,
						0.97,
						922.548,
						843.837,
						1.0,
						839.222,
						869.159,
						1.0
					],
					"area": 52760.042,
					"b_score": 0.972,
					"object_id": 0
				}
			]
		},
		{
			"frame_num": 62,
			"objects": [
				{
					"category_id": 1,
					"bbox": [
						759.79,
						250.89,
						344.88,
						681.1
					],
					"score": 0.929,
					"keypoints": [
						852.438,
						324.836,
						1.0,
						864.43,
						310.428,
						1.0,
						835.984,
						311.832,
						1.0,
						872.344,
						318.34,
						0.21,
						802.954,
						325.057,
						1.0,
						907.458,
						376.618,
						0.94,
						781.633,
						409.679,
						0.98,
						985.252,
						404.206,
						0.94,
						781.588,
						508.812,
						0.98,
						1062.525,
						434.429,
						0.99,
						779.596,
						608.338,
						0.93,
						908.708,
						587.814,
						0.79,
						830.203,
						596.086,
						0.79,
						915.4,
						730.432,
						0.99,
						837.236,
						737.569,
						0.97,
						922.025,
						843.557,
						1.0,
						837.59,
						870.653,
						1.0
					],
					"area": 52792.491,
					"b_score": 0.973,
					"object_id": 0
				}
			]
		},
		{
			"frame_num": 63,
			"objects": [
				{
					"category_id": 1,
					"bbox": [
						759.49,
						250.94,
						342.15,
						680.28
					],
					"score": 0.925,
					"keypoints": [
						853.935,
						325.038,
						1.0,
						864.018,
						310.704,
						1.0,
						838.143,
						314.334,
						1.0,
						874.76,
						320.934,
						0.2,
						804.366,
						325.176,
						1.0,
						906.7,
						378.606,
						0.92,
						783.16,
						409.97,
						0.97,
						984.516,
						416.278,
						0.98,
						783.054,
						509.155,
						0.97,
						1061.966,
						456.69,
						0.98,
						778.721,
						608.578,
						0.9,
						907.581,
						587.707,
						0.78,
						832.218,
						595.449,
						0.75,
						917.191,
						730.007,
						1.0,
						839.247,
						737.097,
						0.96,
						924.746,
						843.071,
						1.0,
						839.921,
						870.849,
						1.0
					],
					"area": 52311.94,
					"b_score": 0.974,
					"object_id": 0
				}
			]
		},
		{
			"frame_num": 64,
			"objects": [
				{
					"category_id": 1,
					"bbox": [
						759.03,
						253.59,
						336.82,
						677.18
					],
					"score": 0.875,
					"keypoints": [
						856.272,
						323.18,
						1.0,
						865.268,
						309.048,
						1.0,
						838.538,
						314.029,
						1.0,
						878.13,
						320.81,
						0.17,
						806.688,
						323.178,
						1.0,
						908.114,
						378.016,
						0.87,
						785.671,
						407.926,
						0.95,
						985.906,
						426.918,
						0.89,
						785.446,
						509.961,
						0.93,
						1059.571,
						479.65,
						0.97,
						781.38,
						609.211,
						0.87,
						908.399,
						585.156,
						0.75,
						832.219,
						595.556,
						0.73,
						919.548,
						729.908,
						0.95,
						841.921,
						736.975,
						0.9,
						928.485,
						842.815,
						0.98,
						843.573,
						867.067,
						0.99
					],
					"area": 51262.296,
					"b_score": 0.975,
					"object_id": 0
				}
			]
		},
		{
			"frame_num": 65,
			"objects": [
				{
					"category_id": 1,
					"bbox": [
						757.02,
						254.83,
						327.45,
						674.58
					],
					"score": 0.89,
					"keypoints": [
						855.423,
						325.263,
						1.0,
						863.755,
						308.449,
						1.0,
						839.02,
						314.232,
						1.0,
						876.693,
						321.093,
						0.15,
						806.011,
						322.484,
						1.0,
						906.031,
						377.939,
						0.89,
						784.926,
						407.048,
						0.97,
						983.471,
						440.614,
						0.87,
						781.941,
						510.517,
						0.9,
						1049.902,
						514.152,
						0.98,
						778.618,
						609.458,
						0.84,
						906.338,
						586.514,
						0.79,
						832.504,
						595.591,
						0.74,
						918.705,
						729.641,
						0.99,
						841.152,
						736.669,
						0.9,
						926.184,
						842.143,
						1.0,
						841.679,
						864.525,
						1.0
					],
					"area": 49644.574,
					"b_score": 0.977,
					"object_id": 0
				}
			]
		},
		{
			"frame_num": 66,
			"objects": [
				{
					"category_id": 1,
					"bbox": [
						754.54,
						258.64,
						314.6,
						669.63
					],
					"score": 0.924,
					"keypoints": [
						854.314,
						327.567,
						1.0,
						864.717,
						309.399,
						1.0,
						838.875,
						315.552,
						1.0,
						875.257,
						322.429,
						0.1,
						805.16,
						326.049,
						1.0,
						907.021,
						381.613,
						1.0,
						784.092,
						407.704,
						0.97,
						984.19,
						461.683,
						1.0,
						779.328,
						513.89,
						0.93,
						1038.695,
						544.668,
						1.0,
						777.084,
						614.533,
						0.89,
						907.101,
						587.789,
						0.83,
						832.141,
						596.142,
						0.76,
						919.955,
						729.584,
						0.98,
						842.726,
						739.011,
						0.93,
						924.119,
						841.558,
						1.0,
						840.009,
						863.038,
						1.0
					],
					"area": 47347.042,
					"b_score": 0.977,
					"object_id": 0
				}
			]
		},
		{
			"frame_num": 67,
			"objects": [
				{
					"category_id": 1,
					"bbox": [
						752.37,
						259.14,
						300.34,
						670.57
					],
					"score": 0.921,
					"keypoints": [
						852.628,
						329.422,
						1.0,
						864.51,
						312.754,
						1.0,
						837.902,
						316.588,
						1.0,
						873.524,
						323.56,
						0.17,
						803.631,
						328.304,
						1.0,
						906.61,
						384.385,
						0.99,
						782.55,
						410.854,
						0.97,
						978.744,
						478.916,
						0.95,
						776.628,
						516.648,
						0.97,
						1022.703,
						573.809,
						0.98,
						775.095,
						622.153,
						0.9,
						906.692,
						588.879,
						0.83,
						830.902,
						599.196,
						0.77,
						919.97,
						729.961,
						0.98,
						842.879,
						741.139,
						0.96,
						921.757,
						846.017,
						1.0,
						841.663,
						863.218,
						1.0
					],
					"area": 45263.565,
					"b_score": 0.973,
					"object_id": 0
				}
			]
		},
		{
			"frame_num": 68,
			"objects": [
				{
					"category_id": 1,
					"bbox": [
						752.57,
						259.48,
						274.34,
						668.15
					],
					"score": 0.919,
					"keypoints": [
						852.154,
						330.653,
						1.0,
						864.816,
						315.104,
						1.0,
						837.771,
						317.331,
						1.0,
						870.549,
						324.331,
						0.09,
						803.282,
						329.903,
						1.0,
						906.828,
						389.329,
						0.99,
						782.27,
						412.714,
						1.0,
						968.314,
						493.709,
						0.93,
						775.854,
						521.356,
						0.98,
						1002.409,
						601.116,
						0.99,
						774.992,
						623.98,
						0.91,
						906.86,
						592.057,
						0.83,
						830.768,
						603.991,
						0.79,
						920.356,
						735.63,
						0.98,
						843.44,
						744.972,
						0.96,
						921.359,
						851.445,
						1.0,
						839.394,
						865.944,
						0.98
					],
					"area": 41196.412,
					"b_score": 0.968,
					"object_id": 0
				}
			]
		},
		{
			"frame_num": 69,
			"objects": [
				{
					"category_id": 1,
					"bbox": [
						750.98,
						259.61,
						254.05,
						666.45
					],
					"score": 0.934,
					"keypoints": [
						852.764,
						331.388,
						1.0,
						863.304,
						316.557,
						1.0,
						835.871,
						320.681,
						1.0,
						869.529,
						327.754,
						0.11,
						803.971,
						330.909,
						1.0,
						905.103,
						391.999,
						0.95,
						780.175,
						413.871,
						1.0,
						955.181,
						497.53,
						0.97,
						773.323,
						523.87,
						1.0,
						976.549,
						609.235,
						0.99,
						772.352,
						628.848,
						0.94,
						905.042,
						593.793,
						0.79,
						828.677,
						606.677,
						0.79,
						918.855,
						738.548,
						1.0,
						842.122,
						746.753,
						0.96,
						918.207,
						852.535,
						1.0,
						839.624,
						870.788,
						1.0
					],
					"area": 38052.919,
					"b_score": 0.976,
					"object_id": 0
				}
			]
		},
		{
			"frame_num": 70,
			"objects": [
				{
					"category_id": 1,
					"bbox": [
						749.65,
						261.84,
						237.41,
						665.1
					],
					"score": 0.866,
					"keypoints": [
						854.621,
						330.001,
						1.0,
						866.527,
						315.475,
						1.0,
						838.778,
						320.7,
						1.0,
						870.352,
						327.715,
						0.14,
						805.879,
						332.396,
						1.0,
						908.601,
						391.096,
						0.86,
						783.338,
						412.789,
						0.94,
						947.172,
						499.843,
						0.91,
						773.998,
						522.9,
						0.89,
						964.178,
						605.339,
						0.93,
						773.685,
						626.718,
						0.89,
						905.59,
						595.512,
						0.78,
						829.334,
						605.887,
						0.7,
						922.04,
						740.773,
						0.93,
						845.507,
						748.324,
						0.88,
						922.963,
						853.575,
						0.95,
						842.061,
						869.251,
						0.93
					],
					"area": 35488.139,
					"b_score": 0.981,
					"object_id": 0
				}
			]
		},
		{
			"frame_num": 71,
			"objects": [
				{
					"category_id": 1,
					"bbox": [
						749.7,
						263.37,
						239.45,
						666.24
					],
					"score": 0.934,
					"keypoints": [
						856.199,
						329.745,
						1.0,
						866.316,
						315.454,
						1.0,
						838.576,
						321.374,
						1.0,
						868.783,
						325.698,
						0.12,
						807.586,
						334.005,
						1.0,
						908.19,
						391.394,
						0.97,
						783.092,
						412.716,
						0.99,
						935.854,
						497.166,
						0.97,
						774.749,
						523.21,
						0.95,
						945.498,
						600.769,
						0.99,
						770.827,
						627.358,
						0.97,
						903.573,
						597.462,
						0.76,
						830.107,
						606.308,
						0.76,
						921.831,
						739.876,
						1.0,
						845.37,
						747.207,
						0.96,
						922.195,
						851.385,
						1.0,
						843.82,
						866.256,
						0.99
					],
					"area": 35853.973,
					"b_score": 0.981,
					"object_id": 0
				}
			]
		},
		{
			"frame_num": 72,
			"objects": [
				{
					"category_id": 1,
					"bbox": [
						748.12,
						263.13,
						241.14,
						666.22
					],
					"score": 0.931,
					"keypoints": [
						856.969,
						329.499,
						1.0,
						865.918,
						315.349,
						1.0,
						838.189,
						321.675,
						1.0,
						869.974,
						324.438,
						0.09,
						808.397,
						334.848,
						1.0,
						907.661,
						391.445,
						0.98,
						782.661,
						412.582,
						0.98,
						930.886,
						500.746,
						0.97,
						771.71,
						523.278,
						0.95,
						942.193,
						599.893,
						0.97,
						769.174,
						627.428,
						0.97,
						902.031,
						595.552,
						0.77,
						830.27,
						606.448,
						0.75,
						921.434,
						739.283,
						1.0,
						845.015,
						746.483,
						0.95,
						921.417,
						850.373,
						1.0,
						844.149,
						864.656,
						0.99
					],
					"area": 36106.424,
					"b_score": 0.981,
					"object_id": 0
				}
			]
		}
	],
	"categories": [
		{
			"supercategory": "person",
			"id": 1,
			"name": "person",
			"keypoints": [
				"nose",
				"left_eye",
				"right_eye",
				"left_ear",
				"right_ear",
				"left_shoulder",
				"right_shoulder",
				"left_elbow",
				"right_elbow",
				"left_wrist",
				"right_wrist",
				"left_hip",
				"right_hip",
				"left_knee",
				"right_knee",
				"left_ankle",
				"right_ankle"
			],
			"skeleton": [
				[
					0,
					1
				],
				[
					0,
					2
				],
				[
					1,
					3
				],
				[
					2,
					4
				],
				[
					0,
					5
				],
				[
					0,
					6
				],
				[
					5,
					7
				],
				[
					6,
					8
				],
				[
					7,
					9
				],
				[
					8,
					10
				],
				[
					5,
					11
				],
				[
					6,
					12
				],
				[
					11,
					13
				],
				[
					12,
					14
				],
				[
					13,
					15
				],
				[
					14,
					16
				]
			]
		}
	]
}