{
	"info": {
		"description": "2D pose estimation outputs from Hawaii 2D Pose (based on MultiPoseNet)",
		"url": "",
		"version": "191128",
		"year": 2020,
		"contributor": "KakaoBrain-HumanCV",
		"date_created": "2020-01-15 18:50:17"
	},
	"video": {
		"path": "S008C002P032R002A007_rgb.avi",
		"width": 1920,
		"height": 1080,
		"original_length": 82,
		"fps": 30.0
	},
	"annotations": [
		{
			"frame_num": 0,
			"objects": [
				{
					"category_id": 1,
					"bbox": [
						826.58,
						433.5,
						150.49,
						437.12
					],
					"score": 0.849,
					"keypoints": [
						885.89,
						476.76,
						1.0,
						894.99,
						467.65,
						1.0,
						876.78,
						472.2,
						1.0,
						913.21,
						472.2,
						0.95,
						876.78,
						481.31,
						0.16,
						940.53,
						531.4,
						0.94,
						863.12,
						535.95,
						0.99,
						958.74,
						599.7,
						0.97,
						849.46,
						599.7,
						0.92,
						967.85,
						658.89,
						0.95,
						844.91,
						654.34,
						0.99,
						926.87,
						663.44,
						0.8,
						881.33,
						663.44,
						0.77,
						931.42,
						745.4,
						0.83,
						885.89,
						749.96,
						0.83,
						931.42,
						818.26,
						0.95,
						890.44,
						822.81,
						0.94
					],
					"area": 14784.732,
					"b_score": 0.948,
					"object_id": 0
				}
			]
		},
		{
			"frame_num": 1,
			"objects": [
				{
					"category_id": 1,
					"bbox": [
						826.94,
						433.59,
						150.07,
						435.83
					],
					"score": 0.856,
					"keypoints": [
						884.283,
						476.746,
						1.0,
						893.375,
						467.647,
						1.0,
						875.184,
						472.193,
						1.0,
						911.571,
						472.193,
						0.94,
						875.184,
						481.293,
						0.22,
						938.859,
						531.331,
						0.94,
						859.634,
						534.179,
						1.0,
						958.737,
						597.853,
						0.92,
						847.896,
						599.562,
						0.95,
						965.264,
						655.978,
						0.94,
						842.543,
						654.05,
						1.0,
						926.898,
						661.52,
						0.82,
						879.731,
						663.239,
						0.79,
						929.761,
						745.114,
						0.85,
						884.283,
						749.667,
						0.87,
						928.902,
						817.709,
						0.94,
						887.995,
						822.254,
						0.95
					],
					"area": 14699.522,
					"b_score": 0.943,
					"object_id": 0
				}
			]
		},
		{
			"frame_num": 2,
			"objects": [
				{
					"category_id": 1,
					"bbox": [
						826.79,
						433.55,
						150.39,
						436.2
					],
					"score": 0.783,
					"keypoints": [
						884.924,
						476.734,
						1.0,
						894.016,
						467.641,
						1.0,
						875.829,
						470.497,
						0.98,
						912.204,
						472.185,
						0.89,
						874.135,
						481.282,
						0.16,
						937.782,
						531.3,
						0.88,
						859.312,
						533.042,
						0.9,
						958.751,
						596.687,
						0.92,
						846.856,
						597.796,
						0.84,
						964.144,
						654.781,
						0.91,
						843.921,
						653.982,
						0.89,
						926.923,
						660.332,
						0.77,
						880.373,
						663.159,
						0.71,
						928.687,
						745.004,
						0.78,
						884.924,
						751.205,
						0.77,
						930.277,
						820.103,
						0.89,
						886.896,
						822.141,
						0.87
					],
					"area": 14743.191,
					"b_score": 0.938,
					"object_id": 0
				}
			]
		},
		{
			"frame_num": 3,
			"objects": [
				{
					"category_id": 1,
					"bbox": [
						826.91,
						433.53,
						150.6,
						435.59
					],
					"score": 0.845,
					"keypoints": [
						883.75,
						476.701,
						1.0,
						892.833,
						467.613,
						1.0,
						874.661,
						469.363,
						1.0,
						911.004,
						472.156,
						0.94,
						873.582,
						481.243,
						0.2,
						937.18,
						531.223,
						0.93,
						857.334,
						532.269,
						1.0,
						958.81,
						595.865,
						0.94,
						846.327,
						596.554,
						0.95,
						966.16,
						654.087,
						0.92,
						839.421,
						653.777,
						1.0,
						927.005,
						659.457,
						0.81,
						879.204,
						662.987,
						0.79,
						928.092,
						744.769,
						0.84,
						883.75,
						750.394,
						0.87,
						928.536,
						818.473,
						0.94,
						886.573,
						821.79,
						0.95
					],
					"area": 14743.454,
					"b_score": 0.934,
					"object_id": 0
				}
			]
		},
		{
			"frame_num": 4,
			"objects": [
				{
					"category_id": 1,
					"bbox": [
						827.01,
						433.44,
						150.53,
						435.12
					],
					"score": 0.846,
					"keypoints": [
						883.035,
						476.628,
						1.0,
						892.108,
						467.55,
						1.0,
						873.954,
						470.317,
						1.0,
						910.262,
						472.088,
						0.93,
						873.282,
						481.169,
						0.22,
						936.825,
						531.104,
						0.95,
						856.21,
						533.44,
						1.0,
						958.851,
						596.989,
						0.94,
						846.053,
						597.417,
						0.96,
						967.121,
						656.054,
						0.92,
						840.367,
						655.987,
						1.0,
						927.072,
						660.539,
						0.8,
						878.491,
						664.386,
						0.77,
						927.744,
						747.924,
						0.83,
						883.035,
						753.172,
						0.84,
						927.781,
						822.591,
						0.93,
						886.481,
						826.632,
						0.95
					],
					"area": 14720.676,
					"b_score": 0.938,
					"object_id": 0
				}
			]
		},
		{
			"frame_num": 5,
			"objects": [
				{
					"category_id": 1,
					"bbox": [
						826.91,
						433.49,
						150.4,
						435.07
					],
					"score": 0.847,
					"keypoints": [
						882.523,
						476.598,
						1.0,
						891.594,
						467.526,
						1.0,
						873.45,
						470.917,
						1.0,
						909.734,
						472.061,
						0.94,
						873.037,
						481.135,
						0.25,
						936.541,
						531.04,
						0.95,
						855.492,
						534.161,
						1.0,
						958.82,
						597.677,
						0.94,
						845.824,
						597.952,
						0.96,
						967.493,
						656.968,
						0.92,
						837.984,
						657.021,
						1.0,
						927.058,
						661.196,
						0.8,
						877.984,
						665.32,
						0.77,
						927.465,
						749.992,
						0.84,
						882.523,
						754.953,
						0.85,
						927.357,
						824.341,
						0.93,
						886.347,
						828.695,
						0.95
					],
					"area": 14705.677,
					"b_score": 0.937,
					"object_id": 0
				}
			]
		},
		{
			"frame_num": 6,
			"objects": [
				{
					"category_id": 1,
					"bbox": [
						826.93,
						433.45,
						150.34,
						435.38
					],
					"score": 0.847,
					"keypoints": [
						882.2,
						476.578,
						1.0,
						891.271,
						467.506,
						1.0,
						873.129,
						471.293,
						1.0,
						909.41,
						472.04,
						0.94,
						872.876,
						481.112,
						0.23,
						936.374,
						531.012,
						0.95,
						855.063,
						534.622,
						1.0,
						958.81,
						598.137,
						0.94,
						845.664,
						598.319,
						0.96,
						967.688,
						657.487,
						0.92,
						839.593,
						657.547,
						1.0,
						927.052,
						661.65,
						0.8,
						877.665,
						664.313,
						0.77,
						927.3,
						751.333,
						0.84,
						882.2,
						756.111,
						0.85,
						927.179,
						825.188,
						0.93,
						886.282,
						829.663,
						0.95
					],
					"area": 14711.098,
					"b_score": 0.937,
					"object_id": 0
				}
			]
		},
		{
			"frame_num": 7,
			"objects": [
				{
					"category_id": 1,
					"bbox": [
						826.74,
						433.45,
						150.7,
						435.47
					],
					"score": 0.784,
					"keypoints": [
						883.644,
						476.565,
						0.98,
						892.715,
						467.494,
						1.0,
						874.571,
						471.541,
						0.99,
						910.861,
						472.03,
						0.89,
						872.77,
						481.101,
						0.18,
						936.272,
						531.001,
						0.89,
						856.619,
						534.93,
						0.9,
						958.803,
						598.441,
						0.93,
						845.559,
						598.563,
						0.85,
						967.78,
						657.755,
						0.92,
						842.739,
						657.796,
						0.89,
						927.048,
						661.955,
						0.76,
						879.106,
						665.33,
						0.69,
						928.835,
						752.143,
						0.8,
						883.644,
						756.812,
						0.75,
						929.48,
						825.569,
						0.89,
						886.243,
						830.081,
						0.88
					],
					"area": 14749.036,
					"b_score": 0.938,
					"object_id": 0
				}
			]
		},
		{
			"frame_num": 8,
			"objects": [
				{
					"category_id": 1,
					"bbox": [
						826.82,
						433.45,
						150.68,
						434.61
					],
					"score": 0.785,
					"keypoints": [
						884.565,
						476.528,
						0.98,
						893.632,
						467.465,
						1.0,
						875.502,
						471.679,
						0.99,
						911.759,
						471.999,
						0.88,
						872.755,
						481.063,
						0.21,
						936.21,
						530.927,
						0.89,
						857.573,
						535.066,
						0.89,
						958.785,
						598.53,
						0.94,
						845.563,
						598.61,
						0.85,
						967.79,
						657.647,
						0.92,
						844.348,
						657.66,
						0.89,
						927.052,
						661.998,
						0.76,
						880.031,
						665.806,
						0.69,
						929.786,
						752.342,
						0.8,
						884.565,
						756.953,
						0.75,
						930.628,
						825.27,
						0.89,
						886.279,
						829.789,
						0.88
					],
					"area": 14717.654,
					"b_score": 0.939,
					"object_id": 0
				}
			]
		},
		{
			"frame_num": 9,
			"objects": [
				{
					"category_id": 1,
					"bbox": [
						826.99,
						433.48,
						150.54,
						434.59
					],
					"score": 0.85,
					"keypoints": [
						883.605,
						476.515,
						1.0,
						892.669,
						467.453,
						1.0,
						874.548,
						471.777,
						1.0,
						910.784,
						471.985,
						0.92,
						872.787,
						481.048,
						0.27,
						936.214,
						530.886,
						0.94,
						856.464,
						535.161,
						0.99,
						958.807,
						598.596,
						0.95,
						845.607,
						598.648,
						0.96,
						967.848,
						657.607,
						0.92,
						842.676,
						657.611,
						1.0,
						927.089,
						662.03,
						0.8,
						879.077,
						666.113,
						0.78,
						928.847,
						752.461,
						0.85,
						883.605,
						757.038,
						0.85,
						928.808,
						825.151,
						0.93,
						886.354,
						829.676,
						0.95
					],
					"area": 14703.585,
					"b_score": 0.939,
					"object_id": 0
				}
			]
		},
		{
			"frame_num": 10,
			"objects": [
				{
					"category_id": 1,
					"bbox": [
						826.98,
						433.41,
						150.38,
						435.03
					],
					"score": 0.85,
					"keypoints": [
						882.933,
						476.496,
						1.0,
						891.998,
						467.434,
						1.0,
						873.876,
						471.831,
						1.0,
						910.113,
						471.966,
						0.92,
						872.762,
						481.028,
						0.26,
						936.193,
						530.87,
						0.94,
						855.721,
						535.235,
						1.0,
						958.812,
						598.67,
						0.97,
						845.578,
						598.704,
						0.96,
						967.865,
						657.666,
						0.91,
						841.799,
						657.67,
						1.0,
						927.093,
						662.109,
						0.8,
						878.405,
						666.369,
						0.77,
						928.206,
						752.637,
						0.85,
						882.933,
						757.193,
						0.85,
						927.881,
						825.285,
						0.93,
						886.331,
						829.813,
						0.96
					],
					"area": 14703.112,
					"b_score": 0.94,
					"object_id": 0
				}
			]
		},
		{
			"frame_num": 11,
			"objects": [
				{
					"category_id": 1,
					"bbox": [
						827.12,
						433.55,
						150.61,
						433.76
					],
					"score": 0.846,
					"keypoints": [
						882.62,
						476.49,
						1.0,
						891.676,
						467.436,
						1.0,
						873.57,
						471.876,
						1.0,
						909.773,
						471.964,
						0.92,
						872.868,
						481.015,
						0.26,
						936.237,
						530.81,
						0.94,
						855.427,
						535.226,
						0.99,
						958.842,
						598.601,
						0.95,
						845.712,
						598.623,
						0.95,
						967.904,
						657.431,
						0.92,
						841.605,
						657.426,
						1.0,
						927.154,
						661.978,
						0.8,
						878.095,
						666.321,
						0.77,
						927.859,
						752.418,
						0.84,
						882.62,
						756.961,
						0.85,
						927.548,
						824.795,
						0.93,
						886.477,
						829.316,
						0.95
					],
					"area": 14682.099,
					"b_score": 0.939,
					"object_id": 0
				}
			]
		},
		{
			"frame_num": 12,
			"objects": [
				{
					"category_id": 1,
					"bbox": [
						826.63,
						433.42,
						151.28,
						434.88
					],
					"score": 0.784,
					"keypoints": [
						883.932,
						476.476,
						0.99,
						892.99,
						467.42,
						1.0,
						874.876,
						471.891,
						1.0,
						911.099,
						471.949,
						0.88,
						872.854,
						481.003,
						0.25,
						936.242,
						530.81,
						0.9,
						856.836,
						535.266,
						0.9,
						958.862,
						596.988,
						0.89,
						845.689,
						598.67,
						0.85,
						967.933,
						657.544,
						0.92,
						843.824,
						657.545,
						0.89,
						927.167,
						662.048,
						0.75,
						877.821,
						664.888,
						0.69,
						929.188,
						752.562,
						0.78,
						883.932,
						755.415,
						0.75,
						929.78,
						825.052,
						0.89,
						886.447,
						829.58,
						0.87
					],
					"area": 14786.257,
					"b_score": 0.938,
					"object_id": 0
				}
			]
		},
		{
			"frame_num": 13,
			"objects": [
				{
					"category_id": 1,
					"bbox": [
						826.06,
						433.54,
						152.84,
						434.82
					],
					"score": 0.811,
					"keypoints": [
						884.901,
						476.505,
						1.0,
						893.959,
						467.451,
						1.0,
						875.845,
						471.943,
						1.0,
						912.07,
						471.98,
						0.91,
						872.922,
						481.033,
						0.26,
						936.318,
						530.849,
						0.95,
						857.754,
						535.33,
						0.92,
						958.944,
						595.972,
						0.98,
						845.751,
						598.736,
						0.86,
						968.052,
						655.124,
						0.97,
						842.551,
						657.648,
						0.9,
						927.244,
						660.451,
						0.79,
						877.728,
						663.951,
						0.71,
						928.549,
						752.68,
						0.84,
						883.279,
						754.517,
						0.77,
						928.533,
						825.202,
						0.93,
						886.542,
						829.726,
						0.91
					],
					"area": 14935.817,
					"b_score": 0.932,
					"object_id": 0
				}
			]
		},
		{
			"frame_num": 14,
			"objects": [
				{
					"category_id": 1,
					"bbox": [
						825.31,
						433.59,
						156.85,
						434.29
					],
					"score": 0.834,
					"keypoints": [
						884.371,
						476.524,
						1.0,
						893.427,
						467.475,
						1.0,
						875.317,
						471.977,
						1.0,
						911.532,
						472.001,
						0.95,
						873.42,
						481.053,
						0.32,
						936.8,
						530.849,
						0.95,
						858.824,
						535.344,
						0.98,
						959.422,
						593.366,
						0.95,
						846.259,
						597.048,
						0.9,
						968.738,
						651.04,
						0.99,
						842.612,
						657.581,
						0.94,
						927.734,
						659.322,
						0.8,
						878.138,
						663.247,
						0.76,
						928.574,
						752.617,
						0.83,
						883.315,
						753.82,
						0.83,
						928.578,
						825.042,
						0.94,
						887.253,
						829.568,
						0.93
					],
					"area": 15309.867,
					"b_score": 0.928,
					"object_id": 0
				}
			]
		},
		{
			"frame_num": 15,
			"objects": [
				{
					"category_id": 1,
					"bbox": [
						824.36,
						433.57,
						159.95,
						433.94
					],
					"score": 0.835,
					"keypoints": [
						884.24,
						476.523,
						1.0,
						893.29,
						467.477,
						1.0,
						875.19,
						471.985,
						1.0,
						911.39,
						472.001,
						0.95,
						873.947,
						481.048,
						0.31,
						937.299,
						530.818,
						0.96,
						859.774,
						535.322,
						0.98,
						959.936,
						591.725,
						0.92,
						845.168,
						595.886,
						0.89,
						972.085,
						646.278,
						0.94,
						840.491,
						654.913,
						0.95,
						928.268,
						660.245,
						0.8,
						878.607,
						662.721,
						0.76,
						928.792,
						750.874,
						0.83,
						883.551,
						753.257,
						0.83,
						928.897,
						824.795,
						0.94,
						887.927,
						829.317,
						0.94
					],
					"area": 15599.338,
					"b_score": 0.933,
					"object_id": 0
				}
			]
		},
		{
			"frame_num": 16,
			"objects": [
				{
					"category_id": 1,
					"bbox": [
						823.35,
						433.56,
						165.75,
						433.36
					],
					"score": 0.849,
					"keypoints": [
						883.214,
						476.494,
						1.0,
						892.256,
						467.454,
						1.0,
						875.792,
						471.966,
						1.0,
						911.957,
						471.976,
						0.97,
						873.39,
						481.014,
						0.29,
						936.678,
						530.745,
						0.98,
						859.428,
						535.252,
						1.0,
						959.305,
						586.32,
						1.0,
						843.442,
						595.068,
						0.95,
						974.612,
						634.42,
						0.92,
						837.986,
						650.645,
						0.99,
						927.661,
						660.7,
						0.78,
						877.982,
						663.887,
						0.77,
						929.59,
						749.604,
						0.82,
						882.768,
						754.328,
						0.84,
						927.627,
						824.403,
						0.94,
						886.887,
						828.919,
						0.94
					],
					"area": 16143.375,
					"b_score": 0.933,
					"object_id": 0
				}
			]
		},
		{
			"frame_num": 17,
			"objects": [
				{
					"category_id": 1,
					"bbox": [
						819.84,
						432.53,
						180.42,
						436.01
					],
					"score": 0.841,
					"keypoints": [
						883.854,
						476.205,
						1.0,
						892.913,
						467.151,
						1.0,
						875.859,
						471.678,
						1.0,
						912.082,
						471.68,
						0.94,
						872.68,
						480.732,
						0.31,
						936.072,
						530.543,
						0.95,
						858.861,
						535.069,
						0.99,
						958.756,
						580.907,
						0.98,
						841.892,
						592.61,
						0.98,
						981.601,
						624.289,
						0.87,
						833.233,
						646.122,
						0.98,
						928.698,
						661.115,
						0.77,
						877.236,
						664.784,
						0.78,
						929.908,
						750.706,
						0.82,
						881.927,
						753.768,
						0.82,
						929.122,
						824.92,
						0.92,
						885.905,
						829.45,
						0.92
					],
					"area": 17679.479,
					"b_score": 0.936,
					"object_id": 0
				}
			]
		},
		{
			"frame_num": 18,
			"objects": [
				{
					"category_id": 1,
					"bbox": [
						816.23,
						434.03,
						175.4,
						432.79
					],
					"score": 0.858,
					"keypoints": [
						883.78,
						476.432,
						1.0,
						892.825,
						467.389,
						1.0,
						875.432,
						471.911,
						1.0,
						911.601,
						471.911,
						0.95,
						873.363,
						480.953,
						0.32,
						936.661,
						530.688,
						0.97,
						859.675,
						533.552,
						0.97,
						959.288,
						578.421,
						0.92,
						842.359,
						591.301,
						1.0,
						982.415,
						603.587,
						0.88,
						830.834,
						641.387,
						0.94,
						928.71,
						661.316,
						0.82,
						877.918,
						665.295,
						0.76,
						929.497,
						751.121,
						0.84,
						882.545,
						753.081,
						0.83,
						928.919,
						824.442,
						0.94,
						887.068,
						828.963,
						0.94
					],
					"area": 17061.171,
					"b_score": 0.951,
					"object_id": 0
				}
			]
		},
		{
			"frame_num": 19,
			"objects": [
				{
					"category_id": 1,
					"bbox": [
						809.64,
						433.33,
						184.76,
						434.31
					],
					"score": 0.791,
					"keypoints": [
						884.635,
						476.39,
						1.0,
						893.682,
						467.344,
						1.0,
						876.043,
						471.866,
						1.0,
						912.221,
						471.866,
						0.9,
						873.1,
						480.91,
						0.25,
						936.411,
						530.658,
						0.92,
						859.451,
						532.418,
						0.96,
						960.705,
						579.374,
						0.89,
						841.796,
						590.486,
						0.92,
						981.644,
						588.219,
						0.55,
						828.571,
						633.306,
						0.83,
						928.075,
						663.187,
						0.77,
						877.637,
						665.669,
						0.73,
						930.194,
						751.544,
						0.8,
						882.226,
						752.79,
						0.76,
						930.29,
						824.554,
						0.9,
						886.614,
						829.074,
						0.9
					],
					"area": 18034.695,
					"b_score": 0.95,
					"object_id": 0
				}
			]
		},
		{
			"frame_num": 20,
			"objects": [
				{
					"category_id": 1,
					"bbox": [
						803.63,
						432.7,
						211.15,
						435.68
					],
					"score": 0.902,
					"keypoints": [
						884.5,
						476.187,
						1.0,
						893.555,
						467.13,
						1.0,
						875.737,
						471.66,
						1.0,
						911.961,
						471.657,
						1.0,
						872.19,
						480.714,
						0.35,
						935.584,
						530.522,
						1.0,
						858.61,
						531.575,
						1.0,
						960.964,
						579.763,
						1.0,
						840.591,
						587.89,
						1.0,
						989.616,
						570.084,
						0.89,
						823.181,
						627.657,
						0.96,
						927.017,
						664.447,
						0.83,
						876.713,
						665.945,
						0.82,
						929.993,
						751.953,
						0.9,
						881.276,
						754.342,
						0.88,
						929.939,
						824.922,
						0.98,
						887.775,
						829.453,
						1.0
					],
					"area": 20674.677,
					"b_score": 0.945,
					"object_id": 0
				}
			]
		},
		{
			"frame_num": 21,
			"objects": [
				{
					"category_id": 1,
					"bbox": [
						799.29,
						432.3,
						216.79,
						436.52
					],
					"score": 0.852,
					"keypoints": [
						885.503,
						475.944,
						1.0,
						894.571,
						466.875,
						1.0,
						876.61,
						471.412,
						1.0,
						912.893,
						471.407,
						0.93,
						872.691,
						480.48,
						0.3,
						936.178,
						530.362,
						0.95,
						859.075,
						530.979,
						1.0,
						962.358,
						579.91,
						1.0,
						839.164,
						586.4,
						1.0,
						994.378,
						543.489,
						0.97,
						820.316,
						619.24,
						0.89,
						927.409,
						663.513,
						0.78,
						877.228,
						666.143,
						0.76,
						929.358,
						752.295,
						0.87,
						881.79,
						755.484,
						0.81,
						931.486,
						825.296,
						0.91,
						887.49,
						829.833,
						0.95
					],
					"area": 21268.583,
					"b_score": 0.943,
					"object_id": 0
				}
			]
		},
		{
			"frame_num": 22,
			"objects": [
				{
					"category_id": 1,
					"bbox": [
						795.35,
						432.45,
						212.1,
						437.12
					],
					"score": 0.913,
					"keypoints": [
						885.487,
						475.861,
						1.0,
						894.571,
						466.781,
						1.0,
						876.52,
						469.596,
						1.0,
						912.852,
						471.32,
						0.99,
						872.368,
						480.405,
						0.38,
						935.952,
						530.358,
						0.97,
						858.754,
						530.73,
						1.0,
						964.453,
						578.009,
						1.0,
						835.368,
						583.576,
						1.0,
						991.614,
						532.234,
						1.0,
						811.386,
						610.424,
						0.98,
						927.068,
						661.509,
						0.82,
						875.095,
						664.855,
						0.81,
						928.3,
						751.112,
						0.9,
						881.465,
						754.766,
						0.89,
						931.22,
						823.389,
						0.99,
						886.42,
						825.099,
						0.98
					],
					"area": 20837.412,
					"b_score": 0.946,
					"object_id": 0
				}
			]
		},
		{
			"frame_num": 23,
			"objects": [
				{
					"category_id": 1,
					"bbox": [
						780.65,
						432.06,
						219.18,
						436.16
					],
					"score": 0.846,
					"keypoints": [
						886.425,
						475.632,
						1.0,
						893.851,
						466.552,
						1.0,
						877.406,
						469.996,
						1.0,
						912.1,
						471.091,
						0.9,
						873.054,
						480.179,
						0.35,
						935.004,
						530.139,
						0.93,
						857.823,
						530.338,
						0.99,
						966.753,
						576.666,
						1.0,
						832.306,
						581.726,
						0.94,
						989.355,
						522.374,
						0.97,
						807.603,
						604.275,
						0.9,
						926.057,
						659.78,
						0.74,
						874.798,
						665.271,
						0.71,
						928.5,
						751.561,
						0.84,
						880.481,
						755.556,
						0.79,
						930.01,
						824.251,
						0.92,
						887.223,
						827.469,
						0.93
					],
					"area": 21485.102,
					"b_score": 0.956,
					"object_id": 0
				}
			]
		},
		{
			"frame_num": 24,
			"objects": [
				{
					"category_id": 1,
					"bbox": [
						775.33,
						432.04,
						219.06,
						436.37
					],
					"score": 0.776,
					"keypoints": [
						886.692,
						475.485,
						0.95,
						894.715,
						466.401,
						0.97,
						877.644,
						470.244,
						0.94,
						912.932,
						470.944,
						0.88,
						873.204,
						480.032,
						0.29,
						934.072,
						530.007,
						0.87,
						856.884,
						530.114,
						0.91,
						969.838,
						573.739,
						0.98,
						830.251,
						580.792,
						0.83,
						985.771,
						513.243,
						0.91,
						802.576,
						599.422,
						0.82,
						925.079,
						658.705,
						0.69,
						874.281,
						665.576,
						0.62,
						928.335,
						751.9,
						0.77,
						881.25,
						756.112,
						0.72,
						931.407,
						824.761,
						0.88,
						887.175,
						828.684,
						0.86
					],
					"area": 21483.546,
					"b_score": 0.951,
					"object_id": 0
				}
			]
		},
		{
			"frame_num": 25,
			"objects": [
				{
					"category_id": 1,
					"bbox": [
						772.28,
						432.65,
						219.93,
						435.76
					],
					"score": 0.839,
					"keypoints": [
						885.904,
						475.586,
						1.0,
						894.318,
						466.504,
						1.0,
						876.853,
						470.593,
						1.0,
						912.515,
						471.046,
						0.95,
						872.377,
						480.131,
						0.29,
						934.215,
						530.09,
						0.92,
						857.03,
						530.163,
						0.98,
						972.419,
						572.445,
						1.0,
						827.927,
						580.5,
						0.9,
						982.411,
						508.481,
						0.98,
						802.742,
						591.53,
						0.97,
						925.189,
						659.875,
						0.73,
						874.727,
						665.876,
						0.69,
						927.222,
						752.177,
						0.8,
						880.778,
						756.524,
						0.8,
						930.628,
						827.671,
						0.95,
						885.74,
						829.296,
						0.92
					],
					"area": 21538.956,
					"b_score": 0.951,
					"object_id": 0
				}
			]
		},
		{
			"frame_num": 26,
			"objects": [
				{
					"category_id": 1,
					"bbox": [
						771.01,
						432.76,
						221.09,
						435.66
					],
					"score": 0.868,
					"keypoints": [
						885.179,
						475.686,
						1.0,
						893.828,
						466.605,
						1.0,
						876.129,
						470.85,
						1.0,
						912.01,
						471.146,
						0.97,
						869.719,
						480.229,
						0.4,
						934.035,
						530.174,
						0.93,
						855.069,
						530.227,
						1.0,
						975.701,
						569.536,
						1.0,
						824.046,
						580.385,
						0.91,
						977.5,
						504.051,
						0.93,
						795.649,
						578.936,
						0.98,
						923.159,
						660.605,
						0.75,
						874.736,
						666.091,
						0.73,
						926.235,
						752.368,
						0.85,
						880.216,
						758.644,
						0.85,
						929.882,
						828.944,
						0.96,
						884.67,
						829.59,
						0.98
					],
					"area": 21647.901,
					"b_score": 0.947,
					"object_id": 0
				}
			]
		},
		{
			"frame_num": 27,
			"objects": [
				{
					"category_id": 1,
					"bbox": [
						770.82,
						433.34,
						221.54,
						435.03
					],
					"score": 0.871,
					"keypoints": [
						884.72,
						475.93,
						1.0,
						893.512,
						466.856,
						1.0,
						875.662,
						471.199,
						1.0,
						911.673,
						471.394,
						0.96,
						868.072,
						480.469,
						0.51,
						933.913,
						530.381,
						0.93,
						853.88,
						530.432,
						1.0,
						977.334,
						565.909,
						1.0,
						819.756,
						580.491,
						0.92,
						972.485,
						503.673,
						0.93,
						793.906,
						569.376,
						0.93,
						921.902,
						661.15,
						0.75,
						874.76,
						666.32,
						0.73,
						925.609,
						752.534,
						0.85,
						879.879,
						759.99,
						0.84,
						929.505,
						829.479,
						0.95,
						884.217,
						829.736,
						0.98
					],
					"area": 21660.35,
					"b_score": 0.948,
					"object_id": 0
				}
			]
		},
		{
			"frame_num": 28,
			"objects": [
				{
					"category_id": 1,
					"bbox": [
						771.01,
						433.28,
						222.7,
						436.02
					],
					"score": 0.887,
					"keypoints": [
						884.689,
						476.102,
						1.0,
						893.581,
						467.026,
						1.0,
						875.619,
						469.79,
						1.0,
						910.043,
						471.564,
						0.94,
						867.403,
						478.969,
						0.56,
						934.163,
						530.57,
						0.89,
						853.453,
						530.617,
						1.0,
						978.649,
						561.818,
						1.0,
						818.05,
						580.666,
						0.99,
						971.458,
						500.088,
						0.97,
						790.556,
						556.558,
						1.0,
						921.515,
						661.679,
						0.77,
						875.048,
						666.639,
						0.73,
						925.567,
						751.292,
						0.86,
						879.955,
						757.559,
						0.86,
						929.788,
						825.227,
						0.95,
						884.443,
						825.019,
						0.98
					],
					"area": 21822.913,
					"b_score": 0.95,
					"object_id": 0
				}
			]
		},
		{
			"frame_num": 29,
			"objects": [
				{
					"category_id": 1,
					"bbox": [
						771.75,
						433.46,
						221.41,
						435.54
					],
					"score": 0.894,
					"keypoints": [
						884.699,
						476.261,
						1.0,
						893.653,
						467.183,
						1.0,
						875.626,
						470.571,
						1.0,
						909.016,
						471.722,
						0.95,
						867.058,
						478.046,
						0.55,
						932.571,
						530.719,
						0.94,
						851.307,
						530.758,
						1.0,
						979.3,
						557.403,
						1.0,
						812.342,
						578.724,
						1.0,
						968.052,
						495.879,
						1.0,
						789.772,
						550.57,
						1.0,
						921.309,
						663.767,
						0.76,
						875.263,
						668.608,
						0.72,
						925.56,
						753.796,
						0.86,
						880.038,
						759.48,
						0.88,
						929.943,
						825.582,
						0.95,
						884.592,
						827.809,
						1.0
					],
					"area": 21672.942,
					"b_score": 0.947,
					"object_id": 0
				}
			]
		},
		{
			"frame_num": 30,
			"objects": [
				{
					"category_id": 1,
					"bbox": [
						771.51,
						433.36,
						218.96,
						435.21
					],
					"score": 0.854,
					"keypoints": [
						882.409,
						476.32,
						1.0,
						891.426,
						467.245,
						1.0,
						875.111,
						471.028,
						1.0,
						907.773,
						471.781,
						0.96,
						866.249,
						477.418,
						0.44,
						932.781,
						529.089,
						0.88,
						851.396,
						530.784,
						1.0,
						976.87,
						552.71,
						1.0,
						808.951,
						575.359,
						0.98,
						962.673,
						494.872,
						0.97,
						791.645,
						541.925,
						1.0,
						920.572,
						663.221,
						0.73,
						873.051,
						667.934,
						0.7,
						924.976,
						753.487,
						0.83,
						879.542,
						760.518,
						0.83,
						929.225,
						828.041,
						0.96,
						883.856,
						829.016,
						0.96
					],
					"area": 21416.639,
					"b_score": 0.943,
					"object_id": 0
				}
			]
		},
		{
			"frame_num": 31,
			"objects": [
				{
					"category_id": 1,
					"bbox": [
						772.58,
						433.24,
						216.0,
						435.91
					],
					"score": 0.846,
					"keypoints": [
						880.76,
						474.671,
						1.0,
						889.816,
						465.594,
						1.0,
						872.807,
						467.797,
						1.0,
						906.87,
						471.801,
						0.97,
						863.559,
						477.013,
						0.36,
						930.95,
						526.12,
						0.93,
						849.274,
						530.815,
						0.96,
						975.501,
						545.328,
						1.0,
						807.149,
						571.304,
						0.98,
						960.866,
						491.183,
						0.97,
						791.899,
						532.958,
						0.96,
						919.997,
						661.397,
						0.74,
						871.484,
						666.081,
						0.73,
						924.484,
						751.88,
						0.83,
						879.073,
						757.937,
						0.81,
						928.705,
						824.392,
						0.96,
						883.299,
						824.69,
						0.98
					],
					"area": 21161.109,
					"b_score": 0.94,
					"object_id": 0
				}
			]
		},
		{
			"frame_num": 32,
			"objects": [
				{
					"category_id": 1,
					"bbox": [
						775.81,
						431.47,
						211.9,
						438.6
					],
					"score": 0.862,
					"keypoints": [
						878.256,
						470.959,
						1.0,
						887.366,
						463.859,
						1.0,
						871.818,
						464.998,
						1.0,
						904.932,
						469.51,
						0.97,
						862.511,
						474.182,
						0.38,
						930.455,
						521.553,
						0.93,
						848.494,
						530.406,
						0.94,
						973.656,
						535.89,
						1.0,
						806.731,
						566.291,
						1.0,
						958.299,
						482.11,
						1.0,
						794.994,
						522.853,
						0.95,
						920.237,
						659.99,
						0.77,
						871.015,
						664.649,
						0.73,
						924.743,
						750.834,
						0.86,
						879.222,
						756.382,
						0.8,
						929.24,
						820.179,
						0.97,
						883.698,
						823.163,
						0.98
					],
					"area": 20888.021,
					"b_score": 0.943,
					"object_id": 0
				}
			]
		},
		{
			"frame_num": 33,
			"objects": [
				{
					"category_id": 1,
					"bbox": [
						777.27,
						428.1,
						203.73,
						442.33
					],
					"score": 0.902,
					"keypoints": [
						875.551,
						471.331,
						1.0,
						884.724,
						463.387,
						1.0,
						870.063,
						464.0,
						1.0,
						902.688,
						468.643,
						0.98,
						860.641,
						475.109,
						0.34,
						929.234,
						519.901,
						0.96,
						848.791,
						530.892,
						1.0,
						970.401,
						524.602,
						1.0,
						807.245,
						565.124,
						1.0,
						956.146,
						477.79,
						0.95,
						796.859,
						518.913,
						1.0,
						921.264,
						658.499,
						0.79,
						871.499,
						663.151,
						0.76,
						925.755,
						749.893,
						0.86,
						878.299,
						755.091,
						0.9,
						928.31,
						818.482,
						0.99,
						882.435,
						822.508,
						0.99
					],
					"area": 20253.725,
					"b_score": 0.954,
					"object_id": 0
				}
			]
		},
		{
			"frame_num": 34,
			"objects": [
				{
					"category_id": 1,
					"bbox": [
						781.27,
						416.84,
						192.67,
						453.41
					],
					"score": 0.921,
					"keypoints": [
						875.414,
						469.252,
						1.0,
						882.541,
						462.719,
						1.0,
						868.218,
						463.013,
						1.0,
						903.072,
						467.768,
						0.96,
						860.836,
						473.452,
						0.17,
						926.238,
						516.93,
						1.0,
						849.939,
						529.748,
						1.0,
						966.261,
						511.268,
						1.0,
						805.773,
						560.336,
						1.0,
						952.438,
						461.109,
						1.0,
						798.357,
						510.893,
						1.0,
						921.714,
						657.225,
						0.85,
						872.891,
						661.915,
						0.81,
						926.266,
						747.972,
						0.89,
						877.078,
						752.97,
						0.95,
						930.23,
						816.882,
						1.0,
						883.62,
						821.404,
						1.0
					],
					"area": 19633.564,
					"b_score": 0.957,
					"object_id": 0
				}
			]
		},
		{
			"frame_num": 35,
			"objects": [
				{
					"category_id": 1,
					"bbox": [
						783.99,
						383.84,
						181.66,
						485.26
					],
					"score": 0.925,
					"keypoints": [
						876.235,
						468.392,
						1.0,
						884.641,
						462.509,
						1.0,
						867.797,
						462.661,
						1.0,
						902.88,
						467.56,
						0.92,
						859.158,
						472.97,
						0.12,
						926.947,
						514.901,
						0.95,
						850.768,
						529.043,
						1.0,
						957.45,
						498.689,
						0.99,
						808.604,
						556.432,
						1.0,
						945.684,
						436.645,
						1.0,
						803.374,
						504.265,
						1.0,
						922.124,
						656.0,
						0.88,
						874.431,
						660.852,
						0.86,
						926.83,
						746.857,
						0.91,
						877.185,
						751.878,
						0.91,
						931.751,
						816.349,
						1.0,
						885.719,
						821.209,
						1.0
					],
					"area": 19811.697,
					"b_score": 0.972,
					"object_id": 0
				}
			]
		},
		{
			"frame_num": 36,
			"objects": [
				{
					"category_id": 1,
					"bbox": [
						784.58,
						340.97,
						180.2,
						529.25
					],
					"score": 0.896,
					"keypoints": [
						874.343,
						469.268,
						1.0,
						883.917,
						461.281,
						1.0,
						867.201,
						461.282,
						1.0,
						903.745,
						466.536,
						0.88,
						862.12,
						471.935,
						0.05,
						926.99,
						512.037,
						0.88,
						852.411,
						527.699,
						0.98,
						946.913,
						483.046,
						0.83,
						807.234,
						551.565,
						1.0,
						935.83,
						413.788,
						1.0,
						804.851,
						499.372,
						1.0,
						921.911,
						654.49,
						0.87,
						875.525,
						659.644,
						0.86,
						926.906,
						744.166,
						0.89,
						877.284,
						749.408,
						0.92,
						929.267,
						817.234,
						1.0,
						884.29,
						822.395,
						1.0
					],
					"area": 21433.867,
					"b_score": 0.982,
					"object_id": 0
				}
			]
		},
		{
			"frame_num": 37,
			"objects": [
				{
					"category_id": 1,
					"bbox": [
						786.42,
						383.97,
						176.39,
						484.84
					],
					"score": 0.955,
					"keypoints": [
						873.344,
						470.461,
						1.0,
						883.175,
						461.666,
						1.0,
						864.865,
						461.692,
						1.0,
						903.19,
						466.837,
						0.95,
						863.965,
						472.107,
						0.06,
						925.078,
						514.689,
						0.94,
						852.221,
						527.778,
						1.0,
						935.616,
						479.19,
						0.93,
						806.851,
						549.65,
						1.0,
						925.598,
						420.408,
						1.0,
						805.821,
						493.991,
						1.0,
						922.155,
						656.354,
						0.91,
						874.33,
						659.464,
						0.86,
						925.318,
						744.548,
						0.92,
						877.225,
						751.691,
						0.95,
						928.381,
						821.941,
						1.0,
						883.154,
						827.314,
						1.0
					],
					"area": 19219.991,
					"b_score": 0.985,
					"object_id": 0
				}
			]
		},
		{
			"frame_num": 38,
			"objects": [
				{
					"category_id": 1,
					"bbox": [
						787.04,
						414.26,
						176.43,
						454.68
					],
					"score": 0.93,
					"keypoints": [
						873.142,
						467.757,
						1.0,
						882.827,
						460.686,
						1.0,
						864.217,
						460.644,
						1.0,
						904.297,
						465.684,
						0.93,
						865.418,
						470.668,
						0.07,
						925.036,
						510.776,
						0.86,
						852.816,
						526.892,
						1.0,
						926.251,
						475.317,
						0.89,
						806.725,
						546.792,
						1.0,
						921.498,
						431.919,
						1.0,
						806.281,
						489.041,
						1.0,
						923.135,
						655.171,
						0.82,
						873.814,
						658.931,
						0.82,
						925.194,
						744.077,
						0.9,
						877.374,
						752.157,
						0.93,
						929.082,
						823.063,
						1.0,
						882.721,
						828.106,
						1.0
					],
					"area": 18028.416,
					"b_score": 0.979,
					"object_id": 0
				}
			]
		},
		{
			"frame_num": 39,
			"objects": [
				{
					"category_id": 1,
					"bbox": [
						786.92,
						413.93,
						174.9,
						454.83
					],
					"score": 0.911,
					"keypoints": [
						874.617,
						465.997,
						1.0,
						884.191,
						457.882,
						1.0,
						865.503,
						459.911,
						1.0,
						904.629,
						462.759,
						0.91,
						862.428,
						469.701,
						0.09,
						926.569,
						508.584,
						0.83,
						854.666,
						526.238,
						0.98,
						922.059,
						480.045,
						0.93,
						806.237,
						545.378,
						1.0,
						919.908,
						437.58,
						1.0,
						808.87,
						487.762,
						1.0,
						925.317,
						654.361,
						0.82,
						874.842,
						658.516,
						0.81,
						926.457,
						745.606,
						0.87,
						877.134,
						752.358,
						0.91,
						931.587,
						823.454,
						0.97,
						884.564,
						828.332,
						1.0
					],
					"area": 17878.969,
					"b_score": 0.982,
					"object_id": 0
				}
			]
		},
		{
			"frame_num": 40,
			"objects": [
				{
					"category_id": 1,
					"bbox": [
						786.67,
						411.29,
						176.4,
						456.67
					],
					"score": 0.945,
					"keypoints": [
						873.734,
						467.902,
						1.0,
						883.3,
						459.254,
						1.0,
						866.408,
						462.293,
						1.0,
						905.058,
						464.088,
						1.0,
						860.701,
						473.564,
						0.14,
						925.86,
						512.854,
						0.92,
						854.229,
						526.862,
						1.0,
						917.94,
						488.716,
						0.82,
						806.084,
						548.593,
						1.0,
						908.97,
						443.376,
						1.0,
						809.983,
						492.607,
						1.0,
						925.131,
						656.814,
						0.89,
						874.015,
						659.509,
						0.85,
						925.879,
						746.011,
						0.91,
						878.82,
						752.001,
						0.92,
						930.533,
						823.081,
						1.0,
						883.208,
						827.887,
						1.0
					],
					"area": 18104.349,
					"b_score": 0.981,
					"object_id": 0
				}
			]
		},
		{
			"frame_num": 41,
			"objects": [
				{
					"category_id": 1,
					"bbox": [
						786.0,
						413.17,
						175.64,
						454.74
					],
					"score": 0.947,
					"keypoints": [
						874.707,
						469.557,
						1.0,
						884.225,
						462.23,
						1.0,
						866.532,
						464.195,
						1.0,
						904.892,
						465.455,
						0.94,
						861.21,
						476.67,
						0.17,
						926.803,
						517.142,
						0.92,
						855.368,
						529.31,
						1.0,
						918.461,
						495.351,
						0.9,
						805.66,
						550.693,
						1.0,
						905.633,
						446.308,
						1.0,
						812.964,
						494.934,
						1.0,
						926.367,
						658.592,
						0.92,
						874.776,
						661.977,
						0.89,
						926.727,
						748.029,
						0.91,
						879.569,
						753.605,
						0.95,
						931.911,
						822.989,
						1.0,
						884.504,
						827.752,
						1.0
					],
					"area": 17950.78,
					"b_score": 0.98,
					"object_id": 0
				}
			]
		},
		{
			"frame_num": 42,
			"objects": [
				{
					"category_id": 1,
					"bbox": [
						786.95,
						416.19,
						173.54,
						452.82
					],
					"score": 0.951,
					"keypoints": [
						876.873,
						468.063,
						1.0,
						886.325,
						461.786,
						1.0,
						868.295,
						463.001,
						1.0,
						906.344,
						465.555,
						0.92,
						861.486,
						476.118,
						0.44,
						928.845,
						518.972,
						0.93,
						856.079,
						530.188,
						1.0,
						921.158,
						501.632,
						0.88,
						805.509,
						550.658,
						1.0,
						904.69,
						452.204,
						0.98,
						814.107,
						494.331,
						1.0,
						926.996,
						658.776,
						0.89,
						875.239,
						662.628,
						0.9,
						927.168,
						750.062,
						0.92,
						880.011,
						755.275,
						0.95,
						932.337,
						823.652,
						1.0,
						885.043,
						828.398,
						1.0
					],
					"area": 17660.605,
					"b_score": 0.978,
					"object_id": 0
				}
			]
		},
		{
			"frame_num": 43,
			"objects": [
				{
					"category_id": 1,
					"bbox": [
						787.22,
						422.86,
						173.24,
						446.22
					],
					"score": 0.844,
					"keypoints": [
						876.617,
						465.696,
						0.92,
						886.018,
						460.226,
						0.94,
						867.761,
						460.885,
						0.92,
						905.527,
						464.299,
						0.76,
						861.766,
						474.543,
						0.57,
						928.29,
						516.953,
						0.76,
						854.931,
						529.241,
						0.94,
						921.966,
						506.69,
						0.86,
						803.829,
						548.42,
						1.0,
						904.225,
						458.897,
						0.88,
						812.303,
						494.7,
						1.0,
						925.405,
						658.365,
						0.74,
						875.572,
						662.493,
						0.74,
						927.211,
						748.622,
						0.83,
						878.656,
						753.615,
						0.86,
						929.626,
						821.888,
						0.92,
						885.267,
						823.762,
						0.92
					],
					"area": 17373.587,
					"b_score": 0.977,
					"object_id": 0
				}
			]
		},
		{
			"frame_num": 44,
			"objects": [
				{
					"category_id": 1,
					"bbox": [
						787.68,
						426.51,
						172.78,
						442.9
					],
					"score": 0.861,
					"keypoints": [
						878.178,
						465.71,
						0.83,
						887.529,
						458.733,
						0.84,
						869.139,
						459.049,
						0.82,
						906.634,
						464.846,
						0.74,
						862.051,
						474.686,
						0.63,
						929.51,
						516.779,
						0.81,
						854.361,
						529.617,
						0.98,
						924.617,
						511.738,
						0.91,
						805.256,
						550.665,
						1.0,
						904.109,
						474.269,
						0.9,
						814.844,
						496.665,
						1.0,
						926.045,
						658.766,
						0.78,
						875.864,
						663.071,
						0.81,
						927.179,
						748.107,
						0.9,
						879.476,
						752.945,
						0.9,
						930.718,
						821.4,
						0.97,
						885.446,
						822.117,
						0.98
					],
					"area": 17198.43,
					"b_score": 0.977,
					"object_id": 0
				}
			]
		},
		{
			"frame_num": 45,
			"objects": [
				{
					"category_id": 1,
					"bbox": [
						788.21,
						428.45,
						171.74,
						440.92
					],
					"score": 0.87,
					"keypoints": [
						879.214,
						464.53,
						0.93,
						888.509,
						458.561,
						0.93,
						870.088,
						458.738,
						0.98,
						907.319,
						465.801,
						0.86,
						863.843,
						475.38,
						0.47,
						930.232,
						517.221,
						0.78,
						854.033,
						528.756,
						0.96,
						927.884,
						520.873,
						0.97,
						806.165,
						552.399,
						1.0,
						900.738,
						486.821,
						0.92,
						815.97,
						500.67,
						1.0,
						924.743,
						657.715,
						0.75,
						876.049,
						662.138,
						0.76,
						927.077,
						747.946,
						0.89,
						880.01,
						752.688,
						0.87,
						931.123,
						821.261,
						0.97,
						885.507,
						821.544,
						0.98
					],
					"area": 17018.005,
					"b_score": 0.972,
					"object_id": 0
				}
			]
		},
		{
			"frame_num": 46,
			"objects": [
				{
					"category_id": 1,
					"bbox": [
						789.21,
						429.26,
						170.65,
						440.47
					],
					"score": 0.892,
					"keypoints": [
						881.984,
						465.993,
						0.97,
						891.236,
						460.42,
						0.98,
						872.764,
						460.628,
						1.0,
						907.924,
						468.409,
						0.83,
						865.261,
						476.123,
						0.66,
						930.85,
						516.061,
						0.79,
						855.687,
						530.09,
						0.97,
						931.544,
						529.168,
						1.0,
						806.891,
						555.268,
						1.0,
						903.144,
						493.81,
						0.98,
						816.72,
						506.128,
						1.0,
						924.026,
						657.233,
						0.75,
						876.337,
						661.72,
						0.75,
						927.156,
						748.014,
						0.88,
						880.527,
						752.703,
						0.88,
						931.531,
						821.413,
						0.97,
						885.776,
						821.547,
						0.98
					],
					"area": 16893.011,
					"b_score": 0.971,
					"object_id": 0
				}
			]
		},
		{
			"frame_num": 47,
			"objects": [
				{
					"category_id": 1,
					"bbox": [
						790.17,
						429.53,
						169.86,
						440.45
					],
					"score": 0.895,
					"keypoints": [
						883.931,
						468.454,
						1.0,
						893.153,
						461.642,
						1.0,
						874.691,
						463.441,
						1.0,
						908.519,
						470.267,
						0.92,
						866.399,
						476.71,
						0.51,
						931.453,
						515.429,
						0.83,
						856.986,
						529.43,
						0.97,
						933.684,
						536.105,
						1.0,
						807.528,
						556.999,
						1.0,
						904.261,
						502.811,
						0.93,
						820.331,
						508.453,
						1.0,
						923.756,
						657.018,
						0.75,
						876.729,
						661.541,
						0.74,
						927.403,
						748.148,
						0.88,
						881.065,
						752.803,
						0.87,
						932.022,
						821.613,
						0.97,
						886.2,
						821.69,
						0.98
					],
					"area": 16813.711,
					"b_score": 0.97,
					"object_id": 0
				}
			]
		},
		{
			"frame_num": 48,
			"objects": [
				{
					"category_id": 1,
					"bbox": [
						790.77,
						429.48,
						169.59,
						440.85
					],
					"score": 0.89,
					"keypoints": [
						885.284,
						472.123,
						1.0,
						894.488,
						464.306,
						1.0,
						876.042,
						465.392,
						1.0,
						909.091,
						471.419,
						1.0,
						867.3,
						478.937,
						0.25,
						932.037,
						515.048,
						0.87,
						857.984,
						529.001,
						0.98,
						935.092,
						539.331,
						1.0,
						808.062,
						558.227,
						1.0,
						904.964,
						504.694,
						0.92,
						821.894,
						509.319,
						1.0,
						923.768,
						656.939,
						0.75,
						877.155,
						661.487,
						0.74,
						927.756,
						748.317,
						0.87,
						879.94,
						752.955,
						0.87,
						932.539,
						821.873,
						0.96,
						886.664,
						821.926,
						0.99
					],
					"area": 16802.92,
					"b_score": 0.969,
					"object_id": 0
				}
			]
		},
		{
			"frame_num": 49,
			"objects": [
				{
					"category_id": 1,
					"bbox": [
						791.89,
						429.94,
						168.73,
						439.91
					],
					"score": 0.891,
					"keypoints": [
						886.347,
						474.635,
						1.0,
						895.535,
						468.262,
						1.0,
						877.125,
						468.817,
						1.0,
						909.684,
						472.261,
						0.98,
						870.131,
						478.595,
						0.2,
						934.555,
						514.922,
						0.9,
						858.891,
						530.467,
						0.99,
						936.136,
						540.896,
						1.0,
						808.682,
						559.099,
						1.0,
						907.987,
						505.338,
						0.92,
						826.069,
						509.818,
						1.0,
						923.979,
						656.878,
						0.77,
						877.688,
						661.438,
						0.76,
						928.194,
						748.352,
						0.88,
						881.12,
						751.225,
						0.87,
						933.091,
						819.21,
						0.96,
						887.242,
						821.825,
						1.0
					],
					"area": 16681.886,
					"b_score": 0.968,
					"object_id": 0
				}
			]
		},
		{
			"frame_num": 50,
			"objects": [
				{
					"category_id": 1,
					"bbox": [
						793.4,
						430.77,
						167.83,
						439.35
					],
					"score": 0.889,
					"keypoints": [
						885.438,
						472.698,
						1.0,
						894.611,
						465.293,
						1.0,
						876.258,
						467.335,
						1.0,
						910.457,
						469.647,
						0.95,
						872.296,
						475.417,
						0.23,
						934.541,
						513.289,
						0.89,
						858.048,
						528.331,
						0.99,
						937.212,
						539.553,
						0.97,
						807.835,
						556.584,
						1.0,
						907.485,
						502.749,
						0.94,
						828.204,
						505.639,
						1.0,
						922.802,
						655.284,
						0.75,
						876.724,
						659.871,
						0.77,
						927.214,
						746.845,
						0.82,
						880.579,
						750.292,
						0.9,
						931.469,
						820.708,
						0.94,
						885.666,
						821.957,
						1.0
					],
					"area": 16572.17,
					"b_score": 0.969,
					"object_id": 0
				}
			]
		},
		{
			"frame_num": 51,
			"objects": [
				{
					"category_id": 1,
					"bbox": [
						794.36,
						430.82,
						167.13,
						438.28
					],
					"score": 0.822,
					"keypoints": [
						885.168,
						471.565,
						0.98,
						894.324,
						463.607,
						0.98,
						876.012,
						464.918,
						0.99,
						911.142,
						468.026,
						0.83,
						871.776,
						473.162,
						0.21,
						932.981,
						512.23,
						0.83,
						857.794,
						526.823,
						0.93,
						936.443,
						538.821,
						0.91,
						807.586,
						554.748,
						1.0,
						904.892,
						501.948,
						0.9,
						829.384,
						503.38,
						1.0,
						922.237,
						654.074,
						0.7,
						874.683,
						658.662,
						0.69,
						926.741,
						745.575,
						0.75,
						878.798,
						749.421,
						0.85,
						930.92,
						818.369,
						0.88,
						885.201,
						821.524,
						0.96
					],
					"area": 16462.796,
					"b_score": 0.967,
					"object_id": 0
				}
			]
		},
		{
			"frame_num": 52,
			"objects": [
				{
					"category_id": 1,
					"bbox": [
						795.87,
						430.24,
						166.63,
						440.07
					],
					"score": 0.865,
					"keypoints": [
						885.533,
						474.316,
						1.0,
						892.915,
						465.757,
						1.0,
						876.367,
						466.54,
						1.0,
						910.314,
						470.162,
						0.97,
						872.002,
						475.006,
						0.21,
						932.581,
						513.329,
						0.93,
						858.086,
						529.093,
						0.95,
						936.46,
						543.157,
						1.0,
						809.394,
						555.324,
						0.98,
						907.049,
						507.989,
						0.96,
						830.472,
						507.329,
						0.96,
						922.42,
						655.229,
						0.76,
						873.795,
						661.294,
						0.72,
						925.245,
						745.06,
						0.83,
						879.722,
						750.907,
						0.87,
						928.883,
						817.927,
						0.97,
						883.099,
						821.872,
						0.95
					],
					"area": 16480.264,
					"b_score": 0.971,
					"object_id": 0
				}
			]
		},
		{
			"frame_num": 53,
			"objects": [
				{
					"category_id": 1,
					"bbox": [
						796.14,
						430.3,
						166.66,
						439.68
					],
					"score": 0.861,
					"keypoints": [
						885.862,
						476.027,
						1.0,
						893.934,
						467.144,
						0.99,
						876.695,
						467.589,
						1.0,
						909.913,
						471.581,
						0.92,
						872.253,
						476.209,
						0.2,
						932.42,
						513.968,
						0.92,
						858.382,
						528.982,
						0.95,
						938.282,
						545.214,
						1.0,
						810.763,
						555.66,
						0.98,
						908.201,
						509.712,
						0.97,
						834.153,
						509.146,
						0.97,
						922.624,
						655.877,
						0.78,
						874.982,
						661.399,
						0.72,
						924.376,
						744.661,
						0.83,
						880.45,
						751.721,
						0.86,
						928.127,
						817.584,
						0.96,
						882.335,
						821.887,
						0.94
					],
					"area": 16469.376,
					"b_score": 0.971,
					"object_id": 0
				}
			]
		},
		{
			"frame_num": 54,
			"objects": [
				{
					"category_id": 1,
					"bbox": [
						797.4,
						430.32,
						166.27,
						439.28
					],
					"score": 0.889,
					"keypoints": [
						886.492,
						473.46,
						1.0,
						894.991,
						464.642,
						1.0,
						877.327,
						466.501,
						1.0,
						911.88,
						470.701,
						0.92,
						872.849,
						473.578,
						0.31,
						932.692,
						512.565,
						0.96,
						858.987,
						527.167,
						0.97,
						939.878,
						543.822,
						1.0,
						812.101,
						554.088,
						1.0,
						912.147,
						504.435,
						0.96,
						836.099,
						504.849,
						1.0,
						923.114,
						654.493,
						0.81,
						876.151,
						659.704,
						0.75,
						925.868,
						744.308,
						0.84,
						881.327,
						750.455,
						0.9,
						928.38,
						819.62,
						0.96,
						882.605,
						821.709,
						0.97
					],
					"area": 16415.235,
					"b_score": 0.971,
					"object_id": 0
				}
			]
		},
		{
			"frame_num": 55,
			"objects": [
				{
					"category_id": 1,
					"bbox": [
						799.11,
						429.95,
						165.79,
						439.11
					],
					"score": 0.883,
					"keypoints": [
						887.483,
						475.259,
						0.98,
						896.247,
						466.219,
						0.95,
						878.316,
						467.383,
						1.0,
						913.727,
						473.675,
						0.89,
						871.932,
						475.098,
						0.36,
						933.414,
						514.866,
						0.96,
						859.954,
						529.171,
						0.97,
						941.478,
						550.146,
						1.0,
						815.6,
						556.228,
						1.0,
						914.718,
						508.04,
						0.94,
						837.73,
						507.662,
						0.99,
						923.934,
						656.74,
						0.82,
						877.499,
						661.77,
						0.76,
						927.365,
						745.604,
						0.84,
						882.468,
						752.782,
						0.88,
						929.256,
						823.087,
						0.98,
						886.045,
						826.721,
						0.97
					],
					"area": 16361.829,
					"b_score": 0.972,
					"object_id": 0
				}
			]
		},
		{
			"frame_num": 56,
			"objects": [
				{
					"category_id": 1,
					"bbox": [
						801.31,
						429.81,
						164.94,
						439.21
					],
					"score": 0.868,
					"keypoints": [
						888.829,
						474.497,
						0.99,
						895.833,
						467.179,
						1.0,
						879.66,
						467.885,
						1.0,
						915.618,
						475.445,
						0.99,
						868.909,
						476.081,
						0.21,
						934.58,
						518.276,
						0.88,
						861.281,
						528.826,
						0.93,
						943.217,
						555.68,
						1.0,
						818.502,
						559.594,
						1.0,
						919.974,
						509.219,
						0.88,
						842.663,
						511.788,
						0.98,
						925.158,
						658.273,
						0.82,
						879.084,
						663.144,
						0.74,
						929.077,
						748.063,
						0.83,
						883.913,
						754.353,
						0.88,
						930.609,
						824.547,
						0.97,
						888.756,
						828.795,
						0.96
					],
					"area": 16281.215,
					"b_score": 0.972,
					"object_id": 0
				}
			]
		},
		{
			"frame_num": 57,
			"objects": [
				{
					"category_id": 1,
					"bbox": [
						806.51,
						430.18,
						160.19,
						438.49
					],
					"score": 0.842,
					"keypoints": [
						887.044,
						474.15,
						1.0,
						894.92,
						467.897,
						1.0,
						877.902,
						468.317,
						0.99,
						914.042,
						474.679,
						0.92,
						871.317,
						476.842,
						0.16,
						934.576,
						520.577,
						0.9,
						859.622,
						528.672,
						0.9,
						943.421,
						563.647,
						1.0,
						819.35,
						563.948,
						1.0,
						920.548,
						509.783,
						0.85,
						843.037,
						516.642,
						0.94,
						925.258,
						659.262,
						0.78,
						877.642,
						664.02,
						0.73,
						927.767,
						747.903,
						0.79,
						882.365,
						755.292,
						0.83,
						930.294,
						824.972,
						0.93,
						886.403,
						829.427,
						0.96
					],
					"area": 15786.676,
					"b_score": 0.968,
					"object_id": 0
				}
			]
		},
		{
			"frame_num": 58,
			"objects": [
				{
					"category_id": 1,
					"bbox": [
						807.86,
						430.88,
						162.85,
						438.22
					],
					"score": 0.85,
					"keypoints": [
						887.027,
						472.613,
						1.0,
						895.389,
						465.352,
						1.0,
						877.89,
						465.588,
						1.0,
						914.182,
						472.804,
						0.97,
						874.038,
						474.232,
						0.16,
						933.861,
						518.577,
						0.91,
						859.621,
						525.191,
						0.87,
						946.802,
						564.721,
						1.0,
						823.331,
						564.648,
						1.0,
						925.668,
						516.698,
						0.85,
						844.968,
						518.778,
						0.91,
						926.342,
						656.827,
						0.78,
						877.726,
						663.057,
						0.75,
						927.883,
						746.36,
						0.84,
						882.393,
						752.825,
						0.87,
						931.577,
						822.936,
						0.97,
						886.722,
						825.11,
						0.96
					],
					"area": 16038.691,
					"b_score": 0.95,
					"object_id": 0
				}
			]
		},
		{
			"frame_num": 59,
			"objects": [
				{
					"category_id": 1,
					"bbox": [
						815.08,
						431.55,
						155.71,
						437.11
					],
					"score": 0.888,
					"keypoints": [
						888.504,
						471.767,
						1.0,
						897.176,
						463.805,
						1.0,
						879.371,
						463.909,
						1.0,
						915.765,
						471.893,
						1.0,
						875.294,
						472.696,
						0.24,
						934.751,
						519.261,
						0.98,
						861.09,
						525.072,
						0.86,
						950.418,
						573.505,
						1.0,
						827.407,
						572.019,
						1.0,
						926.617,
						522.489,
						0.9,
						848.167,
						522.91,
						0.97,
						928.504,
						656.863,
						0.78,
						877.463,
						664.198,
						0.75,
						929.313,
						746.925,
						0.88,
						883.84,
						752.73,
						0.89,
						931.611,
						824.314,
						0.99,
						886.402,
						827.818,
						1.0
					],
					"area": 15296.769,
					"b_score": 0.956,
					"object_id": 0
				}
			]
		},
		{
			"frame_num": 60,
			"objects": [
				{
					"category_id": 1,
					"bbox": [
						821.24,
						432.22,
						149.79,
						436.64
					],
					"score": 0.892,
					"keypoints": [
						888.83,
						471.445,
						1.0,
						897.681,
						463.046,
						1.0,
						879.71,
						463.09,
						1.0,
						914.314,
						471.539,
						1.0,
						873.643,
						473.697,
						0.34,
						934.766,
						521.846,
						0.92,
						859.752,
						525.223,
						0.89,
						951.643,
						580.216,
						1.0,
						831.187,
						578.674,
						1.0,
						926.029,
						535.036,
						1.0,
						848.301,
						527.854,
						0.96,
						927.418,
						658.738,
						0.79,
						876.833,
						665.085,
						0.77,
						929.667,
						747.419,
						0.84,
						882.518,
						752.782,
						0.89,
						930.9,
						825.07,
						0.97,
						885.544,
						829.191,
						0.99
					],
					"area": 14699.18,
					"b_score": 0.951,
					"object_id": 0
				}
			]
		},
		{
			"frame_num": 61,
			"objects": [
				{
					"category_id": 1,
					"bbox": [
						824.57,
						432.33,
						147.34,
						437.03
					],
					"score": 0.833,
					"keypoints": [
						889.897,
						471.294,
						1.0,
						898.863,
						462.617,
						1.0,
						880.778,
						462.635,
						1.0,
						916.121,
						471.363,
						0.99,
						875.338,
						474.36,
						0.36,
						935.606,
						523.481,
						0.9,
						861.453,
						526.987,
						0.96,
						955.652,
						582.99,
						1.0,
						839.303,
						584.58,
						1.0,
						930.268,
						552.979,
						0.89,
						852.866,
						543.519,
						0.8,
						927.573,
						658.351,
						0.77,
						877.158,
						664.021,
						0.73,
						930.737,
						746.259,
						0.84,
						884.197,
						751.28,
						0.84,
						929.226,
						820.547,
						0.95,
						886.221,
						825.025,
						0.95
					],
					"area": 14471.465,
					"b_score": 0.93,
					"object_id": 0
				}
			]
		},
		{
			"frame_num": 62,
			"objects": [
				{
					"category_id": 1,
					"bbox": [
						817.8,
						432.72,
						154.11,
						436.84
					],
					"score": 0.811,
					"keypoints": [
						891.027,
						471.333,
						1.0,
						900.062,
						462.497,
						1.0,
						881.913,
						462.505,
						1.0,
						917.718,
						471.376,
						1.0,
						876.865,
						473.266,
						0.38,
						938.571,
						524.576,
						0.93,
						863.017,
						528.259,
						0.96,
						958.279,
						584.273,
						1.0,
						849.2,
						590.06,
						0.8,
						929.451,
						568.105,
						0.84,
						844.908,
						582.421,
						0.76,
						928.126,
						656.585,
						0.73,
						877.804,
						663.478,
						0.7,
						931.872,
						745.585,
						0.83,
						883.925,
						750.4,
						0.82,
						931.546,
						818.603,
						0.94,
						887.197,
						823.159,
						0.94
					],
					"area": 15130.624,
					"b_score": 0.926,
					"object_id": 0
				}
			]
		},
		{
			"frame_num": 63,
			"objects": [
				{
					"category_id": 1,
					"bbox": [
						820.67,
						432.48,
						153.09,
						436.81
					],
					"score": 0.8,
					"keypoints": [
						890.765,
						471.27,
						1.0,
						899.824,
						462.332,
						1.0,
						881.657,
						463.979,
						1.0,
						917.706,
						471.302,
						0.98,
						876.813,
						474.127,
						0.42,
						939.364,
						525.089,
						0.88,
						861.324,
						529.014,
						1.0,
						958.458,
						584.641,
						0.94,
						851.998,
						589.73,
						0.79,
						933.741,
						597.939,
						0.69,
						842.405,
						588.282,
						0.89,
						927.62,
						655.295,
						0.76,
						877.425,
						659.44,
						0.72,
						931.661,
						743.202,
						0.82,
						884.666,
						747.832,
						0.82,
						931.437,
						817.639,
						0.92,
						886.494,
						822.206,
						0.96
					],
					"area": 15029.34,
					"b_score": 0.918,
					"object_id": 0
				}
			]
		},
		{
			"frame_num": 64,
			"objects": [
				{
					"category_id": 1,
					"bbox": [
						825.89,
						432.41,
						149.75,
						436.55
					],
					"score": 0.824,
					"keypoints": [
						892.104,
						471.198,
						1.0,
						901.194,
						463.797,
						1.0,
						883.002,
						464.857,
						1.0,
						919.215,
						471.222,
						1.0,
						876.382,
						474.639,
						0.55,
						941.386,
						527.378,
						0.97,
						861.622,
						529.449,
						1.0,
						960.299,
						587.324,
						0.93,
						852.583,
						589.5,
						0.83,
						934.48,
						621.962,
						0.76,
						848.755,
						608.434,
						0.68,
						928.674,
						654.392,
						0.72,
						878.495,
						658.672,
						0.73,
						932.974,
						745.115,
						0.82,
						884.737,
						749.782,
						0.81,
						930.863,
						819.576,
						0.94,
						888.09,
						826.636,
						0.96
					],
					"area": 14692.112,
					"b_score": 0.93,
					"object_id": 0
				}
			]
		},
		{
			"frame_num": 65,
			"objects": [
				{
					"category_id": 1,
					"bbox": [
						828.35,
						431.76,
						145.0,
						437.97
					],
					"score": 0.888,
					"keypoints": [
						892.909,
						472.577,
						1.0,
						902.024,
						464.562,
						1.0,
						883.798,
						465.25,
						1.0,
						918.236,
						470.98,
						1.0,
						876.135,
						474.799,
						0.68,
						942.634,
						528.491,
						0.96,
						861.792,
						529.594,
						1.0,
						961.36,
						585.812,
						0.96,
						850.293,
						584.889,
						0.98,
						948.317,
						629.027,
						0.98,
						848.537,
						627.094,
						1.0,
						929.398,
						653.856,
						0.81,
						881.083,
						658.237,
						0.75,
						933.839,
						744.801,
						0.87,
						884.792,
						749.42,
						0.88,
						930.676,
						818.275,
						0.96,
						886.43,
						824.031,
						0.98
					],
					"area": 14272.861,
					"b_score": 0.933,
					"object_id": 0
				}
			]
		},
		{
			"frame_num": 66,
			"objects": [
				{
					"category_id": 1,
					"bbox": [
						827.62,
						431.7,
						144.18,
						438.16
					],
					"score": 0.883,
					"keypoints": [
						892.889,
						473.49,
						1.0,
						902.01,
						465.054,
						1.0,
						883.774,
						465.492,
						1.0,
						919.069,
						470.808,
						1.0,
						875.549,
						474.89,
						0.71,
						942.825,
						529.093,
						0.98,
						863.254,
						529.682,
						1.0,
						961.345,
						590.263,
						0.99,
						848.692,
						586.994,
						0.92,
						954.613,
						645.779,
						0.96,
						847.802,
						645.557,
						0.96,
						929.391,
						655.229,
						0.79,
						880.338,
						659.706,
						0.8,
						933.88,
						746.228,
						0.89,
						884.4,
						749.223,
						0.88,
						929.989,
						817.765,
						0.97,
						884.955,
						822.856,
						0.97
					],
					"area": 14198.097,
					"b_score": 0.924,
					"object_id": 0
				}
			]
		},
		{
			"frame_num": 67,
			"objects": [
				{
					"category_id": 1,
					"bbox": [
						823.94,
						432.32,
						151.03,
						436.02
					],
					"score": 0.874,
					"keypoints": [
						892.787,
						474.237,
						1.0,
						901.89,
						465.543,
						1.0,
						883.686,
						467.595,
						1.0,
						919.408,
						470.851,
						1.0,
						876.932,
						476.833,
						0.65,
						942.729,
						529.483,
						1.0,
						864.116,
						529.789,
						1.0,
						959.037,
						594.74,
						0.99,
						852.762,
						590.322,
						0.91,
						962.756,
						659.458,
						0.98,
						845.063,
						655.489,
						0.98,
						929.229,
						657.581,
						0.78,
						879.836,
						660.411,
						0.77,
						933.736,
						748.651,
						0.88,
						885.845,
						750.398,
						0.84,
						929.44,
						819.27,
						0.94,
						886.588,
						826.657,
						0.93
					],
					"area": 14800.177,
					"b_score": 0.933,
					"object_id": 0
				}
			]
		},
		{
			"frame_num": 68,
			"objects": [
				{
					"category_id": 1,
					"bbox": [
						822.76,
						433.33,
						159.76,
						434.17
					],
					"score": 0.881,
					"keypoints": [
						894.078,
						475.033,
						1.0,
						901.287,
						466.182,
						1.0,
						884.998,
						469.294,
						1.0,
						919.031,
						471.17,
						1.0,
						877.266,
						478.422,
						0.63,
						942.045,
						529.964,
						1.0,
						864.149,
						530.08,
						1.0,
						959.096,
						596.821,
						0.99,
						851.667,
						592.135,
						0.91,
						966.892,
						653.828,
						0.95,
						840.177,
						653.148,
						0.96,
						930.345,
						659.186,
						0.81,
						880.79,
						660.87,
						0.79,
						933.079,
						750.066,
						0.89,
						886.223,
						751.011,
						0.86,
						930.795,
						819.655,
						0.95,
						886.704,
						828.031,
						0.95
					],
					"area": 15589.616,
					"b_score": 0.938,
					"object_id": 0
				}
			]
		},
		{
			"frame_num": 69,
			"objects": [
				{
					"category_id": 1,
					"bbox": [
						823.94,
						433.85,
						164.75,
						433.55
					],
					"score": 0.863,
					"keypoints": [
						894.476,
						475.706,
						1.0,
						902.422,
						466.767,
						1.0,
						885.418,
						470.514,
						1.0,
						920.306,
						471.541,
						1.0,
						877.146,
						479.587,
						0.61,
						943.165,
						530.392,
						0.96,
						865.714,
						530.402,
						0.98,
						958.731,
						597.864,
						0.98,
						853.054,
						593.16,
						0.88,
						970.58,
						653.063,
						0.97,
						840.563,
						652.931,
						0.95,
						932.582,
						660.27,
						0.81,
						882.941,
						662.95,
						0.77,
						934.109,
						750.948,
						0.88,
						886.137,
						751.439,
						0.85,
						930.986,
						819.823,
						0.94,
						886.343,
						828.591,
						0.93
					],
					"area": 16052.912,
					"b_score": 0.935,
					"object_id": 0
				}
			]
		},
		{
			"frame_num": 70,
			"objects": [
				{
					"category_id": 1,
					"bbox": [
						824.2,
						433.82,
						169.11,
						432.69
					],
					"score": 0.801,
					"keypoints": [
						895.76,
						476.069,
						0.95,
						904.153,
						467.093,
						0.98,
						886.723,
						469.373,
						0.98,
						920.19,
						471.749,
						0.89,
						878.074,
						478.442,
						0.58,
						944.858,
						530.534,
						0.89,
						864.066,
						530.521,
						0.94,
						961.616,
						595.716,
						0.88,
						850.585,
						593.486,
						0.89,
						976.66,
						649.092,
						0.84,
						839.569,
						652.52,
						0.93,
						934.99,
						660.734,
						0.74,
						883.361,
						664.112,
						0.71,
						935.739,
						751.2,
						0.78,
						887.06,
						751.485,
						0.8,
						932.395,
						819.491,
						0.86,
						887.484,
						828.367,
						0.85
					],
					"area": 16445.006,
					"b_score": 0.939,
					"object_id": 0
				}
			]
		},
		{
			"frame_num": 71,
			"objects": [
				{
					"category_id": 1,
					"bbox": [
						824.54,
						433.9,
						168.37,
						432.84
					],
					"score": 0.828,
					"keypoints": [
						894.619,
						476.328,
						0.98,
						903.262,
						467.332,
						1.0,
						887.46,
						468.744,
						0.99,
						920.114,
						471.92,
						0.96,
						878.616,
						477.803,
						0.49,
						945.817,
						530.664,
						0.92,
						863.089,
						530.64,
						0.94,
						965.442,
						597.169,
						0.96,
						847.427,
						591.603,
						0.89,
						978.106,
						648.332,
						0.9,
						839.14,
						649.18,
						0.92,
						936.348,
						663.002,
						0.79,
						883.594,
						664.898,
						0.74,
						934.865,
						751.43,
						0.84,
						887.61,
						751.585,
						0.8,
						930.643,
						819.444,
						0.91,
						888.004,
						828.396,
						0.87
					],
					"area": 16379.456,
					"b_score": 0.943,
					"object_id": 0
				}
			]
		},
		{
			"frame_num": 72,
			"objects": [
				{
					"category_id": 1,
					"bbox": [
						825.16,
						433.43,
						169.43,
						433.55
					],
					"score": 0.786,
					"keypoints": [
						896.291,
						476.329,
						0.94,
						905.107,
						467.32,
						0.97,
						888.367,
						468.212,
						0.95,
						922.468,
						471.881,
						0.88,
						879.393,
						477.27,
						0.46,
						946.9,
						530.604,
						0.86,
						862.863,
						530.596,
						0.92,
						970.475,
						593.323,
						0.86,
						846.171,
						590.548,
						0.89,
						986.299,
						648.057,
						0.83,
						839.562,
						648.292,
						0.91,
						937.649,
						664.298,
						0.75,
						884.188,
						665.34,
						0.68,
						936.674,
						751.586,
						0.78,
						888.398,
						751.668,
						0.77,
						930.411,
						819.504,
						0.85,
						888.869,
						828.502,
						0.84
					],
					"area": 16509.355,
					"b_score": 0.946,
					"object_id": 0
				}
			]
		},
		{
			"frame_num": 73,
			"objects": [
				{
					"category_id": 1,
					"bbox": [
						825.65,
						433.21,
						169.54,
						434.03
					],
					"score": 0.805,
					"keypoints": [
						895.601,
						476.268,
						0.98,
						904.503,
						467.245,
						1.0,
						889.105,
						467.819,
						0.97,
						922.16,
						471.797,
						0.93,
						880.066,
						476.881,
						0.41,
						947.759,
						530.528,
						0.9,
						862.89,
						530.531,
						0.95,
						973.308,
						591.435,
						0.9,
						845.645,
						588.144,
						0.89,
						988.712,
						647.996,
						0.89,
						842.344,
						645.028,
						0.89,
						938.623,
						663.164,
						0.75,
						884.75,
						665.621,
						0.7,
						936.115,
						751.73,
						0.82,
						889.08,
						751.768,
						0.77,
						930.592,
						819.64,
						0.89,
						889.543,
						828.67,
						0.84
					],
					"area": 16537.859,
					"b_score": 0.945,
					"object_id": 0
				}
			]
		},
		{
			"frame_num": 74,
			"objects": [
				{
					"category_id": 1,
					"bbox": [
						825.28,
						433.11,
						171.5,
						433.46
					],
					"score": 0.828,
					"keypoints": [
						895.453,
						476.167,
						1.0,
						904.405,
						467.143,
						1.0,
						889.8,
						467.519,
						0.98,
						922.225,
						471.69,
						0.96,
						880.734,
						476.575,
						0.37,
						946.552,
						530.392,
						0.92,
						864.922,
						530.408,
						0.95,
						972.646,
						590.325,
						0.94,
						845.612,
						588.448,
						0.89,
						989.688,
						647.716,
						1.0,
						844.144,
						643.773,
						0.89,
						937.432,
						662.365,
						0.8,
						885.35,
						665.628,
						0.72,
						936.014,
						751.613,
						0.84,
						887.967,
						751.649,
						0.81,
						930.983,
						819.392,
						0.91,
						887.824,
						828.414,
						0.9
					],
					"area": 16706.935,
					"b_score": 0.942,
					"object_id": 0
				}
			]
		},
		{
			"frame_num": 75,
			"objects": [
				{
					"category_id": 1,
					"bbox": [
						825.73,
						432.63,
						171.3,
						436.02
					],
					"score": 0.824,
					"keypoints": [
						895.464,
						476.023,
						1.0,
						904.467,
						466.982,
						1.0,
						890.292,
						467.235,
						0.98,
						922.429,
						471.534,
						0.95,
						881.199,
						476.3,
						0.32,
						948.03,
						530.351,
						0.92,
						866.252,
						530.365,
						0.96,
						972.668,
						589.904,
						0.97,
						847.455,
						588.806,
						0.87,
						990.523,
						648.152,
						0.99,
						844.923,
						646.796,
						0.92,
						936.984,
						662.224,
						0.79,
						885.784,
						665.986,
						0.72,
						936.15,
						752.096,
						0.84,
						887.381,
						752.075,
						0.81,
						931.424,
						820.224,
						0.91,
						887.073,
						826.877,
						0.88
					],
					"area": 16786.018,
					"b_score": 0.94,
					"object_id": 0
				}
			]
		},
		{
			"frame_num": 76,
			"objects": [
				{
					"category_id": 1,
					"bbox": [
						826.42,
						432.59,
						174.05,
						435.82
					],
					"score": 0.773,
					"keypoints": [
						896.304,
						475.911,
						0.96,
						905.347,
						466.858,
						0.97,
						889.54,
						468.698,
						0.93,
						923.405,
						471.412,
						0.88,
						882.355,
						476.098,
						0.26,
						947.802,
						530.288,
						0.86,
						867.953,
						530.303,
						0.91,
						971.513,
						591.579,
						0.91,
						849.487,
						588.969,
						0.82,
						989.049,
						651.24,
						0.9,
						846.5,
						647.725,
						0.87,
						937.582,
						662.082,
						0.74,
						886.92,
						666.144,
						0.66,
						937.054,
						750.637,
						0.79,
						887.796,
						752.282,
						0.78,
						930.329,
						820.498,
						0.88,
						887.8,
						826.007,
						0.85
					],
					"area": 17048.471,
					"b_score": 0.939,
					"object_id": 0
				}
			]
		},
		{
			"frame_num": 77,
			"objects": [
				{
					"category_id": 1,
					"bbox": [
						826.42,
						432.51,
						174.15,
						436.18
					],
					"score": 0.768,
					"keypoints": [
						896.821,
						475.823,
						0.94,
						905.889,
						468.5,
						0.98,
						889.12,
						469.628,
						0.93,
						924.003,
						471.315,
						0.88,
						883.034,
						477.6,
						0.27,
						947.706,
						530.254,
						0.87,
						868.961,
						530.266,
						0.92,
						970.962,
						592.558,
						0.89,
						852.791,
						589.085,
						0.85,
						988.664,
						652.315,
						0.91,
						847.149,
						648.108,
						0.86,
						937.957,
						662.036,
						0.73,
						887.588,
						664.63,
						0.66,
						937.629,
						751.463,
						0.78,
						888.062,
						752.48,
						0.78,
						929.827,
						820.755,
						0.89,
						888.167,
						828.175,
						0.85
					],
					"area": 17071.584,
					"b_score": 0.933,
					"object_id": 0
				}
			]
		},
		{
			"frame_num": 78,
			"objects": [
				{
					"category_id": 1,
					"bbox": [
						828.15,
						434.24,
						170.04,
						432.0
					],
					"score": 0.862,
					"keypoints": [
						897.061,
						478.062,
						1.0,
						906.103,
						470.106,
						1.0,
						888.844,
						470.759,
						1.0,
						924.174,
						473.449,
						1.0,
						883.407,
						479.098,
						0.31,
						949.289,
						530.539,
						0.96,
						867.74,
						530.526,
						1.0,
						968.469,
						593.185,
						0.99,
						854.719,
						591.147,
						0.96,
						987.884,
						652.427,
						0.99,
						845.161,
						648.035,
						1.0,
						937.942,
						661.834,
						0.78,
						886.133,
						663.541,
						0.78,
						936.054,
						749.913,
						0.85,
						888.197,
						752.13,
						0.87,
						931.756,
						819.845,
						0.96,
						888.3,
						825.599,
						0.94
					],
					"area": 16509.17,
					"b_score": 0.931,
					"object_id": 0
				}
			]
		},
		{
			"frame_num": 79,
			"objects": [
				{
					"category_id": 1,
					"bbox": [
						830.72,
						435.03,
						162.98,
						431.56
					],
					"score": 0.826,
					"keypoints": [
						898.693,
						479.782,
						1.0,
						907.723,
						471.403,
						1.0,
						890.124,
						471.761,
						1.0,
						925.772,
						475.154,
						0.95,
						883.235,
						480.347,
						0.31,
						949.774,
						530.985,
						0.91,
						868.458,
						530.946,
						1.0,
						966.728,
						595.894,
						0.94,
						855.322,
						592.644,
						0.87,
						986.991,
						655.809,
						0.91,
						846.191,
						651.255,
						0.96,
						937.541,
						663.691,
						0.77,
						886.675,
						664.62,
						0.74,
						936.388,
						750.644,
						0.83,
						887.935,
						752.067,
						0.83,
						932.126,
						819.608,
						0.91,
						887.885,
						824.632,
						0.9
					],
					"area": 15807.611,
					"b_score": 0.939,
					"object_id": 0
				}
			]
		},
		{
			"frame_num": 80,
			"objects": [
				{
					"category_id": 1,
					"bbox": [
						834.23,
						435.78,
						153.91,
						431.87
					],
					"score": 0.814,
					"keypoints": [
						897.415,
						481.148,
						1.0,
						908.232,
						472.506,
						1.0,
						890.455,
						472.688,
						1.0,
						926.261,
						476.532,
						0.97,
						882.722,
						481.434,
						0.27,
						949.631,
						531.582,
						0.95,
						868.455,
						531.524,
						0.95,
						966.993,
						597.798,
						0.98,
						857.267,
						593.885,
						0.8,
						981.101,
						657.556,
						0.94,
						851.672,
						652.995,
						0.86,
						936.919,
						665.238,
						0.78,
						886.586,
						665.685,
						0.71,
						936.218,
						751.493,
						0.87,
						887.403,
						752.374,
						0.79,
						931.759,
						820.021,
						0.93,
						887.126,
						824.785,
						0.86
					],
					"area": 14938.948,
					"b_score": 0.939,
					"object_id": 0
				}
			]
		},
		{
			"frame_num": 81,
			"objects": [
				{
					"category_id": 1,
					"bbox": [
						834.7,
						436.28,
						149.36,
						431.56
					],
					"score": 0.792,
					"keypoints": [
						897.7,
						482.151,
						0.97,
						907.784,
						473.353,
						1.0,
						889.942,
						473.439,
						0.98,
						925.789,
						477.558,
						0.91,
						881.744,
						482.284,
						0.2,
						948.816,
						532.122,
						0.89,
						867.767,
						532.058,
						0.95,
						966.465,
						599.001,
						0.95,
						855.456,
						592.835,
						0.85,
						977.098,
						658.37,
						0.9,
						852.61,
						653.831,
						0.86,
						935.888,
						664.474,
						0.74,
						885.854,
						666.498,
						0.7,
						935.465,
						752.143,
						0.82,
						888.045,
						752.675,
						0.77,
						930.624,
						820.344,
						0.91,
						888.185,
						824.972,
						0.85
					],
					"area": 14486.289,
					"b_score": 0.941,
					"object_id": 0
				}
			]
		}
	],
	"categories": [
		{
			"supercategory": "person",
			"id": 1,
			"name": "person",
			"keypoints": [
				"nose",
				"left_eye",
				"right_eye",
				"left_ear",
				"right_ear",
				"left_shoulder",
				"right_shoulder",
				"left_elbow",
				"right_elbow",
				"left_wrist",
				"right_wrist",
				"left_hip",
				"right_hip",
				"left_knee",
				"right_knee",
				"left_ankle",
				"right_ankle"
			],
			"skeleton": [
				[
					0,
					1
				],
				[
					0,
					2
				],
				[
					1,
					3
				],
				[
					2,
					4
				],
				[
					0,
					5
				],
				[
					0,
					6
				],
				[
					5,
					7
				],
				[
					6,
					8
				],
				[
					7,
					9
				],
				[
					8,
					10
				],
				[
					5,
					11
				],
				[
					6,
					12
				],
				[
					11,
					13
				],
				[
					12,
					14
				],
				[
					13,
					15
				],
				[
					14,
					16
				]
			]
		}
	]
}