{
	"info": {
		"description": "2D pose estimation outputs from Hawaii 2D Pose (based on MultiPoseNet)",
		"url": "",
		"version": "191128",
		"year": 2020,
		"contributor": "KakaoBrain-HumanCV",
		"date_created": "2020-01-15 21:24:56"
	},
	"video": {
		"path": "S008C002P034R002A026_rgb.avi",
		"width": 1920,
		"height": 1080,
		"original_length": 74,
		"fps": 30.0
	},
	"annotations": [
		{
			"frame_num": 0,
			"objects": [
				{
					"category_id": 1,
					"bbox": [
						879.14,
						431.66,
						181.31,
						486.34
					],
					"score": 0.916,
					"keypoints": [
						962.2,
						484.86,
						1.0,
						972.33,
						474.73,
						1.0,
						952.07,
						474.73,
						1.0,
						997.66,
						479.79,
						1.0,
						941.94,
						479.79,
						0.26,
						1022.99,
						545.65,
						0.94,
						916.61,
						540.58,
						1.0,
						1043.26,
						616.57,
						0.99,
						896.34,
						611.51,
						1.0,
						1048.32,
						677.37,
						1.0,
						891.28,
						672.3,
						1.0,
						997.66,
						697.63,
						0.82,
						941.94,
						697.63,
						0.83,
						1007.8,
						783.75,
						0.87,
						947.0,
						783.75,
						0.9,
						1007.8,
						864.81,
						0.93,
						947.0,
						859.74,
						1.0
					],
					"area": 19817.91,
					"b_score": 0.963,
					"object_id": 0
				}
			]
		},
		{
			"frame_num": 1,
			"objects": [
				{
					"category_id": 1,
					"bbox": [
						879.43,
						431.6,
						181.47,
						487.54
					],
					"score": 0.927,
					"keypoints": [
						962.321,
						484.881,
						1.0,
						972.462,
						474.744,
						1.0,
						952.184,
						474.744,
						1.0,
						997.812,
						479.811,
						1.0,
						943.965,
						479.811,
						0.24,
						1025.097,
						545.726,
						0.96,
						916.693,
						540.652,
						1.0,
						1043.451,
						616.708,
						1.0,
						896.406,
						611.642,
						1.0,
						1048.616,
						677.65,
						1.0,
						891.367,
						672.575,
						1.0,
						997.812,
						697.835,
						0.84,
						942.044,
						697.835,
						0.85,
						1007.959,
						784.033,
						0.89,
						947.111,
						784.033,
						0.92,
						1008.038,
						865.334,
						0.94,
						947.165,
						863.257,
						0.99
					],
					"area": 19884.638,
					"b_score": 0.963,
					"object_id": 0
				}
			]
		},
		{
			"frame_num": 2,
			"objects": [
				{
					"category_id": 1,
					"bbox": [
						879.28,
						431.72,
						181.55,
						486.63
					],
					"score": 0.93,
					"keypoints": [
						962.366,
						484.901,
						1.0,
						972.506,
						474.763,
						1.0,
						952.228,
						474.763,
						1.0,
						997.853,
						479.831,
						1.0,
						943.314,
						479.831,
						0.27,
						1026.375,
						545.741,
						0.96,
						916.74,
						540.669,
						1.0,
						1043.485,
						616.719,
						1.0,
						896.455,
						611.651,
						1.0,
						1048.618,
						677.604,
						1.0,
						891.425,
						672.536,
						1.0,
						999.771,
						697.837,
						0.85,
						942.087,
						697.837,
						0.85,
						1007.998,
						784.025,
						0.89,
						947.155,
						784.025,
						0.92,
						1008.055,
						865.223,
						0.95,
						947.204,
						864.351,
						0.99
					],
					"area": 19855.938,
					"b_score": 0.964,
					"object_id": 0
				}
			]
		},
		{
			"frame_num": 3,
			"objects": [
				{
					"category_id": 1,
					"bbox": [
						879.21,
						431.67,
						181.23,
						486.86
					],
					"score": 0.93,
					"keypoints": [
						962.315,
						484.908,
						1.0,
						972.459,
						474.769,
						1.0,
						952.177,
						474.769,
						1.0,
						997.807,
						479.838,
						1.0,
						942.83,
						479.838,
						0.33,
						1027.082,
						545.755,
						0.95,
						916.685,
						540.683,
						1.0,
						1043.445,
						616.74,
						1.0,
						896.402,
						611.672,
						1.0,
						1048.526,
						677.622,
						1.0,
						891.32,
						672.554,
						1.0,
						1000.958,
						697.866,
						0.84,
						942.037,
						697.866,
						0.85,
						1007.954,
						784.065,
						0.89,
						947.105,
						784.065,
						0.92,
						1007.96,
						865.253,
						0.94,
						947.104,
						864.894,
						0.98
					],
					"area": 19830.478,
					"b_score": 0.964,
					"object_id": 0
				}
			]
		},
		{
			"frame_num": 4,
			"objects": [
				{
					"category_id": 1,
					"bbox": [
						879.28,
						431.76,
						181.07,
						486.55
					],
					"score": 0.93,
					"keypoints": [
						962.279,
						484.933,
						1.0,
						974.322,
						474.793,
						1.0,
						952.143,
						474.793,
						1.0,
						997.767,
						479.863,
						1.0,
						942.522,
						479.863,
						0.44,
						1027.488,
						547.675,
						0.94,
						916.656,
						540.699,
						1.0,
						1043.399,
						616.744,
						1.0,
						896.377,
						611.675,
						1.0,
						1048.446,
						677.595,
						1.0,
						894.171,
						672.526,
						1.0,
						1001.674,
						697.857,
						0.84,
						942.003,
						697.857,
						0.85,
						1007.911,
						784.042,
						0.88,
						947.072,
						784.042,
						0.91,
						1007.893,
						865.169,
						0.93,
						947.056,
						862.363,
						0.98
					],
					"area": 19800.536,
					"b_score": 0.964,
					"object_id": 0
				}
			]
		},
		{
			"frame_num": 5,
			"objects": [
				{
					"category_id": 1,
					"bbox": [
						879.33,
						431.66,
						180.93,
						486.53
					],
					"score": 0.941,
					"keypoints": [
						962.248,
						484.914,
						1.0,
						975.519,
						474.775,
						1.0,
						952.111,
						474.775,
						1.0,
						997.73,
						479.844,
						1.0,
						942.314,
						479.844,
						0.5,
						1027.719,
						548.881,
						0.95,
						916.63,
						540.675,
						1.0,
						1043.358,
						616.711,
						1.0,
						896.351,
						611.642,
						1.0,
						1048.397,
						677.526,
						1.0,
						895.408,
						672.461,
						1.0,
						1002.095,
						697.816,
						0.84,
						941.975,
						697.816,
						0.85,
						1007.873,
						783.99,
						0.88,
						947.041,
						783.99,
						0.92,
						1007.846,
						865.072,
						0.95,
						947.017,
						863.8,
						0.98
					],
					"area": 19783.897,
					"b_score": 0.965,
					"object_id": 0
				}
			]
		},
		{
			"frame_num": 6,
			"objects": [
				{
					"category_id": 1,
					"bbox": [
						879.51,
						431.7,
						180.58,
						485.83
					],
					"score": 0.945,
					"keypoints": [
						962.235,
						484.889,
						1.0,
						976.261,
						474.756,
						1.0,
						952.104,
						474.756,
						1.0,
						997.696,
						479.822,
						1.0,
						942.191,
						479.822,
						0.57,
						1027.83,
						547.664,
						0.96,
						916.64,
						540.619,
						1.0,
						1043.297,
						616.611,
						1.0,
						896.374,
						611.545,
						1.0,
						1048.316,
						677.332,
						1.0,
						895.996,
						672.27,
						1.0,
						1002.331,
						697.669,
						0.84,
						941.97,
						697.669,
						0.86,
						1007.831,
						783.797,
						0.88,
						947.034,
						783.797,
						0.91,
						1007.796,
						864.723,
						0.94,
						947.019,
						864.129,
						0.99
					],
					"area": 19717.904,
					"b_score": 0.965,
					"object_id": 0
				}
			]
		},
		{
			"frame_num": 7,
			"objects": [
				{
					"category_id": 1,
					"bbox": [
						880.14,
						431.78,
						179.92,
						485.66
					],
					"score": 0.947,
					"keypoints": [
						962.33,
						484.893,
						1.0,
						976.832,
						474.764,
						1.0,
						952.203,
						474.764,
						1.0,
						997.776,
						479.828,
						1.0,
						942.222,
						479.828,
						0.62,
						1028.007,
						546.94,
						0.96,
						916.758,
						540.595,
						1.0,
						1043.353,
						616.549,
						1.0,
						896.505,
						611.485,
						1.0,
						1048.415,
						677.233,
						1.0,
						896.431,
						672.172,
						1.0,
						1002.588,
						697.566,
						0.84,
						942.077,
						697.566,
						0.86,
						1006.018,
						783.652,
						0.88,
						947.139,
						783.652,
						0.92,
						1007.921,
						864.512,
						0.94,
						947.184,
						864.233,
						0.99
					],
					"area": 19637.823,
					"b_score": 0.964,
					"object_id": 0
				}
			]
		},
		{
			"frame_num": 8,
			"objects": [
				{
					"category_id": 1,
					"bbox": [
						880.48,
						431.74,
						179.43,
						485.83
					],
					"score": 0.987,
					"keypoints": [
						964.346,
						484.888,
						1.0,
						975.308,
						474.763,
						1.0,
						952.299,
						474.763,
						1.0,
						995.988,
						479.826,
						1.0,
						942.27,
						479.826,
						0.71,
						1026.323,
						546.482,
						1.0,
						916.863,
						540.579,
						1.0,
						1043.431,
						616.518,
						1.0,
						896.614,
						611.455,
						1.0,
						1045.673,
						677.211,
						1.0,
						896.653,
						672.15,
						1.0,
						1000.925,
						697.519,
						0.86,
						942.175,
						697.519,
						0.9,
						1004.883,
						783.585,
						0.92,
						945.365,
						783.585,
						0.93,
						1005.186,
						867.31,
						0.96,
						947.306,
						864.345,
						1.0
					],
					"area": 19591.77,
					"b_score": 0.963,
					"object_id": 0
				}
			]
		},
		{
			"frame_num": 9,
			"objects": [
				{
					"category_id": 1,
					"bbox": [
						880.76,
						431.74,
						178.99,
						485.61
					],
					"score": 0.986,
					"keypoints": [
						965.678,
						484.875,
						1.0,
						974.415,
						474.752,
						1.0,
						952.386,
						474.752,
						1.0,
						994.841,
						479.813,
						1.0,
						942.325,
						479.813,
						0.72,
						1025.299,
						546.156,
						1.0,
						916.96,
						540.549,
						1.0,
						1043.49,
						616.467,
						1.0,
						896.718,
						611.405,
						1.0,
						1044.472,
						677.138,
						1.0,
						896.798,
						672.078,
						1.0,
						999.942,
						697.443,
						0.87,
						942.264,
						697.443,
						0.9,
						1004.193,
						783.485,
						0.93,
						944.232,
						783.485,
						0.93,
						1003.996,
						865.718,
						0.99,
						947.401,
						864.284,
						1.0
					],
					"area": 19534.15,
					"b_score": 0.964,
					"object_id": 0
				}
			]
		},
		{
			"frame_num": 10,
			"objects": [
				{
					"category_id": 1,
					"bbox": [
						880.91,
						431.6,
						179.19,
						485.24
					],
					"score": 0.995,
					"keypoints": [
						966.603,
						484.804,
						1.0,
						975.792,
						474.685,
						1.0,
						954.475,
						474.685,
						1.0,
						994.218,
						479.747,
						1.0,
						942.454,
						479.747,
						0.9,
						1024.685,
						547.696,
						1.0,
						917.125,
						540.452,
						1.0,
						1043.594,
						616.335,
						1.0,
						896.891,
						611.274,
						1.0,
						1044.079,
						676.93,
						1.0,
						897.029,
						674.694,
						1.0,
						999.363,
						697.273,
						0.87,
						942.417,
						697.273,
						0.9,
						1003.865,
						783.275,
						0.94,
						945.507,
						783.275,
						0.93,
						1003.631,
						864.677,
						0.99,
						947.589,
						864.008,
						1.0
					],
					"area": 19541.185,
					"b_score": 0.961,
					"object_id": 0
				}
			]
		},
		{
			"frame_num": 11,
			"objects": [
				{
					"category_id": 1,
					"bbox": [
						881.26,
						432.64,
						179.24,
						483.48
					],
					"score": 0.959,
					"keypoints": [
						967.316,
						485.053,
						1.0,
						976.813,
						474.951,
						1.0,
						955.996,
						474.951,
						1.0,
						995.797,
						481.927,
						1.0,
						942.708,
						480.005,
						0.89,
						1026.155,
						548.954,
						0.98,
						919.407,
						542.517,
						1.0,
						1043.705,
						616.379,
						1.0,
						899.211,
						613.2,
						1.0,
						1046.575,
						676.914,
						1.0,
						897.496,
						675.965,
						1.0,
						1000.905,
						699.038,
						0.84,
						944.649,
						697.191,
						0.86,
						1005.595,
						783.056,
						0.9,
						946.442,
						784.882,
						0.94,
						1003.625,
						863.894,
						0.94,
						947.922,
						863.614,
						1.0
					],
					"area": 19476.456,
					"b_score": 0.961,
					"object_id": 0
				}
			]
		},
		{
			"frame_num": 12,
			"objects": [
				{
					"category_id": 1,
					"bbox": [
						882.16,
						433.39,
						178.61,
						483.49
					],
					"score": 0.995,
					"keypoints": [
						967.985,
						485.484,
						1.0,
						979.869,
						475.394,
						1.0,
						957.172,
						475.394,
						1.0,
						996.971,
						483.66,
						1.0,
						943.083,
						480.443,
						1.0,
						1027.366,
						550.056,
						1.0,
						921.114,
						544.176,
						1.0,
						1043.983,
						616.67,
						1.0,
						898.919,
						614.775,
						1.0,
						1045.458,
						680.211,
						1.0,
						898.028,
						676.953,
						1.0,
						1002.157,
						700.51,
						0.86,
						944.315,
						697.402,
						0.88,
						1006.872,
						783.185,
						0.92,
						947.289,
						786.25,
						0.94,
						1003.941,
						863.951,
						0.97,
						948.392,
						863.814,
						1.0
					],
					"area": 19408.783,
					"b_score": 0.959,
					"object_id": 0
				}
			]
		},
		{
			"frame_num": 13,
			"objects": [
				{
					"category_id": 1,
					"bbox": [
						882.76,
						434.6,
						179.05,
						481.28
					],
					"score": 0.945,
					"keypoints": [
						970.963,
						486.123,
						1.0,
						982.044,
						478.086,
						1.0,
						958.247,
						478.086,
						1.0,
						1000.085,
						485.139,
						1.0,
						945.699,
						483.117,
						0.96,
						1028.362,
						551.003,
						0.96,
						922.597,
						545.493,
						1.0,
						1046.316,
						616.993,
						1.0,
						901.234,
						615.909,
						1.0,
						1047.935,
						681.707,
						1.0,
						898.927,
						677.415,
						1.0,
						1003.221,
						701.421,
						0.85,
						946.498,
						697.539,
						0.84,
						1007.983,
						783.13,
						0.87,
						948.198,
						785.091,
						0.93,
						1004.437,
						863.566,
						0.92,
						949.124,
						863.519,
						1.0
					],
					"area": 19367.458,
					"b_score": 0.959,
					"object_id": 0
				}
			]
		},
		{
			"frame_num": 14,
			"objects": [
				{
					"category_id": 1,
					"bbox": [
						884.34,
						435.67,
						178.02,
						479.94
					],
					"score": 0.932,
					"keypoints": [
						973.179,
						486.889,
						1.0,
						983.753,
						480.202,
						1.0,
						961.655,
						480.202,
						1.0,
						1002.507,
						486.42,
						1.0,
						947.849,
						485.218,
						0.95,
						1029.35,
						551.885,
						0.93,
						926.328,
						546.604,
						1.0,
						1048.171,
						617.407,
						0.98,
						903.2,
						616.827,
						1.0,
						1049.603,
						682.551,
						0.99,
						903.256,
						680.966,
						1.0,
						1004.278,
						702.11,
						0.85,
						948.333,
						697.748,
						0.83,
						1009.08,
						783.13,
						0.85,
						949.224,
						784.413,
						0.92,
						1005.16,
						860.337,
						0.92,
						950.097,
						863.312,
						0.99
					],
					"area": 19202.548,
					"b_score": 0.957,
					"object_id": 0
				}
			]
		},
		{
			"frame_num": 15,
			"objects": [
				{
					"category_id": 1,
					"bbox": [
						885.29,
						437.87,
						179.72,
						478.35
					],
					"score": 0.963,
					"keypoints": [
						975.248,
						490.34,
						1.0,
						985.52,
						482.381,
						1.0,
						964.463,
						482.381,
						1.0,
						1004.713,
						488.058,
						1.0,
						949.97,
						487.378,
						0.96,
						1030.622,
						555.459,
						1.0,
						929.378,
						548.047,
						0.99,
						1049.964,
						620.327,
						1.0,
						905.263,
						618.047,
						1.0,
						1048.417,
						683.724,
						1.0,
						903.041,
						683.216,
						0.98,
						1003.612,
						703.065,
						0.91,
						948.093,
						698.364,
						0.86,
						1008.51,
						785.382,
						0.91,
						946.994,
						786.192,
						0.94,
						1003.747,
						862.274,
						0.95,
						948.864,
						863.614,
						0.98
					],
					"area": 19321.222,
					"b_score": 0.958,
					"object_id": 0
				}
			]
		},
		{
			"frame_num": 16,
			"objects": [
				{
					"category_id": 1,
					"bbox": [
						883.46,
						440.04,
						186.64,
						476.34
					],
					"score": 0.965,
					"keypoints": [
						979.656,
						491.096,
						1.0,
						989.709,
						482.308,
						1.0,
						969.347,
						482.308,
						1.0,
						1009.093,
						487.683,
						1.0,
						954.405,
						489.517,
						1.0,
						1034.251,
						555.979,
						0.96,
						934.495,
						547.498,
						1.0,
						1053.95,
						620.655,
						1.0,
						907.318,
						617.295,
						1.0,
						1054.864,
						688.128,
						1.0,
						901.261,
						681.712,
						1.0,
						1003.789,
						702.083,
						0.86,
						948.669,
						699.168,
						0.87,
						1008.703,
						787.152,
						0.91,
						944.106,
						785.718,
						1.0,
						1006.646,
						863.305,
						0.93,
						949.196,
						861.208,
						1.0
					],
					"area": 19981.063,
					"b_score": 0.956,
					"object_id": 0
				}
			]
		},
		{
			"frame_num": 17,
			"objects": [
				{
					"category_id": 1,
					"bbox": [
						879.18,
						442.82,
						194.58,
						474.96
					],
					"score": 1.031,
					"keypoints": [
						981.759,
						495.014,
						1.0,
						991.707,
						485.726,
						1.0,
						971.682,
						485.726,
						1.0,
						1008.875,
						490.871,
						1.0,
						956.681,
						491.955,
						1.0,
						1036.095,
						557.37,
						1.0,
						936.969,
						550.424,
						1.0,
						1055.891,
						623.987,
						1.0,
						908.389,
						619.914,
						1.0,
						1056.93,
						691.101,
						1.0,
						894.48,
						682.339,
						1.0,
						1003.747,
						704.33,
						0.91,
						947.0,
						700.479,
						0.92,
						1008.672,
						789.007,
						0.95,
						939.886,
						786.068,
						1.0,
						1005.114,
						864.67,
						1.0,
						949.225,
						858.023,
						1.0
					],
					"area": 20769.884,
					"b_score": 0.955,
					"object_id": 0
				}
			]
		},
		{
			"frame_num": 18,
			"objects": [
				{
					"category_id": 1,
					"bbox": [
						875.24,
						443.08,
						210.48,
						471.13
					],
					"score": 0.973,
					"keypoints": [
						984.85,
						497.106,
						1.0,
						994.694,
						487.569,
						1.0,
						974.943,
						487.569,
						1.0,
						1012.961,
						495.007,
						1.0,
						959.962,
						495.628,
						1.0,
						1038.788,
						560.134,
						1.0,
						940.458,
						551.799,
						1.0,
						1058.567,
						625.363,
						1.0,
						908.804,
						618.846,
						1.0,
						1067.078,
						690.98,
						1.0,
						891.483,
						679.19,
						1.0,
						1003.306,
						707.054,
						0.87,
						945.802,
						700.576,
						0.9,
						1010.103,
						789.029,
						0.88,
						937.136,
						785.392,
						0.98,
						1003.719,
						863.651,
						0.98,
						948.891,
						847.651,
						1.0
					],
					"area": 22286.466,
					"b_score": 0.947,
					"object_id": 0
				}
			]
		},
		{
			"frame_num": 19,
			"objects": [
				{
					"category_id": 1,
					"bbox": [
						867.85,
						442.28,
						238.18,
						468.29
					],
					"score": 0.988,
					"keypoints": [
						987.173,
						497.689,
						1.0,
						996.951,
						488.051,
						1.0,
						977.37,
						488.051,
						1.0,
						1015.792,
						496.628,
						1.0,
						962.494,
						496.962,
						1.0,
						1040.822,
						558.712,
						1.0,
						943.097,
						551.9,
						1.0,
						1063.046,
						625.292,
						1.0,
						907.79,
						615.904,
						1.0,
						1078.313,
						689.568,
						1.0,
						888.561,
						672.997,
						1.0,
						1003.569,
						707.523,
						0.87,
						945.688,
						698.101,
						0.87,
						1009.647,
						789.87,
						0.88,
						936.494,
						785.674,
						0.89,
						1003.875,
						863.951,
						1.0,
						949.676,
						838.357,
						1.0
					],
					"area": 25067.603,
					"b_score": 0.946,
					"object_id": 0
				}
			]
		},
		{
			"frame_num": 20,
			"objects": [
				{
					"category_id": 1,
					"bbox": [
						862.56,
						438.82,
						256.33,
						469.7
					],
					"score": 0.993,
					"keypoints": [
						990.303,
						496.541,
						1.0,
						1000.055,
						486.849,
						1.0,
						980.539,
						486.849,
						1.0,
						1019.233,
						493.774,
						1.0,
						965.688,
						492.028,
						1.0,
						1043.862,
						556.705,
						1.0,
						943.688,
						547.263,
						1.0,
						1070.221,
						620.772,
						1.0,
						906.686,
						608.056,
						1.0,
						1092.099,
						681.687,
						1.0,
						883.186,
						657.482,
						1.0,
						1003.342,
						703.211,
						0.88,
						945.187,
						693.0,
						0.89,
						1010.856,
						787.578,
						0.82,
						935.567,
						778.618,
						0.89,
						1003.372,
						862.939,
						1.0,
						949.39,
						822.473,
						1.0
					],
					"area": 27058.794,
					"b_score": 0.95,
					"object_id": 0
				}
			]
		},
		{
			"frame_num": 21,
			"objects": [
				{
					"category_id": 1,
					"bbox": [
						858.74,
						431.22,
						262.35,
						479.32
					],
					"score": 0.988,
					"keypoints": [
						994.089,
						493.448,
						1.0,
						1003.945,
						483.683,
						1.0,
						984.237,
						483.683,
						1.0,
						1020.835,
						488.438,
						1.0,
						969.24,
						487.381,
						1.0,
						1045.579,
						551.944,
						1.0,
						943.084,
						539.199,
						1.0,
						1077.015,
						610.639,
						1.0,
						905.104,
						595.144,
						1.0,
						1100.11,
						668.86,
						1.0,
						879.311,
						642.743,
						0.99,
						1004.913,
						694.554,
						0.85,
						946.012,
						683.23,
						0.85,
						1009.585,
						784.092,
						0.84,
						934.161,
						771.138,
						0.85,
						1002.838,
						863.029,
						1.0,
						951.106,
						811.108,
						1.0
					],
					"area": 28261.745,
					"b_score": 0.964,
					"object_id": 0
				}
			]
		},
		{
			"frame_num": 22,
			"objects": [
				{
					"category_id": 1,
					"bbox": [
						852.4,
						420.9,
						277.34,
						490.74
					],
					"score": 1.005,
					"keypoints": [
						996.576,
						490.401,
						1.0,
						1006.624,
						480.402,
						1.0,
						986.536,
						480.402,
						1.0,
						1022.601,
						485.044,
						1.0,
						968.639,
						482.006,
						1.0,
						1045.176,
						544.811,
						1.0,
						942.8,
						532.658,
						1.0,
						1078.976,
						601.04,
						1.0,
						903.855,
						578.106,
						1.0,
						1104.778,
						653.216,
						1.0,
						873.348,
						626.733,
						1.0,
						1004.511,
						683.961,
						0.89,
						944.78,
						669.242,
						0.85,
						1007.529,
						775.713,
						0.91,
						933.3,
						756.697,
						0.85,
						1003.376,
						856.695,
						1.0,
						952.027,
						795.095,
						1.0
					],
					"area": 30588.645,
					"b_score": 0.968,
					"object_id": 0
				}
			]
		},
		{
			"frame_num": 23,
			"objects": [
				{
					"category_id": 1,
					"bbox": [
						847.44,
						409.99,
						287.65,
						502.26
					],
					"score": 1.032,
					"keypoints": [
						995.192,
						481.14,
						1.0,
						1008.193,
						473.576,
						1.0,
						987.66,
						473.576,
						1.0,
						1023.959,
						478.227,
						1.0,
						968.186,
						473.651,
						1.0,
						1045.662,
						533.072,
						1.0,
						942.217,
						521.366,
						1.0,
						1078.226,
						589.009,
						1.0,
						902.374,
						562.684,
						1.0,
						1108.02,
						640.902,
						1.0,
						873.487,
						609.806,
						1.0,
						1004.447,
						672.502,
						0.89,
						943.589,
						656.338,
						0.89,
						1004.118,
						766.422,
						0.95,
						932.292,
						741.388,
						0.93,
						1000.924,
						853.738,
						1.0,
						949.267,
						786.084,
						1.0
					],
					"area": 32470.744,
					"b_score": 0.964,
					"object_id": 0
				}
			]
		},
		{
			"frame_num": 24,
			"objects": [
				{
					"category_id": 1,
					"bbox": [
						840.53,
						406.16,
						300.07,
						503.07
					],
					"score": 0.972,
					"keypoints": [
						994.199,
						470.639,
						1.0,
						1008.561,
						464.642,
						1.0,
						987.806,
						461.569,
						1.0,
						1024.289,
						469.421,
						1.0,
						967.61,
						464.062,
						1.0,
						1045.628,
						521.899,
						0.98,
						941.565,
						510.666,
						1.0,
						1077.6,
						578.265,
						1.0,
						898.822,
						551.125,
						1.0,
						1104.52,
						626.961,
						1.0,
						869.226,
						599.592,
						0.97,
						1002.317,
						662.063,
						0.84,
						942.511,
						649.053,
						0.79,
						999.161,
						759.963,
						0.86,
						931.379,
						736.642,
						0.84,
						996.027,
						850.601,
						0.94,
						947.444,
						777.523,
						0.97
					],
					"area": 33927.167,
					"b_score": 0.966,
					"object_id": 0
				}
			]
		},
		{
			"frame_num": 25,
			"objects": [
				{
					"category_id": 1,
					"bbox": [
						840.32,
						404.65,
						299.89,
						502.94
					],
					"score": 1.016,
					"keypoints": [
						996.149,
						467.576,
						1.0,
						1008.581,
						462.081,
						1.0,
						987.727,
						460.573,
						1.0,
						1024.304,
						467.064,
						1.0,
						969.704,
						461.67,
						1.0,
						1045.466,
						519.259,
						1.0,
						941.092,
						508.425,
						1.0,
						1077.148,
						576.261,
						1.0,
						896.473,
						546.135,
						1.0,
						1107.14,
						627.227,
						1.0,
						863.989,
						600.807,
						0.98,
						1000.732,
						660.096,
						0.9,
						941.72,
						645.325,
						0.86,
						996.197,
						756.116,
						0.92,
						930.761,
						733.856,
						0.87,
						994.014,
						848.445,
						1.0,
						946.465,
						770.401,
						1.0
					],
					"area": 33898.261,
					"b_score": 0.969,
					"object_id": 0
				}
			]
		},
		{
			"frame_num": 26,
			"objects": [
				{
					"category_id": 1,
					"bbox": [
						838.64,
						404.77,
						301.19,
						503.55
					],
					"score": 1.017,
					"keypoints": [
						996.615,
						468.98,
						1.0,
						1008.093,
						460.94,
						1.0,
						987.179,
						460.2,
						1.0,
						1023.843,
						466.048,
						1.0,
						970.267,
						460.692,
						1.0,
						1044.959,
						521.188,
						1.0,
						940.374,
						507.641,
						1.0,
						1076.477,
						575.664,
						1.0,
						894.585,
						544.619,
						1.0,
						1103.682,
						627.578,
						1.0,
						861.67,
						601.321,
						0.93,
						999.297,
						659.56,
						0.9,
						940.792,
						644.176,
						0.87,
						991.401,
						754.722,
						0.91,
						927.38,
						733.105,
						0.92,
						985.159,
						851.347,
						1.0,
						945.412,
						773.645,
						0.99
					],
					"area": 34085.761,
					"b_score": 0.976,
					"object_id": 0
				}
			]
		},
		{
			"frame_num": 27,
			"objects": [
				{
					"category_id": 1,
					"bbox": [
						835.85,
						407.88,
						302.25,
						507.36
					],
					"score": 0.985,
					"keypoints": [
						998.377,
						468.821,
						1.0,
						1009.404,
						459.494,
						1.0,
						988.373,
						456.327,
						1.0,
						1025.157,
						464.677,
						1.0,
						971.954,
						459.312,
						1.0,
						1046.198,
						521.359,
						0.97,
						938.935,
						506.524,
						1.0,
						1077.942,
						574.917,
						1.0,
						892.116,
						543.38,
						1.0,
						1105.157,
						627.307,
						0.98,
						858.709,
						600.913,
						1.0,
						999.641,
						659.197,
						0.82,
						941.28,
						646.598,
						0.81,
						987.76,
						757.12,
						0.9,
						926.819,
						735.999,
						0.82,
						980.823,
						853.099,
						0.95,
						943.391,
						785.542,
						1.0
					],
					"area": 34464.663,
					"b_score": 0.97,
					"object_id": 0
				}
			]
		},
		{
			"frame_num": 28,
			"objects": [
				{
					"category_id": 1,
					"bbox": [
						835.5,
						413.3,
						297.9,
						504.12
					],
					"score": 1.036,
					"keypoints": [
						997.991,
						473.321,
						1.0,
						1011.345,
						463.602,
						1.0,
						990.321,
						461.939,
						1.0,
						1024.548,
						468.858,
						1.0,
						971.651,
						463.723,
						1.0,
						1045.611,
						526.214,
						1.0,
						939.283,
						511.269,
						1.0,
						1077.183,
						582.248,
						1.0,
						889.847,
						551.668,
						1.0,
						1103.545,
						636.424,
						1.0,
						856.662,
						607.323,
						1.0,
						998.826,
						666.295,
						0.91,
						940.703,
						654.904,
						0.88,
						984.65,
						762.081,
						0.91,
						922.857,
						744.027,
						0.87,
						977.808,
						858.382,
						1.0,
						937.597,
						799.848,
						0.99
					],
					"area": 33751.299,
					"b_score": 0.975,
					"object_id": 0
				}
			]
		},
		{
			"frame_num": 29,
			"objects": [
				{
					"category_id": 1,
					"bbox": [
						833.58,
						423.81,
						291.6,
						493.4
					],
					"score": 0.992,
					"keypoints": [
						1000.189,
						477.034,
						1.0,
						1012.053,
						468.955,
						1.0,
						991.256,
						466.236,
						1.0,
						1026.253,
						472.529,
						1.0,
						974.139,
						467.579,
						1.0,
						1044.795,
						529.732,
						1.0,
						939.909,
						517.054,
						1.0,
						1075.958,
						588.339,
						1.0,
						889.659,
						558.696,
						1.0,
						1101.566,
						649.639,
						1.0,
						857.964,
						612.867,
						1.0,
						998.248,
						671.581,
						0.82,
						940.756,
						660.762,
						0.79,
						985.875,
						767.436,
						0.85,
						921.587,
						750.882,
						0.97,
						977.124,
						861.347,
						1.0,
						936.363,
						824.545,
						1.0
					],
					"area": 32335.56,
					"b_score": 0.974,
					"object_id": 0
				}
			]
		},
		{
			"frame_num": 30,
			"objects": [
				{
					"category_id": 1,
					"bbox": [
						836.32,
						434.89,
						281.83,
						487.43
					],
					"score": 0.971,
					"keypoints": [
						1000.142,
						486.125,
						1.0,
						1011.198,
						477.104,
						1.0,
						993.109,
						472.829,
						1.0,
						1028.292,
						480.873,
						1.0,
						974.404,
						475.421,
						1.0,
						1045.2,
						536.937,
						1.0,
						941.726,
						525.04,
						1.0,
						1073.948,
						596.48,
						1.0,
						891.313,
						568.931,
						1.0,
						1098.975,
						665.228,
						0.98,
						857.936,
						627.637,
						0.94,
						998.952,
						678.736,
						0.82,
						940.13,
						666.258,
						0.81,
						985.368,
						773.445,
						0.88,
						920.239,
						757.072,
						0.96,
						975.464,
						866.354,
						1.0,
						927.59,
						848.329,
						1.0
					],
					"area": 30874.17,
					"b_score": 0.96,
					"object_id": 0
				}
			]
		},
		{
			"frame_num": 31,
			"objects": [
				{
					"category_id": 1,
					"bbox": [
						846.2,
						439.98,
						257.75,
						483.76
					],
					"score": 0.976,
					"keypoints": [
						1001.403,
						494.433,
						1.0,
						1011.982,
						484.792,
						1.0,
						992.917,
						479.745,
						1.0,
						1028.147,
						489.011,
						1.0,
						975.922,
						483.524,
						1.0,
						1046.437,
						547.128,
						0.97,
						941.973,
						533.368,
						1.0,
						1070.175,
						607.243,
						0.99,
						893.569,
						582.634,
						1.0,
						1088.828,
						675.969,
						0.99,
						862.792,
						643.616,
						1.0,
						998.489,
						691.297,
						0.84,
						940.952,
						676.797,
						0.87,
						986.459,
						781.323,
						0.89,
						921.149,
						765.383,
						0.98,
						976.847,
						869.333,
						0.99,
						919.925,
						867.092,
						1.0
					],
					"area": 28023.645,
					"b_score": 0.949,
					"object_id": 0
				}
			]
		},
		{
			"frame_num": 32,
			"objects": [
				{
					"category_id": 1,
					"bbox": [
						861.22,
						445.0,
						225.67,
						478.53
					],
					"score": 0.958,
					"keypoints": [
						1001.439,
						501.242,
						1.0,
						1011.739,
						491.353,
						1.0,
						992.264,
						488.897,
						1.0,
						1027.369,
						495.908,
						1.0,
						976.216,
						490.563,
						1.0,
						1046.397,
						557.895,
						1.0,
						941.845,
						543.175,
						1.0,
						1066.721,
						617.908,
						1.0,
						896.405,
						595.85,
						1.0,
						1079.934,
						680.373,
						0.99,
						871.569,
						653.78,
						1.0,
						997.703,
						699.496,
						0.85,
						941.213,
						684.377,
						0.85,
						986.487,
						786.39,
						0.89,
						921.412,
						770.911,
						0.92,
						976.659,
						870.556,
						0.96,
						913.854,
						874.62,
						0.99
					],
					"area": 24270.681,
					"b_score": 0.949,
					"object_id": 0
				}
			]
		},
		{
			"frame_num": 33,
			"objects": [
				{
					"category_id": 1,
					"bbox": [
						874.89,
						443.43,
						204.75,
						478.58
					],
					"score": 0.904,
					"keypoints": [
						1002.968,
						503.636,
						1.0,
						1013.084,
						493.68,
						1.0,
						993.407,
						492.554,
						1.0,
						1028.372,
						498.443,
						1.0,
						975.566,
						493.256,
						1.0,
						1047.737,
						562.111,
						0.93,
						943.111,
						547.147,
						0.96,
						1065.843,
						622.035,
						0.91,
						902.092,
						598.361,
						1.0,
						1072.286,
						676.71,
						0.96,
						888.886,
						654.92,
						0.94,
						996.496,
						702.543,
						0.79,
						942.47,
						690.14,
						0.8,
						989.901,
						788.154,
						0.86,
						922.94,
						772.937,
						0.86,
						975.471,
						867.073,
						0.92,
						914.637,
						874.644,
						0.96
					],
					"area": 22023.225,
					"b_score": 0.951,
					"object_id": 0
				}
			]
		},
		{
			"frame_num": 34,
			"objects": [
				{
					"category_id": 1,
					"bbox": [
						878.73,
						439.44,
						197.59,
						480.08
					],
					"score": 0.896,
					"keypoints": [
						1003.936,
						500.335,
						1.0,
						1013.979,
						490.398,
						1.0,
						994.159,
						489.763,
						1.0,
						1029.113,
						495.291,
						1.0,
						975.325,
						490.231,
						1.0,
						1046.65,
						559.441,
						0.86,
						941.888,
						542.221,
						0.96,
						1063.391,
						619.396,
						0.88,
						905.662,
						595.115,
						0.99,
						1066.924,
						670.568,
						0.95,
						901.343,
						652.819,
						0.92,
						995.899,
						702.254,
						0.81,
						941.591,
						691.113,
						0.76,
						989.954,
						787.593,
						0.82,
						921.65,
						772.482,
						0.87,
						975.192,
						870.156,
						0.95,
						914.895,
						872.605,
						0.98
					],
					"area": 21319.145,
					"b_score": 0.948,
					"object_id": 0
				}
			]
		},
		{
			"frame_num": 35,
			"objects": [
				{
					"category_id": 1,
					"bbox": [
						881.08,
						432.84,
						194.91,
						481.25
					],
					"score": 0.937,
					"keypoints": [
						1002.664,
						496.003,
						1.0,
						1014.969,
						486.099,
						1.0,
						995.046,
						483.701,
						1.0,
						1030.035,
						491.063,
						1.0,
						975.633,
						486.084,
						1.0,
						1046.476,
						553.224,
						0.93,
						941.522,
						537.34,
						0.99,
						1062.478,
						613.219,
						1.0,
						908.081,
						588.859,
						1.0,
						1066.446,
						658.568,
						0.99,
						904.786,
						645.47,
						1.0,
						993.84,
						695.034,
						0.8,
						939.376,
						684.249,
						0.77,
						988.305,
						782.769,
						0.84,
						918.991,
						765.976,
						0.91,
						975.692,
						865.645,
						1.0,
						918.672,
						858.696,
						0.99
					],
					"area": 21080.744,
					"b_score": 0.952,
					"object_id": 0
				}
			]
		},
		{
			"frame_num": 36,
			"objects": [
				{
					"category_id": 1,
					"bbox": [
						880.58,
						423.71,
						199.32,
						489.14
					],
					"score": 0.921,
					"keypoints": [
						1002.887,
						489.21,
						1.0,
						1016.591,
						481.241,
						1.0,
						996.455,
						477.571,
						1.0,
						1031.726,
						486.27,
						1.0,
						976.536,
						478.842,
						1.0,
						1047.505,
						547.83,
						0.9,
						941.714,
						529.85,
						1.0,
						1063.229,
						604.245,
						0.98,
						907.31,
						583.748,
						1.0,
						1064.934,
						645.532,
						0.94,
						902.222,
						636.416,
						0.93,
						993.476,
						688.187,
						0.81,
						938.398,
						677.878,
						0.78,
						983.367,
						777.369,
						0.8,
						917.864,
						758.433,
						0.91,
						976.82,
						862.01,
						0.96,
						920.417,
						847.178,
						0.98
					],
					"area": 21911.427,
					"b_score": 0.964,
					"object_id": 0
				}
			]
		},
		{
			"frame_num": 37,
			"objects": [
				{
					"category_id": 1,
					"bbox": [
						877.11,
						415.58,
						206.22,
						498.66
					],
					"score": 0.937,
					"keypoints": [
						1005.602,
						480.46,
						1.0,
						1017.802,
						474.207,
						1.0,
						997.359,
						469.425,
						1.0,
						1033.124,
						479.3,
						1.0,
						979.425,
						469.854,
						1.0,
						1048.679,
						541.441,
						0.94,
						943.646,
						521.29,
						1.0,
						1066.068,
						594.905,
						1.0,
						908.572,
						574.669,
						1.0,
						1068.948,
						638.807,
						1.0,
						904.141,
						625.633,
						0.96,
						993.365,
						678.607,
						0.83,
						937.45,
						668.451,
						0.76,
						983.116,
						772.7,
						0.8,
						916.671,
						752.442,
						0.87,
						977.258,
						860.648,
						0.94,
						926.328,
						834.094,
						0.94
					],
					"area": 23111.927,
					"b_score": 0.964,
					"object_id": 0
				}
			]
		},
		{
			"frame_num": 38,
			"objects": [
				{
					"category_id": 1,
					"bbox": [
						870.57,
						411.31,
						214.38,
						501.97
					],
					"score": 0.963,
					"keypoints": [
						1006.019,
						476.066,
						1.0,
						1017.424,
						470.521,
						1.0,
						996.775,
						465.341,
						1.0,
						1032.916,
						475.68,
						1.0,
						979.855,
						465.448,
						1.0,
						1048.546,
						535.596,
						1.0,
						943.696,
						514.493,
						1.0,
						1067.183,
						590.73,
						1.0,
						904.029,
						567.475,
						1.0,
						1069.144,
						638.774,
						1.0,
						896.379,
						623.884,
						1.0,
						992.288,
						674.461,
						0.88,
						935.698,
						661.412,
						0.84,
						984.203,
						771.322,
						0.82,
						911.985,
						747.988,
						0.95,
						976.062,
						859.284,
						0.97,
						924.532,
						829.018,
						0.96
					],
					"area": 24185.353,
					"b_score": 0.95,
					"object_id": 0
				}
			]
		},
		{
			"frame_num": 39,
			"objects": [
				{
					"category_id": 1,
					"bbox": [
						865.53,
						411.69,
						219.17,
						500.18
					],
					"score": 0.912,
					"keypoints": [
						1007.378,
						471.102,
						1.0,
						1018.322,
						465.939,
						1.0,
						997.577,
						460.57,
						1.0,
						1033.868,
						473.766,
						1.0,
						981.268,
						463.308,
						1.0,
						1049.421,
						532.352,
						0.94,
						944.834,
						511.136,
						0.99,
						1068.805,
						591.071,
						1.0,
						902.456,
						560.793,
						1.0,
						1070.545,
						644.991,
						0.93,
						892.596,
						623.091,
						0.99,
						992.726,
						672.039,
						0.82,
						935.84,
						654.63,
						0.79,
						985.817,
						770.136,
						0.85,
						913.492,
						742.464,
						0.9,
						979.827,
						854.555,
						0.89,
						928.213,
						826.809,
						0.93
					],
					"area": 24637.459,
					"b_score": 0.944,
					"object_id": 0
				}
			]
		},
		{
			"frame_num": 40,
			"objects": [
				{
					"category_id": 1,
					"bbox": [
						859.28,
						413.64,
						226.14,
						501.26
					],
					"score": 0.941,
					"keypoints": [
						1009.312,
						469.758,
						1.0,
						1020.001,
						461.909,
						1.0,
						999.171,
						456.493,
						1.0,
						1035.59,
						471.217,
						1.0,
						983.209,
						460.619,
						1.0,
						1051.069,
						529.124,
						0.97,
						946.551,
						510.675,
						0.97,
						1068.859,
						592.314,
						1.0,
						900.296,
						558.894,
						0.98,
						1072.511,
						648.402,
						0.98,
						888.918,
						620.947,
						1.0,
						993.944,
						669.432,
						0.84,
						936.855,
						655.564,
						0.77,
						987.635,
						770.63,
						0.84,
						915.273,
						743.825,
						0.89,
						983.167,
						854.746,
						0.93,
						931.287,
						828.121,
						0.96
					],
					"area": 25476.494,
					"b_score": 0.949,
					"object_id": 0
				}
			]
		},
		{
			"frame_num": 41,
			"objects": [
				{
					"category_id": 1,
					"bbox": [
						852.33,
						419.42,
						234.83,
						500.94
					],
					"score": 0.956,
					"keypoints": [
						1009.115,
						474.196,
						1.0,
						1019.691,
						465.233,
						1.0,
						998.846,
						460.02,
						1.0,
						1035.313,
						474.779,
						1.0,
						983.017,
						464.502,
						1.0,
						1050.882,
						534.717,
						0.97,
						946.429,
						515.499,
						0.99,
						1069.877,
						597.1,
						1.0,
						897.787,
						560.925,
						1.0,
						1071.956,
						660.857,
						0.96,
						878.189,
						626.535,
						1.0,
						993.662,
						673.238,
						0.87,
						936.449,
						660.916,
						0.81,
						989.573,
						773.002,
						0.87,
						915.132,
						749.067,
						0.99,
						982.948,
						857.858,
						0.98,
						930.883,
						828.718,
						1.0
					],
					"area": 26437.739,
					"b_score": 0.95,
					"object_id": 0
				}
			]
		},
		{
			"frame_num": 42,
			"objects": [
				{
					"category_id": 1,
					"bbox": [
						847.73,
						428.06,
						237.49,
						494.58
					],
					"score": 0.911,
					"keypoints": [
						1009.637,
						479.232,
						1.0,
						1020.086,
						471.569,
						1.0,
						999.342,
						466.702,
						1.0,
						1035.63,
						479.267,
						1.0,
						983.696,
						470.912,
						1.0,
						1051.133,
						542.034,
						0.93,
						949.63,
						521.942,
						0.94,
						1070.749,
						604.977,
						1.0,
						897.441,
						568.736,
						1.0,
						1072.029,
						677.516,
						0.98,
						873.269,
						636.086,
						0.9,
						994.101,
						680.196,
						0.8,
						937.095,
						665.52,
						0.78,
						991.558,
						775.861,
						0.8,
						916.131,
						753.157,
						0.92,
						983.864,
						864.2,
						0.96,
						932.154,
						833.639,
						0.97
					],
					"area": 26398.91,
					"b_score": 0.946,
					"object_id": 0
				}
			]
		},
		{
			"frame_num": 43,
			"objects": [
				{
					"category_id": 1,
					"bbox": [
						846.31,
						436.43,
						238.41,
						486.77
					],
					"score": 0.975,
					"keypoints": [
						1009.186,
						487.981,
						1.0,
						1019.511,
						479.18,
						1.0,
						998.968,
						473.929,
						1.0,
						1034.923,
						488.387,
						1.0,
						983.502,
						479.018,
						1.0,
						1050.357,
						553.537,
						1.0,
						948.832,
						529.989,
						1.0,
						1070.256,
						618.865,
						1.0,
						897.289,
						577.973,
						1.0,
						1070.579,
						693.338,
						0.99,
						868.544,
						647.282,
						1.0,
						993.835,
						690.575,
						0.87,
						939.026,
						672.297,
						0.88,
						992.268,
						784.016,
						0.84,
						916.618,
						759.563,
						1.0,
						980.957,
						867.827,
						1.0,
						932.389,
						843.886,
						1.0
					],
					"area": 26082.453,
					"b_score": 0.947,
					"object_id": 0
				}
			]
		},
		{
			"frame_num": 44,
			"objects": [
				{
					"category_id": 1,
					"bbox": [
						848.07,
						441.04,
						235.05,
						482.65
					],
					"score": 0.953,
					"keypoints": [
						1008.821,
						493.077,
						1.0,
						1019.043,
						486.217,
						1.0,
						998.68,
						480.908,
						1.0,
						1034.325,
						493.429,
						1.0,
						983.367,
						486.269,
						1.0,
						1049.666,
						561.893,
						0.98,
						948.484,
						539.73,
						0.99,
						1067.948,
						630.767,
						1.0,
						899.275,
						588.728,
						1.0,
						1069.474,
						702.619,
						0.99,
						871.247,
						656.505,
						0.98,
						993.612,
						700.842,
						0.86,
						940.475,
						680.747,
						0.85,
						992.649,
						789.657,
						0.87,
						918.875,
						767.186,
						0.94,
						982.159,
						869.784,
						1.0,
						932.7,
						856.086,
						1.0
					],
					"area": 25496.867,
					"b_score": 0.94,
					"object_id": 0
				}
			]
		},
		{
			"frame_num": 45,
			"objects": [
				{
					"category_id": 1,
					"bbox": [
						860.73,
						444.35,
						216.19,
						479.57
					],
					"score": 0.971,
					"keypoints": [
						1007.795,
						500.111,
						1.0,
						1017.952,
						491.628,
						1.0,
						997.729,
						486.392,
						1.0,
						1035.134,
						497.645,
						1.0,
						982.515,
						491.729,
						1.0,
						1050.285,
						567.316,
						1.0,
						949.701,
						546.208,
						1.0,
						1065.349,
						637.185,
						1.0,
						901.904,
						598.642,
						1.0,
						1064.239,
						705.757,
						0.98,
						874.397,
						664.178,
						1.0,
						994.582,
						706.771,
						0.87,
						940.799,
						689.141,
						0.91,
						994.122,
						793.146,
						0.89,
						919.734,
						774.729,
						0.95,
						981.72,
						870.851,
						1.0,
						931.948,
						859.98,
						1.0
					],
					"area": 23301.31,
					"b_score": 0.936,
					"object_id": 0
				}
			]
		},
		{
			"frame_num": 46,
			"objects": [
				{
					"category_id": 1,
					"bbox": [
						872.41,
						441.18,
						204.44,
						481.39
					],
					"score": 0.993,
					"keypoints": [
						1007.566,
						499.486,
						1.0,
						1017.679,
						490.258,
						1.0,
						997.518,
						487.607,
						1.0,
						1036.049,
						495.826,
						1.0,
						982.366,
						492.807,
						1.0,
						1051.101,
						565.592,
						1.0,
						950.717,
						545.055,
						1.0,
						1064.16,
						635.521,
						1.0,
						908.616,
						601.695,
						1.0,
						1059.65,
						701.076,
						1.0,
						885.087,
						664.282,
						1.0,
						997.443,
						705.539,
						0.91,
						941.261,
						689.275,
						0.93,
						997.673,
						793.924,
						0.94,
						920.536,
						774.683,
						0.97,
						981.946,
						870.284,
						1.0,
						931.977,
						856.545,
						1.0
					],
					"area": 22117.982,
					"b_score": 0.94,
					"object_id": 0
				}
			]
		},
		{
			"frame_num": 47,
			"objects": [
				{
					"category_id": 1,
					"bbox": [
						881.26,
						435.48,
						195.73,
						487.02
					],
					"score": 0.98,
					"keypoints": [
						1007.356,
						496.875,
						1.0,
						1017.489,
						487.301,
						1.0,
						997.277,
						485.744,
						1.0,
						1036.648,
						494.907,
						1.0,
						982.088,
						490.838,
						1.0,
						1051.736,
						560.455,
						1.0,
						950.935,
						542.357,
						1.0,
						1063.628,
						630.435,
						1.0,
						911.948,
						600.974,
						1.0,
						1058.403,
						691.875,
						1.0,
						895.856,
						662.159,
						1.0,
						999.239,
						703.67,
						0.9,
						941.194,
						687.953,
						0.88,
						999.607,
						791.195,
						0.95,
						920.627,
						771.415,
						0.97,
						981.802,
						869.667,
						1.0,
						931.422,
						849.662,
						1.0
					],
					"area": 21424.153,
					"b_score": 0.945,
					"object_id": 0
				}
			]
		},
		{
			"frame_num": 48,
			"objects": [
				{
					"category_id": 1,
					"bbox": [
						882.71,
						427.0,
						194.43,
						492.9
					],
					"score": 0.931,
					"keypoints": [
						1007.675,
						492.558,
						1.0,
						1017.85,
						482.913,
						1.0,
						997.516,
						479.863,
						1.0,
						1035.524,
						489.627,
						1.0,
						982.247,
						484.748,
						1.0,
						1052.817,
						555.335,
						0.96,
						951.254,
						538.033,
						1.0,
						1064.025,
						623.371,
						1.0,
						916.374,
						597.44,
						1.0,
						1055.719,
						682.815,
						0.96,
						906.828,
						657.947,
						0.98,
						1000.805,
						698.298,
						0.81,
						943.331,
						682.816,
						0.81,
						998.865,
						788.097,
						0.82,
						920.718,
						766.131,
						0.94,
						985.199,
						864.816,
						0.97,
						931.278,
						836.589,
						0.97
					],
					"area": 21538.174,
					"b_score": 0.95,
					"object_id": 0
				}
			]
		},
		{
			"frame_num": 49,
			"objects": [
				{
					"category_id": 1,
					"bbox": [
						880.57,
						417.95,
						195.9,
						503.29
					],
					"score": 0.985,
					"keypoints": [
						1005.704,
						484.572,
						1.0,
						1017.846,
						474.205,
						1.0,
						995.485,
						472.847,
						1.0,
						1032.98,
						482.794,
						1.0,
						979.994,
						478.14,
						1.0,
						1051.463,
						547.448,
						1.0,
						948.669,
						531.433,
						1.0,
						1062.282,
						613.696,
						1.0,
						917.281,
						593.363,
						1.0,
						1051.306,
						672.006,
						1.0,
						907.489,
						654.251,
						0.99,
						999.283,
						692.932,
						0.87,
						941.799,
						678.939,
						0.85,
						998.029,
						784.21,
						0.88,
						919.852,
						760.258,
						0.93,
						983.058,
						862.557,
						0.99,
						929.917,
						819.369,
						0.99
					],
					"area": 22158.902,
					"b_score": 0.959,
					"object_id": 0
				}
			]
		},
		{
			"frame_num": 50,
			"objects": [
				{
					"category_id": 1,
					"bbox": [
						876.92,
						409.57,
						201.19,
						514.69
					],
					"score": 0.923,
					"keypoints": [
						1006.172,
						478.355,
						1.0,
						1017.799,
						467.61,
						1.0,
						995.763,
						467.182,
						1.0,
						1033.277,
						474.628,
						1.0,
						980.063,
						472.657,
						1.0,
						1052.982,
						539.161,
						0.95,
						948.431,
						526.278,
						0.97,
						1063.701,
						604.499,
						0.95,
						919.234,
						589.636,
						0.98,
						1050.352,
						662.449,
						0.98,
						905.861,
						650.886,
						0.94,
						1000.214,
						687.693,
						0.8,
						942.121,
						672.912,
						0.83,
						999.578,
						781.396,
						0.84,
						920.33,
						750.172,
						0.91,
						987.815,
						862.587,
						0.92,
						930.973,
						811.41,
						0.95
					],
					"area": 23272.97,
					"b_score": 0.962,
					"object_id": 0
				}
			]
		},
		{
			"frame_num": 51,
			"objects": [
				{
					"category_id": 1,
					"bbox": [
						874.75,
						406.66,
						204.85,
						515.17
					],
					"score": 0.9,
					"keypoints": [
						1006.36,
						470.431,
						1.0,
						1017.662,
						459.513,
						1.0,
						995.832,
						459.583,
						1.0,
						1033.367,
						468.631,
						1.0,
						979.992,
						465.131,
						0.98,
						1053.799,
						530.034,
						0.91,
						948.15,
						518.945,
						0.99,
						1064.446,
						594.816,
						0.95,
						917.468,
						584.276,
						0.98,
						1053.232,
						657.876,
						0.96,
						905.112,
						643.973,
						0.91,
						1000.657,
						680.303,
						0.8,
						942.187,
						664.87,
						0.81,
						1000.332,
						775.867,
						0.82,
						918.54,
						740.01,
						0.94,
						989.522,
						861.138,
						0.87,
						928.302,
						803.403,
						0.96
					],
					"area": 23718.127,
					"b_score": 0.955,
					"object_id": 0
				}
			]
		},
		{
			"frame_num": 52,
			"objects": [
				{
					"category_id": 1,
					"bbox": [
						871.99,
						406.96,
						209.7,
						509.68
					],
					"score": 1.007,
					"keypoints": [
						1004.324,
						466.327,
						1.0,
						1015.4,
						458.404,
						1.0,
						993.702,
						455.655,
						1.0,
						1031.123,
						465.52,
						1.0,
						977.836,
						463.918,
						1.0,
						1051.836,
						525.132,
						1.0,
						946.052,
						517.401,
						1.0,
						1064.444,
						592.289,
						1.0,
						914.484,
						579.907,
						1.0,
						1053.591,
						654.936,
						1.0,
						899.289,
						636.072,
						0.98,
						1000.686,
						674.925,
						0.87,
						942.24,
						659.206,
						0.88,
						998.378,
						770.807,
						0.93,
						917.489,
						736.435,
						1.0,
						989.884,
						857.669,
						1.0,
						923.845,
						806.644,
						1.0
					],
					"area": 24021.354,
					"b_score": 0.954,
					"object_id": 0
				}
			]
		},
		{
			"frame_num": 53,
			"objects": [
				{
					"category_id": 1,
					"bbox": [
						870.39,
						411.87,
						214.92,
						509.36
					],
					"score": 1.012,
					"keypoints": [
						1003.351,
						469.569,
						1.0,
						1014.251,
						460.324,
						1.0,
						992.707,
						458.88,
						1.0,
						1030.026,
						469.089,
						1.0,
						976.823,
						467.952,
						1.0,
						1052.977,
						528.279,
						1.0,
						945.047,
						521.189,
						1.0,
						1066.705,
						593.646,
						1.0,
						911.381,
						581.685,
						1.0,
						1056.953,
						657.441,
						1.0,
						894.074,
						643.05,
						1.0,
						1001.097,
						674.717,
						0.96,
						940.795,
						658.896,
						0.93,
						997.63,
						770.435,
						0.94,
						915.039,
						737.355,
						0.99,
						990.629,
						859.158,
						1.0,
						919.251,
						810.633,
						1.0
					],
					"area": 24603.209,
					"b_score": 0.934,
					"object_id": 0
				}
			]
		},
		{
			"frame_num": 54,
			"objects": [
				{
					"category_id": 1,
					"bbox": [
						865.3,
						419.79,
						222.94,
						510.49
					],
					"score": 0.915,
					"keypoints": [
						1004.302,
						474.493,
						1.0,
						1015.11,
						464.729,
						1.0,
						991.658,
						463.733,
						1.0,
						1030.968,
						472.0,
						1.0,
						975.749,
						471.046,
						1.0,
						1055.561,
						533.382,
						0.92,
						945.93,
						525.922,
						1.0,
						1070.146,
						598.116,
						0.94,
						910.985,
						587.943,
						1.0,
						1065.109,
						663.151,
						0.97,
						890.969,
						651.015,
						1.0,
						1003.143,
						678.479,
						0.87,
						943.368,
						662.634,
						0.86,
						998.845,
						773.959,
						0.84,
						915.273,
						741.889,
						0.89,
						993.617,
						868.509,
						0.94,
						916.849,
						819.06,
						1.0
					],
					"area": 25578.395,
					"b_score": 0.941,
					"object_id": 0
				}
			]
		},
		{
			"frame_num": 55,
			"objects": [
				{
					"category_id": 1,
					"bbox": [
						866.2,
						428.31,
						225.5,
						502.98
					],
					"score": 0.977,
					"keypoints": [
						1003.653,
						479.376,
						1.0,
						1014.334,
						471.402,
						1.0,
						991.811,
						471.239,
						1.0,
						1030.127,
						476.276,
						1.0,
						975.974,
						475.499,
						1.0,
						1055.301,
						539.736,
						1.0,
						947.437,
						532.103,
						1.0,
						1072.618,
						602.525,
						1.0,
						911.922,
						598.126,
						1.0,
						1072.51,
						667.915,
						1.0,
						888.63,
						661.875,
						1.0,
						1002.894,
						683.805,
						0.89,
						943.962,
						668.076,
						0.84,
						998.25,
						778.524,
						0.91,
						912.218,
						749.027,
						0.94,
						992.678,
						873.598,
						1.0,
						914.597,
						832.985,
						1.0
					],
					"area": 25490.894,
					"b_score": 0.938,
					"object_id": 0
				}
			]
		},
		{
			"frame_num": 56,
			"objects": [
				{
					"category_id": 1,
					"bbox": [
						865.74,
						438.39,
						232.8,
						492.21
					],
					"score": 0.98,
					"keypoints": [
						1002.278,
						490.061,
						1.0,
						1014.743,
						481.072,
						1.0,
						991.026,
						481.323,
						1.0,
						1028.375,
						485.388,
						1.0,
						975.376,
						485.792,
						1.0,
						1055.781,
						548.19,
						1.0,
						947.938,
						542.951,
						1.0,
						1074.562,
						612.227,
						1.0,
						914.43,
						607.295,
						1.0,
						1079.39,
						681.08,
						1.0,
						890.827,
						672.936,
						0.99,
						1001.809,
						694.517,
						0.91,
						942.062,
						678.908,
						0.87,
						998.963,
						785.559,
						0.89,
						912.515,
						755.08,
						0.93,
						991.087,
						875.687,
						1.0,
						913.496,
						846.488,
						1.0
					],
					"area": 25752.573,
					"b_score": 0.944,
					"object_id": 0
				}
			]
		},
		{
			"frame_num": 57,
			"objects": [
				{
					"category_id": 1,
					"bbox": [
						867.64,
						442.76,
						240.4,
						486.57
					],
					"score": 0.958,
					"keypoints": [
						1001.591,
						498.347,
						1.0,
						1015.088,
						488.723,
						1.0,
						990.771,
						489.011,
						1.0,
						1029.342,
						490.391,
						1.0,
						975.296,
						490.899,
						1.0,
						1055.979,
						554.917,
						1.0,
						948.646,
						550.398,
						0.99,
						1075.443,
						619.753,
						1.0,
						916.57,
						616.043,
						1.0,
						1088.611,
						690.231,
						1.0,
						892.568,
						680.942,
						0.87,
						1001.327,
						701.705,
						0.87,
						941.232,
						686.301,
						0.81,
						999.576,
						789.996,
						0.87,
						913.26,
						761.922,
						0.9,
						993.68,
						875.959,
						0.99,
						914.035,
						853.549,
						0.95
					],
					"area": 26289.17,
					"b_score": 0.949,
					"object_id": 0
				}
			]
		},
		{
			"frame_num": 58,
			"objects": [
				{
					"category_id": 1,
					"bbox": [
						872.2,
						444.41,
						244.72,
						485.66
					],
					"score": 0.955,
					"keypoints": [
						1001.805,
						503.332,
						1.0,
						1015.872,
						493.408,
						1.0,
						991.254,
						493.616,
						1.0,
						1030.471,
						496.619,
						1.0,
						975.885,
						497.116,
						1.0,
						1054.744,
						559.214,
						1.0,
						947.877,
						554.709,
						1.0,
						1076.61,
						624.503,
						1.0,
						918.63,
						620.636,
						1.0,
						1092.019,
						693.571,
						1.0,
						897.495,
						687.687,
						0.96,
						1001.637,
						706.024,
						0.84,
						941.305,
						693.61,
						0.85,
						1000.614,
						795.575,
						0.85,
						914.372,
						769.038,
						0.9,
						995.767,
						876.592,
						0.98,
						915.299,
						859.815,
						0.97
					],
					"area": 26711.835,
					"b_score": 0.946,
					"object_id": 0
				}
			]
		},
		{
			"frame_num": 59,
			"objects": [
				{
					"category_id": 1,
					"bbox": [
						873.09,
						440.9,
						238.96,
						488.33
					],
					"score": 0.941,
					"keypoints": [
						1003.055,
						501.331,
						1.0,
						1015.729,
						491.297,
						1.0,
						990.776,
						491.365,
						1.0,
						1030.559,
						495.488,
						1.0,
						975.457,
						495.688,
						1.0,
						1055.287,
						557.338,
						0.97,
						948.408,
						552.39,
						1.0,
						1078.911,
						623.033,
						1.0,
						921.048,
						618.304,
						1.0,
						1095.574,
						689.565,
						0.97,
						901.294,
						680.537,
						0.95,
						1003.072,
						704.46,
						0.83,
						942.353,
						690.589,
						0.82,
						1004.971,
						795.017,
						0.85,
						914.121,
						769.019,
						0.93,
						995.378,
						876.121,
						0.97,
						917.227,
						860.367,
						1.0
					],
					"area": 26226.097,
					"b_score": 0.945,
					"object_id": 0
				}
			]
		},
		{
			"frame_num": 60,
			"objects": [
				{
					"category_id": 1,
					"bbox": [
						873.07,
						435.22,
						230.03,
						489.89
					],
					"score": 0.903,
					"keypoints": [
						1000.129,
						500.199,
						1.0,
						1013.998,
						490.092,
						1.0,
						988.617,
						487.766,
						1.0,
						1028.968,
						492.478,
						1.0,
						973.333,
						492.455,
						1.0,
						1054.05,
						554.104,
						0.95,
						947.127,
						548.812,
						0.97,
						1078.227,
						620.062,
						0.96,
						920.227,
						614.709,
						0.99,
						1090.191,
						682.982,
						0.97,
						899.812,
						675.542,
						0.91,
						1002.231,
						703.823,
						0.83,
						941.392,
						689.258,
						0.79,
						1003.244,
						794.999,
						0.83,
						914.109,
						769.241,
						0.93,
						995.589,
						876.427,
						0.9,
						918.247,
						857.47,
						0.94
					],
					"area": 25326.755,
					"b_score": 0.945,
					"object_id": 0
				}
			]
		},
		{
			"frame_num": 61,
			"objects": [
				{
					"category_id": 1,
					"bbox": [
						873.69,
						426.26,
						227.05,
						501.3
					],
					"score": 0.952,
					"keypoints": [
						1000.184,
						494.454,
						1.0,
						1012.731,
						486.207,
						1.0,
						986.91,
						482.977,
						1.0,
						1027.96,
						488.115,
						1.0,
						971.476,
						487.85,
						1.0,
						1053.503,
						548.658,
						0.98,
						945.527,
						542.675,
						1.0,
						1078.391,
						613.381,
						1.0,
						918.765,
						608.712,
						1.0,
						1086.323,
						674.314,
						1.0,
						900.548,
						669.203,
						0.98,
						1001.521,
						700.111,
						0.82,
						941.893,
						687.221,
						0.84,
						1002.066,
						792.436,
						0.88,
						915.056,
						766.439,
						0.92,
						995.283,
						877.342,
						0.93,
						920.282,
						853.856,
						0.97
					],
					"area": 25580.377,
					"b_score": 0.948,
					"object_id": 0
				}
			]
		},
		{
			"frame_num": 62,
			"objects": [
				{
					"category_id": 1,
					"bbox": [
						874.25,
						419.11,
						226.44,
						511.04
					],
					"score": 1.002,
					"keypoints": [
						998.22,
						489.33,
						1.0,
						1009.954,
						480.305,
						1.0,
						986.004,
						478.07,
						1.0,
						1025.5,
						483.047,
						1.0,
						970.34,
						483.177,
						1.0,
						1051.731,
						542.264,
						1.0,
						944.241,
						537.154,
						1.0,
						1079.378,
						603.537,
						1.0,
						917.519,
						603.006,
						1.0,
						1086.097,
						661.163,
						1.0,
						897.332,
						660.583,
						1.0,
						1003.29,
						693.723,
						0.89,
						942.007,
						681.713,
						0.88,
						1001.568,
						785.399,
						0.94,
						917.185,
						761.044,
						0.92,
						995.377,
						872.889,
						0.99,
						923.877,
						847.923,
						1.0
					],
					"area": 26006.912,
					"b_score": 0.953,
					"object_id": 0
				}
			]
		},
		{
			"frame_num": 63,
			"objects": [
				{
					"category_id": 1,
					"bbox": [
						870.93,
						411.29,
						231.07,
						518.4
					],
					"score": 1.03,
					"keypoints": [
						994.12,
						484.911,
						1.0,
						1005.365,
						475.082,
						1.0,
						982.503,
						473.818,
						1.0,
						1021.247,
						476.153,
						1.0,
						966.576,
						479.103,
						1.0,
						1050.515,
						535.07,
						1.0,
						942.751,
						532.952,
						1.0,
						1080.077,
						594.843,
						1.0,
						914.201,
						598.612,
						1.0,
						1086.25,
						649.84,
						1.0,
						890.629,
						654.378,
						1.0,
						1004.107,
						684.134,
						0.91,
						941.504,
						676.013,
						0.92,
						1000.971,
						778.768,
						0.98,
						917.845,
						756.214,
						0.98,
						994.933,
						869.798,
						1.0,
						924.164,
						839.821,
						1.0
					],
					"area": 26921.339,
					"b_score": 0.953,
					"object_id": 0
				}
			]
		},
		{
			"frame_num": 64,
			"objects": [
				{
					"category_id": 1,
					"bbox": [
						869.45,
						410.04,
						233.27,
						517.38
					],
					"score": 1.018,
					"keypoints": [
						991.619,
						481.543,
						1.0,
						1002.603,
						471.219,
						1.0,
						977.652,
						470.585,
						1.0,
						1018.646,
						471.498,
						1.0,
						961.58,
						473.261,
						1.0,
						1049.548,
						530.413,
						1.0,
						939.295,
						529.74,
						1.0,
						1078.002,
						589.643,
						1.0,
						911.753,
						595.076,
						1.0,
						1085.984,
						645.808,
						1.0,
						887.905,
						651.25,
						1.0,
						1004.436,
						680.568,
						0.93,
						943.026,
						671.503,
						0.91,
						1000.459,
						773.819,
						0.93,
						920.374,
						754.594,
						0.9,
						991.491,
						870.383,
						1.0,
						927.502,
						838.989,
						1.0
					],
					"area": 27124.183,
					"b_score": 0.955,
					"object_id": 0
				}
			]
		},
		{
			"frame_num": 65,
			"objects": [
				{
					"category_id": 1,
					"bbox": [
						868.91,
						412.08,
						235.91,
						513.4
					],
					"score": 0.942,
					"keypoints": [
						990.649,
						480.356,
						1.0,
						1001.481,
						469.84,
						1.0,
						978.221,
						469.521,
						1.0,
						1017.532,
						469.894,
						1.0,
						962.162,
						473.407,
						1.0,
						1049.082,
						528.707,
						1.0,
						940.185,
						530.896,
						0.96,
						1079.024,
						587.618,
						1.0,
						910.781,
						593.343,
						1.0,
						1089.115,
						645.002,
						1.0,
						890.999,
						653.94,
						0.95,
						1007.191,
						678.715,
						0.87,
						946.79,
						668.978,
						0.86,
						1002.453,
						773.461,
						0.83,
						925.025,
						753.366,
						0.9,
						990.376,
						869.782,
						0.94,
						933.24,
						837.892,
						0.96
					],
					"area": 27220.486,
					"b_score": 0.955,
					"object_id": 0
				}
			]
		},
		{
			"frame_num": 66,
			"objects": [
				{
					"category_id": 1,
					"bbox": [
						871.11,
						418.55,
						236.0,
						509.12
					],
					"score": 1.007,
					"keypoints": [
						985.945,
						479.987,
						1.0,
						996.596,
						469.425,
						1.0,
						974.422,
						471.501,
						1.0,
						1012.603,
						471.896,
						1.0,
						958.426,
						473.773,
						1.0,
						1047.309,
						530.568,
						1.0,
						937.166,
						533.623,
						1.0,
						1078.07,
						589.303,
						1.0,
						906.738,
						596.622,
						1.0,
						1091.236,
						647.927,
						1.0,
						887.745,
						657.359,
						1.0,
						1007.397,
						679.82,
						0.89,
						945.708,
						669.642,
						0.88,
						1000.554,
						774.833,
						0.85,
						924.075,
						754.15,
						1.0,
						984.469,
						870.951,
						1.0,
						930.106,
						844.977,
						1.0
					],
					"area": 27003.994,
					"b_score": 0.953,
					"object_id": 0
				}
			]
		},
		{
			"frame_num": 67,
			"objects": [
				{
					"category_id": 1,
					"bbox": [
						873.39,
						425.3,
						236.64,
						501.3
					],
					"score": 0.992,
					"keypoints": [
						984.928,
						482.2,
						1.0,
						995.458,
						473.639,
						1.0,
						973.943,
						474.663,
						1.0,
						1011.3,
						475.295,
						1.0,
						958.106,
						476.344,
						1.0,
						1044.688,
						533.651,
						1.0,
						937.04,
						536.887,
						1.0,
						1077.992,
						592.038,
						1.0,
						908.403,
						599.662,
						1.0,
						1092.674,
						653.761,
						1.0,
						888.989,
						660.23,
						1.0,
						1008.503,
						683.659,
						0.86,
						946.354,
						673.191,
						0.86,
						998.224,
						778.088,
						0.87,
						925.104,
						756.952,
						1.0,
						987.175,
						874.367,
						0.95,
						931.057,
						852.124,
						1.0
					],
					"area": 26660.701,
					"b_score": 0.951,
					"object_id": 0
				}
			]
		},
		{
			"frame_num": 68,
			"objects": [
				{
					"category_id": 1,
					"bbox": [
						877.14,
						435.05,
						239.07,
						489.49
					],
					"score": 0.929,
					"keypoints": [
						984.439,
						488.47,
						1.0,
						994.797,
						479.427,
						1.0,
						971.299,
						480.303,
						1.0,
						1010.37,
						480.058,
						1.0,
						955.739,
						483.116,
						0.98,
						1042.575,
						539.203,
						0.96,
						937.463,
						542.375,
						0.93,
						1079.121,
						597.616,
						1.0,
						909.994,
						606.771,
						1.0,
						1098.376,
						661.51,
						1.0,
						893.524,
						667.764,
						0.93,
						1006.839,
						691.036,
						0.82,
						945.144,
						681.074,
						0.84,
						996.605,
						784.502,
						0.81,
						926.309,
						764.373,
						0.9,
						988.197,
						875.357,
						0.91,
						929.232,
						865.883,
						0.95
					],
					"area": 26299.618,
					"b_score": 0.948,
					"object_id": 0
				}
			]
		},
		{
			"frame_num": 69,
			"objects": [
				{
					"category_id": 1,
					"bbox": [
						881.2,
						442.07,
						240.0,
						483.58
					],
					"score": 0.89,
					"keypoints": [
						984.023,
						496.063,
						1.0,
						994.239,
						486.58,
						1.0,
						969.888,
						487.183,
						1.0,
						1011.98,
						486.576,
						1.0,
						954.559,
						491.025,
						1.0,
						1043.205,
						546.235,
						0.9,
						937.787,
						551.363,
						0.93,
						1081.326,
						604.848,
						0.98,
						911.103,
						616.484,
						0.97,
						1102.555,
						671.597,
						0.95,
						899.477,
						681.234,
						0.94,
						1005.668,
						700.906,
						0.76,
						944.467,
						691.158,
						0.79,
						995.406,
						792.874,
						0.75,
						927.126,
						776.171,
						0.87,
						988.421,
						876.796,
						0.87,
						928.646,
						874.863,
						0.96
					],
					"area": 26083.913,
					"b_score": 0.95,
					"object_id": 0
				}
			]
		},
		{
			"frame_num": 70,
			"objects": [
				{
					"category_id": 1,
					"bbox": [
						883.76,
						446.41,
						237.34,
						483.21
					],
					"score": 0.922,
					"keypoints": [
						981.965,
						505.599,
						1.0,
						992.073,
						492.954,
						1.0,
						969.806,
						496.17,
						1.0,
						1011.044,
						495.514,
						1.0,
						954.589,
						500.695,
						1.0,
						1041.865,
						555.552,
						0.98,
						936.376,
						561.455,
						0.98,
						1080.964,
						611.933,
						1.0,
						914.223,
						626.897,
						1.0,
						1101.273,
						677.889,
						0.99,
						906.164,
						688.116,
						0.98,
						1005.404,
						708.683,
						0.82,
						944.497,
						701.895,
						0.83,
						995.194,
						799.779,
						0.81,
						928.159,
						784.517,
						0.91,
						989.165,
						874.159,
						0.88,
						929.088,
						876.27,
						0.95
					],
					"area": 25774.849,
					"b_score": 0.947,
					"object_id": 0
				}
			]
		},
		{
			"frame_num": 71,
			"objects": [
				{
					"category_id": 1,
					"bbox": [
						885.24,
						445.67,
						232.3,
						482.03
					],
					"score": 0.859,
					"keypoints": [
						980.419,
						507.067,
						1.0,
						990.473,
						495.733,
						1.0,
						969.299,
						497.324,
						0.96,
						1010.051,
						499.628,
						0.98,
						954.161,
						502.12,
						0.89,
						1040.604,
						557.109,
						0.94,
						937.292,
						565.491,
						0.88,
						1078.464,
						615.312,
						1.0,
						915.942,
						630.881,
						0.95,
						1097.25,
						682.395,
						0.94,
						911.317,
						692.636,
						0.9,
						1004.867,
						714.51,
						0.79,
						946.096,
						706.023,
						0.74,
						996.585,
						805.098,
						0.76,
						928.343,
						787.352,
						0.83,
						988.995,
						877.56,
						0.85,
						931.749,
						882.823,
						0.85
					],
					"area": 25165.841,
					"b_score": 0.95,
					"object_id": 0
				}
			]
		},
		{
			"frame_num": 72,
			"objects": [
				{
					"category_id": 1,
					"bbox": [
						881.07,
						442.94,
						223.71,
						480.33
					],
					"score": 0.891,
					"keypoints": [
						975.273,
						506.278,
						1.0,
						987.932,
						495.607,
						1.0,
						964.812,
						496.401,
						1.0,
						1007.846,
						497.583,
						1.0,
						952.348,
						498.885,
						0.7,
						1038.22,
						556.336,
						0.89,
						934.269,
						560.401,
						0.97,
						1077.424,
						613.155,
						0.95,
						915.719,
						628.05,
						1.0,
						1093.618,
						677.935,
						0.91,
						907.494,
						687.825,
						0.99,
						1003.272,
						712.488,
						0.79,
						944.127,
						703.173,
						0.8,
						996.141,
						802.861,
						0.79,
						927.112,
						783.877,
						0.91,
						986.987,
						873.947,
						0.89,
						928.456,
						877.911,
						1.0
					],
					"area": 24150.411,
					"b_score": 0.953,
					"object_id": 0
				}
			]
		},
		{
			"frame_num": 73,
			"objects": [
				{
					"category_id": 1,
					"bbox": [
						881.1,
						436.53,
						213.47,
						486.12
					],
					"score": 0.862,
					"keypoints": [
						972.592,
						503.293,
						1.0,
						983.939,
						492.876,
						1.0,
						962.351,
						493.307,
						1.0,
						1006.757,
						494.048,
						1.0,
						951.153,
						494.881,
						0.47,
						1037.169,
						551.671,
						0.9,
						934.441,
						553.873,
						0.94,
						1075.154,
						608.53,
						1.0,
						915.223,
						620.406,
						0.96,
						1085.842,
						672.019,
						0.97,
						908.678,
						681.56,
						0.98,
						1002.234,
						707.74,
						0.77,
						944.362,
						698.007,
						0.78,
						997.674,
						798.588,
						0.78,
						928.166,
						781.173,
						0.85,
						988.725,
						871.376,
						0.89,
						929.058,
						870.24,
						0.94
					],
					"area": 23323.125,
					"b_score": 0.945,
					"object_id": 0
				}
			]
		}
	],
	"categories": [
		{
			"supercategory": "person",
			"id": 1,
			"name": "person",
			"keypoints": [
				"nose",
				"left_eye",
				"right_eye",
				"left_ear",
				"right_ear",
				"left_shoulder",
				"right_shoulder",
				"left_elbow",
				"right_elbow",
				"left_wrist",
				"right_wrist",
				"left_hip",
				"right_hip",
				"left_knee",
				"right_knee",
				"left_ankle",
				"right_ankle"
			],
			"skeleton": [
				[
					0,
					1
				],
				[
					0,
					2
				],
				[
					1,
					3
				],
				[
					2,
					4
				],
				[
					0,
					5
				],
				[
					0,
					6
				],
				[
					5,
					7
				],
				[
					6,
					8
				],
				[
					7,
					9
				],
				[
					8,
					10
				],
				[
					5,
					11
				],
				[
					6,
					12
				],
				[
					11,
					13
				],
				[
					12,
					14
				],
				[
					13,
					15
				],
				[
					14,
					16
				]
			]
		}
	]
}