{
	"info": {
		"description": "2D pose estimation outputs from Hawaii 2D Pose (based on MultiPoseNet)",
		"url": "",
		"version": "191128",
		"year": 2020,
		"contributor": "KakaoBrain-HumanCV",
		"date_created": "2020-01-15 18:02:51"
	},
	"video": {
		"path": "S002C001P009R002A009_rgb.avi",
		"width": 1920,
		"height": 1080,
		"original_length": 81,
		"fps": 30.0
	},
	"annotations": [
		{
			"frame_num": 0,
			"objects": [
				{
					"category_id": 1,
					"bbox": [
						850.75,
						391.35,
						301.75,
						536.75
					],
					"score": 0.888,
					"keypoints": [
						937.32,
						461.24,
						1.0,
						942.91,
						444.47,
						1.0,
						920.55,
						450.06,
						1.0,
						942.91,
						444.47,
						0.03,
						892.59,
						461.24,
						1.0,
						982.05,
						494.79,
						0.96,
						875.82,
						533.93,
						0.95,
						1015.6,
						584.25,
						1.0,
						898.18,
						634.57,
						1.0,
						1015.6,
						662.52,
						0.86,
						970.87,
						668.12,
						1.0,
						1015.6,
						656.93,
						0.73,
						948.5,
						673.71,
						0.7,
						1121.83,
						707.25,
						0.99,
						914.96,
						740.8,
						0.97,
						1105.05,
						835.85,
						0.96,
						926.14,
						863.81,
						0.97
					],
					"area": 36400.336,
					"b_score": 0.972,
					"object_id": 0
				}
			]
		},
		{
			"frame_num": 1,
			"objects": [
				{
					"category_id": 1,
					"bbox": [
						851.14,
						392.46,
						301.9,
						535.69
					],
					"score": 0.829,
					"keypoints": [
						937.528,
						461.583,
						1.0,
						943.115,
						444.824,
						1.0,
						920.769,
						450.41,
						0.98,
						941.043,
						442.771,
						0.03,
						892.83,
						461.583,
						1.0,
						982.227,
						495.108,
						0.91,
						876.071,
						532.159,
						0.86,
						1015.752,
						584.504,
						0.96,
						898.417,
						632.719,
						0.95,
						1012.669,
						659.676,
						0.83,
						967.995,
						668.41,
						0.91,
						1013.672,
						657.135,
						0.67,
						948.701,
						671.827,
						0.65,
						1121.913,
						707.42,
						0.96,
						915.183,
						738.864,
						0.89,
						1102.019,
						832.788,
						0.92,
						923.321,
						856.975,
						0.89
					],
					"area": 36346.953,
					"b_score": 0.973,
					"object_id": 0
				}
			]
		},
		{
			"frame_num": 2,
			"objects": [
				{
					"category_id": 1,
					"bbox": [
						851.41,
						393.15,
						301.09,
						535.11
					],
					"score": 0.825,
					"keypoints": [
						937.641,
						462.025,
						1.0,
						943.225,
						447.493,
						1.0,
						920.895,
						450.86,
						0.97,
						939.799,
						443.932,
						0.03,
						892.981,
						462.025,
						1.0,
						982.301,
						495.522,
						0.92,
						876.235,
						531.218,
						0.85,
						1015.8,
						584.839,
						0.95,
						898.561,
						631.683,
						0.94,
						1011.29,
						658.656,
						0.84,
						966.669,
						668.752,
						0.93,
						1012.356,
						657.408,
						0.66,
						948.806,
						672.824,
						0.65,
						1121.874,
						707.651,
						0.96,
						913.247,
						739.814,
						0.87,
						1100.54,
						831.576,
						0.92,
						922.047,
						854.448,
						0.89
					],
					"area": 36210.505,
					"b_score": 0.973,
					"object_id": 0
				}
			]
		},
		{
			"frame_num": 3,
			"objects": [
				{
					"category_id": 1,
					"bbox": [
						851.16,
						393.57,
						301.95,
						533.96
					],
					"score": 0.828,
					"keypoints": [
						937.827,
						464.641,
						0.98,
						943.403,
						449.329,
						1.0,
						921.101,
						453.493,
						0.98,
						941.224,
						444.811,
						0.04,
						893.225,
						462.414,
						0.99,
						982.43,
						498.079,
						0.89,
						876.503,
						532.706,
						0.87,
						1015.884,
						585.06,
						0.95,
						898.802,
						631.007,
						0.93,
						1010.819,
						658.145,
						0.83,
						966.27,
						668.824,
						0.96,
						1011.611,
						657.536,
						0.65,
						948.979,
						673.387,
						0.65,
						1121.821,
						709.856,
						0.96,
						912.132,
						740.294,
						0.88,
						1099.913,
						837.055,
						0.93,
						921.72,
						859.303,
						0.92
					],
					"area": 36235.759,
					"b_score": 0.974,
					"object_id": 0
				}
			]
		},
		{
			"frame_num": 4,
			"objects": [
				{
					"category_id": 1,
					"bbox": [
						851.37,
						394.56,
						302.14,
						532.9
					],
					"score": 0.826,
					"keypoints": [
						938.102,
						466.661,
						1.0,
						945.847,
						450.816,
						1.0,
						921.404,
						455.535,
						0.97,
						942.233,
						445.729,
						0.04,
						893.571,
						462.982,
						0.98,
						982.635,
						500.037,
						0.89,
						876.877,
						533.911,
						0.87,
						1016.037,
						585.426,
						0.95,
						899.138,
						630.801,
						0.92,
						1010.791,
						658.199,
						0.83,
						966.321,
						669.097,
						0.97,
						1011.277,
						657.787,
						0.66,
						949.235,
						673.918,
						0.65,
						1121.81,
						711.422,
						0.95,
						911.633,
						740.715,
						0.89,
						1099.72,
						839.661,
						0.92,
						921.85,
						861.664,
						0.93
					],
					"area": 36185.869,
					"b_score": 0.974,
					"object_id": 0
				}
			]
		},
		{
			"frame_num": 5,
			"objects": [
				{
					"category_id": 1,
					"bbox": [
						850.52,
						396.14,
						303.14,
						529.73
					],
					"score": 0.874,
					"keypoints": [
						938.295,
						470.978,
						1.0,
						945.212,
						454.832,
						1.0,
						921.648,
						459.905,
						1.0,
						940.921,
						446.813,
						0.04,
						893.905,
						463.794,
						1.0,
						980.653,
						501.616,
						0.93,
						877.265,
						535.002,
						0.92,
						1015.985,
						585.823,
						0.96,
						897.469,
						630.746,
						1.0,
						1010.553,
						658.227,
						0.88,
						966.27,
						669.194,
						0.99,
						1010.916,
						657.953,
						0.69,
						947.38,
						674.234,
						0.7,
						1121.431,
						712.24,
						0.93,
						911.406,
						740.822,
						0.99,
						1099.107,
						840.062,
						0.93,
						921.977,
						862.08,
						0.98
					],
					"area": 36090.92,
					"b_score": 0.975,
					"object_id": 0
				}
			]
		},
		{
			"frame_num": 6,
			"objects": [
				{
					"category_id": 1,
					"bbox": [
						849.57,
						397.11,
						303.84,
						527.23
					],
					"score": 0.918,
					"keypoints": [
						938.307,
						471.1,
						1.0,
						944.706,
						452.494,
						1.0,
						921.72,
						460.068,
						1.0,
						946.558,
						445.72,
						0.04,
						894.082,
						462.541,
						1.0,
						981.226,
						498.475,
						0.97,
						877.505,
						533.842,
						0.95,
						1015.722,
						584.155,
						1.0,
						896.311,
						628.377,
						1.0,
						1010.081,
						654.757,
						0.89,
						966.002,
						665.96,
						1.0,
						1010.439,
						655.963,
						0.74,
						946.014,
						672.321,
						0.75,
						1120.754,
						710.428,
						1.0,
						911.198,
						740.662,
						1.0,
						1101.192,
						836.797,
						1.0,
						921.907,
						858.528,
						0.99
					],
					"area": 36002.618,
					"b_score": 0.974,
					"object_id": 0
				}
			]
		},
		{
			"frame_num": 7,
			"objects": [
				{
					"category_id": 1,
					"bbox": [
						849.68,
						398.58,
						302.54,
						524.87
					],
					"score": 0.916,
					"keypoints": [
						940.33,
						471.674,
						1.0,
						946.37,
						454.006,
						1.0,
						923.833,
						460.685,
						1.0,
						947.572,
						447.582,
						0.04,
						894.176,
						462.162,
						1.0,
						981.435,
						498.95,
						0.96,
						877.661,
						533.385,
						0.96,
						1015.336,
						585.236,
						1.0,
						895.553,
						627.152,
						1.0,
						1012.438,
						656.718,
						0.88,
						965.673,
						664.68,
						1.0,
						1009.921,
						654.762,
						0.73,
						945.039,
						671.143,
						0.75,
						1119.912,
						709.386,
						1.0,
						911.021,
						740.534,
						1.0,
						1101.658,
						834.817,
						1.0,
						921.778,
						856.533,
						0.99
					],
					"area": 35689.007,
					"b_score": 0.976,
					"object_id": 0
				}
			]
		},
		{
			"frame_num": 8,
			"objects": [
				{
					"category_id": 1,
					"bbox": [
						850.67,
						400.46,
						301.63,
						524.2
					],
					"score": 0.915,
					"keypoints": [
						941.872,
						472.797,
						1.0,
						947.668,
						458.33,
						1.0,
						925.436,
						461.844,
						1.0,
						950.904,
						449.532,
						0.07,
						896.677,
						462.551,
						1.0,
						981.758,
						499.936,
						0.97,
						878.017,
						533.68,
						0.97,
						1017.279,
						586.593,
						1.0,
						895.341,
						627.118,
						1.0,
						1013.918,
						658.312,
						0.89,
						965.846,
						665.023,
						1.0,
						1009.821,
						654.613,
						0.74,
						944.688,
						670.998,
						0.77,
						1117.27,
						709.243,
						1.0,
						911.158,
						738.962,
						1.0,
						1102.099,
						834.681,
						1.0,
						922.062,
						856.462,
						0.99
					],
					"area": 35536.019,
					"b_score": 0.975,
					"object_id": 0
				}
			]
		},
		{
			"frame_num": 9,
			"objects": [
				{
					"category_id": 1,
					"bbox": [
						851.04,
						402.16,
						299.78,
						522.53
					],
					"score": 0.923,
					"keypoints": [
						942.652,
						476.74,
						1.0,
						950.69,
						461.44,
						1.0,
						926.266,
						465.83,
						1.0,
						948.052,
						453.948,
						0.04,
						898.146,
						465.587,
						1.0,
						981.8,
						501.107,
						0.95,
						878.185,
						534.333,
						0.97,
						1018.314,
						587.904,
						1.0,
						895.129,
						627.492,
						1.0,
						1014.26,
						659.602,
						0.89,
						965.685,
						668.615,
						1.0,
						1009.535,
						654.854,
						0.75,
						944.33,
						671.218,
						0.77,
						1115.247,
						709.401,
						1.0,
						911.144,
						738.18,
						1.0,
						1101.857,
						834.789,
						1.0,
						922.034,
						856.568,
						1.0
					],
					"area": 35205.299,
					"b_score": 0.974,
					"object_id": 0
				}
			]
		},
		{
			"frame_num": 10,
			"objects": [
				{
					"category_id": 1,
					"bbox": [
						851.62,
						403.45,
						299.7,
						521.52
					],
					"score": 0.913,
					"keypoints": [
						945.816,
						479.415,
						1.0,
						955.402,
						463.642,
						1.0,
						929.492,
						468.533,
						1.0,
						953.844,
						454.446,
						0.04,
						899.334,
						468.024,
						1.0,
						984.111,
						502.277,
						0.97,
						878.581,
						535.146,
						0.97,
						1019.163,
						589.101,
						1.0,
						895.281,
						628.041,
						1.0,
						1014.697,
						660.653,
						0.92,
						965.933,
						670.783,
						1.0,
						1009.564,
						657.232,
						0.74,
						944.365,
						671.629,
						0.76,
						1114.206,
						709.752,
						0.99,
						911.398,
						737.937,
						1.0,
						1098.823,
						835.077,
						0.99,
						922.38,
						856.838,
						1.0
					],
					"area": 35127.643,
					"b_score": 0.972,
					"object_id": 0
				}
			]
		},
		{
			"frame_num": 11,
			"objects": [
				{
					"category_id": 1,
					"bbox": [
						853.42,
						404.3,
						297.61,
						518.64
					],
					"score": 0.9,
					"keypoints": [
						945.68,
						483.814,
						1.0,
						955.819,
						465.012,
						1.0,
						929.404,
						472.983,
						1.0,
						952.565,
						457.533,
						0.05,
						900.598,
						472.254,
						1.0,
						983.817,
						503.098,
						0.93,
						877.412,
						535.714,
						0.94,
						1017.9,
						589.748,
						1.0,
						893.772,
						628.218,
						1.0,
						1012.382,
						664.078,
						0.93,
						963.504,
						671.326,
						1.0,
						1007.653,
						658.629,
						0.7,
						942.621,
						671.662,
						0.74,
						1111.189,
						707.702,
						0.98,
						907.588,
						735.131,
						1.0,
						1097.63,
						834.383,
						0.98,
						920.187,
						856.04,
						0.99
					],
					"area": 34690.851,
					"b_score": 0.972,
					"object_id": 0
				}
			]
		},
		{
			"frame_num": 12,
			"objects": [
				{
					"category_id": 1,
					"bbox": [
						854.41,
						405.19,
						295.52,
						517.16
					],
					"score": 0.899,
					"keypoints": [
						945.646,
						483.559,
						1.0,
						956.075,
						466.052,
						1.0,
						929.42,
						472.757,
						1.0,
						956.879,
						454.722,
						0.06,
						901.422,
						472.378,
						1.0,
						985.756,
						501.678,
						0.96,
						876.771,
						532.249,
						0.94,
						1019.097,
						588.199,
						1.0,
						892.95,
						626.238,
						1.0,
						1011.206,
						665.535,
						0.89,
						962.494,
						671.627,
						1.0,
						1006.478,
						657.576,
						0.73,
						941.623,
						669.637,
						0.73,
						1106.645,
						706.346,
						0.94,
						905.371,
						730.869,
						0.99,
						1096.937,
						833.877,
						0.97,
						919.322,
						852.111,
						1.0
					],
					"area": 34347.699,
					"b_score": 0.97,
					"object_id": 0
				}
			]
		},
		{
			"frame_num": 13,
			"objects": [
				{
					"category_id": 1,
					"bbox": [
						856.55,
						406.07,
						290.72,
						513.37
					],
					"score": 0.82,
					"keypoints": [
						950.682,
						483.584,
						1.0,
						958.786,
						466.786,
						0.99,
						934.585,
						475.548,
						1.0,
						962.018,
						455.651,
						0.08,
						904.573,
						472.62,
						1.0,
						991.94,
						500.918,
						0.85,
						880.836,
						532.06,
						0.91,
						1021.968,
						589.118,
						0.94,
						892.685,
						626.931,
						0.95,
						1013.356,
						668.885,
						0.83,
						964.913,
						674.357,
						0.95,
						1007.849,
						658.507,
						0.65,
						943.225,
						670.07,
						0.65,
						1106.428,
						707.035,
						0.86,
						904.318,
						727.738,
						0.92,
						1096.096,
						835.248,
						0.87,
						919.157,
						855.252,
						0.91
					],
					"area": 33543.227,
					"b_score": 0.969,
					"object_id": 0
				}
			]
		},
		{
			"frame_num": 14,
			"objects": [
				{
					"category_id": 1,
					"bbox": [
						858.59,
						407.09,
						284.19,
						511.69
					],
					"score": 0.9,
					"keypoints": [
						955.666,
						486.636,
						1.0,
						962.356,
						467.556,
						1.0,
						936.89,
						477.327,
						1.0,
						969.948,
						456.555,
						0.11,
						908.509,
						475.615,
						1.0,
						997.605,
						502.825,
						0.94,
						883.055,
						532.166,
						0.96,
						1023.115,
						589.854,
						1.0,
						892.176,
						627.449,
						1.0,
						1010.765,
						673.838,
						0.95,
						965.498,
						675.516,
						1.0,
						1008.17,
						657.268,
						0.7,
						943.785,
						670.388,
						0.69,
						1105.576,
						707.468,
						0.98,
						903.327,
						728.567,
						1.0,
						1094.833,
						835.732,
						1.0,
						918.541,
						853.495,
						0.97
					],
					"area": 32682.186,
					"b_score": 0.968,
					"object_id": 0
				}
			]
		},
		{
			"frame_num": 15,
			"objects": [
				{
					"category_id": 1,
					"bbox": [
						860.49,
						409.97,
						276.39,
						507.31
					],
					"score": 0.824,
					"keypoints": [
						960.156,
						492.161,
						0.98,
						966.051,
						471.815,
						0.99,
						940.011,
						482.232,
						0.97,
						975.669,
						460.721,
						0.12,
						912.675,
						478.35,
						0.97,
						1002.279,
						504.883,
						0.89,
						886.346,
						532.872,
						0.88,
						1027.719,
						593.176,
						0.97,
						893.486,
						629.959,
						0.94,
						1011.371,
						675.851,
						0.87,
						964.896,
						676.319,
						0.94,
						1009.517,
						656.719,
						0.65,
						945.405,
						668.775,
						0.62,
						1106.237,
						707.845,
						0.9,
						904.54,
						729.058,
						0.91,
						1092.584,
						835.544,
						0.93,
						920.362,
						855.078,
						0.88
					],
					"area": 31512.858,
					"b_score": 0.973,
					"object_id": 0
				}
			]
		},
		{
			"frame_num": 16,
			"objects": [
				{
					"category_id": 1,
					"bbox": [
						862.36,
						414.64,
						270.31,
						502.76
					],
					"score": 0.896,
					"keypoints": [
						961.869,
						494.076,
						1.0,
						970.19,
						476.132,
						1.0,
						941.248,
						483.869,
						1.0,
						980.656,
						462.459,
						0.12,
						914.528,
						481.827,
						1.0,
						1006.726,
						505.474,
						0.94,
						888.092,
						534.636,
						0.93,
						1032.18,
						594.106,
						1.0,
						892.172,
						630.695,
						1.0,
						1010.955,
						674.595,
						0.96,
						964.132,
						681.574,
						1.0,
						1009.899,
						655.307,
						0.69,
						944.363,
						666.539,
						0.68,
						1103.091,
						708.798,
						0.91,
						902.845,
						730.078,
						1.0,
						1086.839,
						835.905,
						0.96,
						918.098,
						853.325,
						1.0
					],
					"area": 30543.868,
					"b_score": 0.974,
					"object_id": 0
				}
			]
		},
		{
			"frame_num": 17,
			"objects": [
				{
					"category_id": 1,
					"bbox": [
						863.46,
						419.38,
						266.51,
						498.73
					],
					"score": 0.917,
					"keypoints": [
						965.176,
						500.12,
						1.0,
						971.837,
						483.526,
						1.0,
						944.342,
						492.922,
						1.0,
						982.391,
						468.293,
						0.12,
						915.364,
						488.683,
						1.0,
						1011.202,
						510.091,
						0.94,
						889.069,
						537.381,
						0.95,
						1036.647,
						596.122,
						1.0,
						891.391,
						632.355,
						1.0,
						1010.271,
						675.83,
						0.99,
						963.487,
						688.944,
						1.0,
						1009.832,
						653.423,
						0.75,
						945.405,
						664.094,
						0.74,
						1100.621,
						710.345,
						0.95,
						901.868,
						729.407,
						1.0,
						1083.883,
						836.82,
						0.97,
						917.008,
						853.239,
						1.0
					],
					"area": 29872.236,
					"b_score": 0.974,
					"object_id": 0
				}
			]
		},
		{
			"frame_num": 18,
			"objects": [
				{
					"category_id": 1,
					"bbox": [
						864.11,
						424.15,
						264.45,
						495.23
					],
					"score": 0.905,
					"keypoints": [
						966.633,
						508.37,
						1.0,
						975.26,
						489.364,
						1.0,
						945.844,
						499.426,
						1.0,
						982.966,
						473.626,
						0.2,
						918.518,
						494.351,
						1.0,
						1015.866,
						512.132,
						0.92,
						889.759,
						538.549,
						0.91,
						1041.267,
						598.916,
						1.0,
						891.067,
						634.794,
						1.0,
						1009.694,
						678.198,
						0.99,
						959.987,
						689.542,
						1.0,
						1009.618,
						651.387,
						0.71,
						946.091,
						661.722,
						0.7,
						1096.1,
						712.469,
						0.93,
						901.444,
						727.901,
						1.0,
						1082.259,
						838.292,
						0.93,
						916.644,
						854.114,
						1.0
					],
					"area": 29433.13,
					"b_score": 0.971,
					"object_id": 0
				}
			]
		},
		{
			"frame_num": 19,
			"objects": [
				{
					"category_id": 1,
					"bbox": [
						864.73,
						435.86,
						261.9,
						480.54
					],
					"score": 0.859,
					"keypoints": [
						970.105,
						517.44,
						0.96,
						979.564,
						497.703,
						1.0,
						949.628,
						507.875,
						1.0,
						985.854,
						481.982,
						0.17,
						923.623,
						502.507,
						0.96,
						1020.029,
						517.859,
						0.87,
						893.774,
						540.672,
						0.87,
						1047.93,
						603.691,
						1.0,
						889.832,
						636.419,
						0.97,
						1008.846,
						681.815,
						0.99,
						958.874,
						692.358,
						1.0,
						1010.89,
						650.201,
						0.71,
						945.054,
						660.293,
						0.66,
						1094.671,
						715.139,
						0.92,
						899.951,
						726.02,
						0.94,
						1082.913,
						835.967,
						0.91,
						917.434,
						853.964,
						0.95
					],
					"area": 28285.51,
					"b_score": 0.972,
					"object_id": 0
				}
			]
		},
		{
			"frame_num": 20,
			"objects": [
				{
					"category_id": 1,
					"bbox": [
						864.56,
						443.2,
						259.74,
						468.14
					],
					"score": 0.875,
					"keypoints": [
						971.364,
						524.235,
						0.93,
						981.009,
						507.692,
						1.0,
						951.371,
						517.718,
						1.0,
						989.293,
						489.247,
						0.25,
						923.679,
						509.282,
						0.98,
						1020.713,
						523.535,
						0.91,
						896.527,
						539.693,
						0.91,
						1049.35,
						605.112,
						1.0,
						887.63,
						636.169,
						1.0,
						1007.565,
						680.488,
						0.99,
						955.126,
						690.485,
						1.0,
						1011.108,
						648.158,
						0.72,
						944.398,
						657.949,
						0.68,
						1089.344,
						716.715,
						0.94,
						894.98,
						724.93,
						0.97,
						1077.49,
						833.045,
						0.96,
						915.435,
						848.806,
						0.94
					],
					"area": 27328.066,
					"b_score": 0.969,
					"object_id": 0
				}
			]
		},
		{
			"frame_num": 21,
			"objects": [
				{
					"category_id": 1,
					"bbox": [
						864.07,
						449.15,
						259.26,
						461.18
					],
					"score": 0.858,
					"keypoints": [
						974.306,
						532.884,
						0.94,
						983.99,
						514.645,
						1.0,
						954.697,
						524.469,
						1.0,
						993.141,
						495.419,
						0.31,
						926.39,
						518.074,
						0.98,
						1023.047,
						528.858,
						0.88,
						898.262,
						543.221,
						0.87,
						1054.54,
						607.612,
						0.99,
						886.755,
						637.335,
						1.0,
						1006.478,
						681.524,
						0.94,
						953.683,
						694.55,
						1.0,
						1010.897,
						648.314,
						0.75,
						943.978,
						655.723,
						0.68,
						1085.68,
						720.795,
						0.87,
						892.75,
						725.127,
						0.98,
						1077.667,
						837.229,
						0.93,
						911.841,
						849.665,
						0.91
					],
					"area": 26871.814,
					"b_score": 0.967,
					"object_id": 0
				}
			]
		},
		{
			"frame_num": 22,
			"objects": [
				{
					"category_id": 1,
					"bbox": [
						863.08,
						457.91,
						259.37,
						451.02
					],
					"score": 0.911,
					"keypoints": [
						977.947,
						543.631,
						1.0,
						987.525,
						524.986,
						1.0,
						956.184,
						534.595,
						1.0,
						996.943,
						505.67,
						0.3,
						927.933,
						526.0,
						1.0,
						1025.8,
						535.276,
						0.93,
						902.16,
						546.153,
						0.86,
						1055.455,
						611.605,
						1.0,
						884.792,
						637.955,
						1.0,
						1005.31,
						681.248,
						0.92,
						953.148,
						698.177,
						1.0,
						1012.013,
						648.262,
						0.77,
						943.777,
						654.358,
						0.72,
						1084.989,
						722.005,
						0.91,
						889.91,
						724.352,
						1.0,
						1075.908,
						836.637,
						0.97,
						913.788,
						849.973,
						0.99
					],
					"area": 26290.98,
					"b_score": 0.966,
					"object_id": 0
				}
			]
		},
		{
			"frame_num": 23,
			"objects": [
				{
					"category_id": 1,
					"bbox": [
						862.79,
						465.24,
						260.19,
						442.93
					],
					"score": 0.899,
					"keypoints": [
						979.783,
						551.177,
						1.0,
						989.194,
						532.635,
						1.0,
						959.775,
						542.02,
						1.0,
						998.56,
						513.653,
						0.28,
						929.318,
						532.814,
						1.0,
						1029.332,
						541.531,
						0.94,
						902.543,
						548.261,
						0.86,
						1057.857,
						613.467,
						1.0,
						884.646,
						638.083,
						1.0,
						1004.785,
						683.202,
						0.92,
						953.465,
						698.219,
						1.0,
						1012.631,
						645.873,
						0.76,
						944.016,
						650.935,
						0.7,
						1083.869,
						723.882,
						0.92,
						889.498,
						725.02,
						0.96,
						1077.351,
						836.649,
						0.94,
						912.832,
						850.264,
						0.95
					],
					"area": 25901.38,
					"b_score": 0.97,
					"object_id": 0
				}
			]
		},
		{
			"frame_num": 24,
			"objects": [
				{
					"category_id": 1,
					"bbox": [
						862.59,
						472.76,
						263.35,
						435.08
					],
					"score": 0.856,
					"keypoints": [
						981.477,
						557.688,
						0.98,
						990.714,
						539.405,
						1.0,
						960.034,
						548.601,
						1.0,
						999.952,
						517.867,
						0.29,
						931.275,
						539.315,
						0.96,
						1031.257,
						547.819,
						0.85,
						901.966,
						550.089,
						0.87,
						1056.576,
						614.523,
						0.95,
						884.025,
						638.123,
						1.0,
						1002.509,
						683.383,
						0.91,
						952.084,
						697.502,
						1.0,
						1013.414,
						644.449,
						0.74,
						943.325,
						649.084,
						0.64,
						1083.233,
						726.292,
						0.85,
						888.652,
						724.709,
						0.94,
						1077.804,
						837.153,
						0.9,
						911.403,
						850.754,
						0.93
					],
					"area": 25750.766,
					"b_score": 0.973,
					"object_id": 0
				}
			]
		},
		{
			"frame_num": 25,
			"objects": [
				{
					"category_id": 1,
					"bbox": [
						863.98,
						477.62,
						263.0,
						432.24
					],
					"score": 0.86,
					"keypoints": [
						982.943,
						568.87,
						1.0,
						992.063,
						550.762,
						1.0,
						960.9,
						559.845,
						1.0,
						1001.21,
						528.243,
						0.41,
						933.055,
						547.473,
						0.95,
						1032.629,
						553.002,
						0.86,
						902.551,
						555.626,
						0.86,
						1054.158,
						619.568,
						0.93,
						884.512,
						639.769,
						0.97,
						1002.348,
						685.632,
						0.9,
						954.888,
						699.422,
						0.96,
						1014.333,
						645.322,
						0.75,
						943.462,
						649.993,
						0.64,
						1083.257,
						731.566,
						0.85,
						891.152,
						725.827,
						0.93,
						1078.365,
						841.653,
						0.91,
						914.167,
						852.244,
						0.92
					],
					"area": 25548.901,
					"b_score": 0.975,
					"object_id": 0
				}
			]
		},
		{
			"frame_num": 26,
			"objects": [
				{
					"category_id": 1,
					"bbox": [
						865.33,
						480.44,
						261.11,
						428.56
					],
					"score": 0.86,
					"keypoints": [
						981.575,
						573.889,
						1.0,
						992.902,
						559.0,
						0.99,
						961.664,
						564.933,
						1.0,
						1001.951,
						533.411,
						0.51,
						934.379,
						554.704,
						0.97,
						1033.278,
						559.125,
						0.86,
						903.422,
						559.51,
						0.87,
						1052.972,
						622.787,
						0.9,
						886.995,
						643.469,
						0.95,
						1002.483,
						687.129,
						0.88,
						959.167,
						697.931,
						0.96,
						1016.914,
						644.479,
						0.75,
						943.85,
						651.063,
						0.63,
						1080.813,
						736.955,
						0.85,
						892.966,
						726.731,
						0.94,
						1078.424,
						843.261,
						0.91,
						916.129,
						852.757,
						0.92
					],
					"area": 25150.09,
					"b_score": 0.974,
					"object_id": 0
				}
			]
		},
		{
			"frame_num": 27,
			"objects": [
				{
					"category_id": 1,
					"bbox": [
						866.42,
						480.09,
						259.73,
						430.0
					],
					"score": 0.862,
					"keypoints": [
						981.098,
						578.502,
						1.0,
						993.498,
						561.617,
						1.0,
						962.183,
						569.548,
						1.0,
						1002.513,
						535.107,
						0.51,
						932.882,
						557.127,
						0.99,
						1033.852,
						558.736,
						0.85,
						903.918,
						561.314,
						0.85,
						1050.657,
						621.948,
						0.91,
						890.053,
						645.624,
						0.94,
						1000.075,
						687.9,
						0.85,
						961.268,
						697.58,
						1.0,
						1018.663,
						644.091,
						0.76,
						944.176,
						651.721,
						0.62,
						1079.973,
						739.749,
						0.88,
						893.992,
						728.975,
						0.88,
						1078.822,
						844.418,
						0.92,
						917.121,
						853.492,
						0.92
					],
					"area": 25100.758,
					"b_score": 0.974,
					"object_id": 0
				}
			]
		},
		{
			"frame_num": 28,
			"objects": [
				{
					"category_id": 1,
					"bbox": [
						866.74,
						476.9,
						260.56,
						435.33
					],
					"score": 0.892,
					"keypoints": [
						979.018,
						575.884,
						1.0,
						994.143,
						558.204,
						1.0,
						962.596,
						566.854,
						1.0,
						1003.2,
						531.432,
						0.59,
						932.117,
						553.798,
						0.96,
						1034.751,
						557.314,
						0.9,
						901.973,
						558.818,
						0.85,
						1048.193,
						620.841,
						0.99,
						891.966,
						644.193,
						0.97,
						996.687,
						685.271,
						0.88,
						962.317,
						694.864,
						1.0,
						1020.131,
						641.278,
						0.77,
						944.419,
						647.27,
						0.64,
						1080.437,
						738.651,
						0.9,
						896.022,
						728.835,
						0.91,
						1077.434,
						840.704,
						0.92,
						917.427,
						852.222,
						0.97
					],
					"area": 25493.277,
					"b_score": 0.974,
					"object_id": 0
				}
			]
		},
		{
			"frame_num": 29,
			"objects": [
				{
					"category_id": 1,
					"bbox": [
						866.43,
						470.44,
						261.26,
						443.44
					],
					"score": 0.883,
					"keypoints": [
						977.802,
						572.161,
						1.0,
						992.202,
						554.019,
						1.0,
						960.381,
						563.009,
						1.0,
						1001.303,
						526.948,
						0.43,
						929.223,
						549.643,
						1.0,
						1035.561,
						554.061,
						0.84,
						900.223,
						557.447,
						0.87,
						1045.561,
						618.542,
						0.96,
						894.36,
						643.962,
						0.98,
						992.321,
						685.248,
						0.83,
						962.377,
						697.24,
						0.99,
						1019.162,
						638.027,
						0.76,
						942.503,
						640.628,
						0.7,
						1081.415,
						739.686,
						0.87,
						896.634,
						731.636,
						0.95,
						1077.692,
						841.568,
						0.92,
						916.779,
						851.857,
						1.0
					],
					"area": 26037.635,
					"b_score": 0.975,
					"object_id": 0
				}
			]
		},
		{
			"frame_num": 30,
			"objects": [
				{
					"category_id": 1,
					"bbox": [
						864.33,
						461.41,
						263.1,
						453.76
					],
					"score": 0.877,
					"keypoints": [
						974.683,
						564.49,
						1.0,
						988.646,
						546.0,
						1.0,
						956.554,
						555.18,
						1.0,
						999.864,
						521.141,
						0.54,
						926.628,
						544.147,
						0.99,
						1033.497,
						549.195,
						0.83,
						897.984,
						555.735,
						0.89,
						1041.912,
						616.981,
						0.97,
						896.357,
						641.842,
						0.92,
						989.959,
						685.626,
						0.89,
						961.296,
						698.913,
						0.95,
						1020.334,
						631.033,
						0.74,
						940.196,
						634.428,
						0.71,
						1082.28,
						741.208,
						0.89,
						897.457,
						732.247,
						0.9,
						1078.18,
						841.748,
						0.9,
						917.391,
						851.596,
						0.94
					],
					"area": 26831.331,
					"b_score": 0.972,
					"object_id": 0
				}
			]
		},
		{
			"frame_num": 31,
			"objects": [
				{
					"category_id": 1,
					"bbox": [
						862.28,
						447.08,
						265.24,
						470.46
					],
					"score": 0.858,
					"keypoints": [
						972.327,
						558.484,
						0.94,
						984.6,
						539.576,
						1.0,
						953.647,
						548.965,
						1.0,
						996.698,
						515.306,
						0.47,
						923.982,
						536.669,
						0.94,
						1032.635,
						544.291,
						0.83,
						894.888,
						552.517,
						0.88,
						1034.996,
						614.644,
						0.97,
						897.664,
						639.651,
						0.84,
						988.358,
						685.161,
						0.85,
						956.721,
						699.229,
						0.99,
						1017.191,
						622.803,
						0.74,
						937.365,
						626.805,
						0.72,
						1081.555,
						739.96,
						0.88,
						896.378,
						734.962,
						0.94,
						1079.478,
						841.658,
						0.91,
						915.64,
						854.201,
						0.96
					],
					"area": 28044.95,
					"b_score": 0.975,
					"object_id": 0
				}
			]
		},
		{
			"frame_num": 32,
			"objects": [
				{
					"category_id": 1,
					"bbox": [
						859.75,
						433.67,
						268.1,
						486.15
					],
					"score": 0.905,
					"keypoints": [
						969.923,
						549.116,
						1.0,
						981.439,
						529.932,
						1.0,
						950.604,
						539.59,
						1.0,
						992.891,
						503.956,
						0.47,
						920.551,
						527.602,
						1.0,
						1030.077,
						535.644,
						0.88,
						892.964,
						544.162,
						0.93,
						1031.002,
						610.659,
						0.94,
						901.156,
						632.873,
						0.87,
						992.991,
						678.507,
						0.91,
						953.056,
						693.642,
						1.0,
						1018.981,
						611.241,
						0.78,
						938.699,
						615.683,
						0.79,
						1079.624,
						735.575,
						0.88,
						897.705,
						732.999,
						0.97,
						1078.355,
						838.658,
						0.93,
						918.277,
						852.78,
						1.0
					],
					"area": 29292.289,
					"b_score": 0.975,
					"object_id": 0
				}
			]
		},
		{
			"frame_num": 33,
			"objects": [
				{
					"category_id": 1,
					"bbox": [
						856.9,
						421.41,
						270.37,
						498.42
					],
					"score": 0.83,
					"keypoints": [
						967.307,
						536.7,
						0.92,
						978.351,
						516.203,
						0.99,
						944.794,
						526.539,
						1.0,
						989.637,
						492.59,
						0.46,
						916.646,
						514.976,
						0.95,
						1026.542,
						524.046,
						0.76,
						889.844,
						536.268,
						0.86,
						1025.698,
						603.994,
						0.89,
						901.19,
						624.662,
						0.86,
						996.656,
						675.137,
						0.92,
						946.124,
						687.158,
						0.93,
						1017.651,
						604.756,
						0.7,
						938.237,
						609.587,
						0.72,
						1076.226,
						733.461,
						0.8,
						897.128,
						734.001,
						0.89,
						1078.032,
						839.032,
						0.86,
						917.489,
						851.119,
						0.93
					],
					"area": 30286.402,
					"b_score": 0.975,
					"object_id": 0
				}
			]
		},
		{
			"frame_num": 34,
			"objects": [
				{
					"category_id": 1,
					"bbox": [
						854.82,
						405.4,
						272.67,
						515.97
					],
					"score": 0.934,
					"keypoints": [
						962.24,
						514.95,
						1.0,
						973.126,
						493.339,
						1.0,
						939.946,
						504.212,
						1.0,
						984.419,
						471.006,
						0.61,
						909.693,
						496.558,
						1.0,
						1022.245,
						506.643,
						0.87,
						882.961,
						521.611,
						0.96,
						1023.116,
						594.626,
						0.98,
						899.443,
						615.07,
						1.0,
						998.081,
						672.753,
						1.0,
						941.968,
						680.012,
						1.0,
						1016.82,
						596.1,
						0.75,
						936.755,
						601.209,
						0.85,
						1075.382,
						732.359,
						0.87,
						895.089,
						732.715,
						0.99,
						1078.964,
						838.506,
						0.93,
						915.16,
						852.722,
						1.0
					],
					"area": 31619.888,
					"b_score": 0.973,
					"object_id": 0
				}
			]
		},
		{
			"frame_num": 35,
			"objects": [
				{
					"category_id": 1,
					"bbox": [
						849.42,
						384.95,
						277.08,
						536.06
					],
					"score": 0.89,
					"keypoints": [
						957.038,
						494.193,
						1.0,
						968.059,
						475.699,
						1.0,
						934.515,
						483.024,
						1.0,
						982.233,
						457.204,
						0.41,
						905.462,
						480.842,
						1.0,
						1018.324,
						491.677,
						0.83,
						878.139,
						511.757,
						0.9,
						1026.34,
						585.241,
						1.0,
						896.036,
						602.885,
						0.94,
						1008.156,
						668.872,
						0.99,
						940.975,
						674.702,
						1.0,
						1015.505,
						587.921,
						0.77,
						935.977,
						593.29,
						0.79,
						1074.971,
						728.833,
						0.8,
						895.363,
						733.183,
						0.98,
						1079.564,
						836.146,
						0.97,
						916.72,
						851.938,
						1.0
					],
					"area": 33381.898,
					"b_score": 0.973,
					"object_id": 0
				}
			]
		},
		{
			"frame_num": 36,
			"objects": [
				{
					"category_id": 1,
					"bbox": [
						845.76,
						365.04,
						282.17,
						557.29
					],
					"score": 0.917,
					"keypoints": [
						952.993,
						471.324,
						1.0,
						961.105,
						453.618,
						1.0,
						929.952,
						463.96,
						1.0,
						974.259,
						431.919,
						0.35,
						897.584,
						459.598,
						1.0,
						1015.932,
						475.188,
						0.86,
						869.265,
						497.97,
						0.92,
						1028.168,
						569.622,
						1.0,
						889.14,
						590.359,
						1.0,
						1011.433,
						661.31,
						1.0,
						934.416,
						666.827,
						1.0,
						1012.171,
						580.88,
						0.8,
						934.103,
						586.511,
						0.85,
						1070.093,
						726.092,
						0.78,
						893.68,
						733.364,
						0.97,
						1078.111,
						837.251,
						0.96,
						915.421,
						850.748,
						1.0
					],
					"area": 35341.863,
					"b_score": 0.971,
					"object_id": 0
				}
			]
		},
		{
			"frame_num": 37,
			"objects": [
				{
					"category_id": 1,
					"bbox": [
						835.64,
						343.77,
						292.07,
						579.94
					],
					"score": 0.924,
					"keypoints": [
						947.326,
						451.564,
						1.0,
						954.06,
						433.572,
						1.0,
						923.461,
						440.767,
						1.0,
						966.804,
						414.537,
						0.34,
						892.214,
						439.862,
						1.0,
						1009.456,
						461.899,
						0.87,
						862.734,
						481.898,
						0.91,
						1030.203,
						558.622,
						1.0,
						879.618,
						577.383,
						1.0,
						1018.193,
						656.699,
						1.0,
						926.998,
						657.77,
						1.0,
						1010.805,
						578.011,
						0.77,
						932.408,
						583.898,
						0.81,
						1066.564,
						724.076,
						0.85,
						893.834,
						733.385,
						0.98,
						1079.845,
						836.615,
						0.99,
						916.908,
						852.584,
						1.0
					],
					"area": 38068.91,
					"b_score": 0.979,
					"object_id": 0
				}
			]
		},
		{
			"frame_num": 38,
			"objects": [
				{
					"category_id": 1,
					"bbox": [
						827.03,
						326.92,
						299.55,
						596.89
					],
					"score": 0.901,
					"keypoints": [
						941.237,
						430.983,
						1.0,
						947.462,
						412.504,
						1.0,
						916.595,
						418.885,
						1.0,
						960.154,
						398.533,
						0.48,
						885.362,
						418.955,
						1.0,
						1003.76,
						448.109,
						0.85,
						854.797,
						471.783,
						0.91,
						1029.973,
						547.459,
						1.0,
						866.039,
						570.155,
						1.0,
						1021.934,
						644.727,
						1.0,
						915.136,
						649.575,
						1.0,
						1005.116,
						570.502,
						0.73,
						928.377,
						580.647,
						0.76,
						1060.028,
						716.939,
						0.7,
						893.457,
						733.681,
						0.92,
						1079.606,
						834.893,
						0.96,
						917.347,
						852.441,
						1.0
					],
					"area": 40184.061,
					"b_score": 0.976,
					"object_id": 0
				}
			]
		},
		{
			"frame_num": 39,
			"objects": [
				{
					"category_id": 1,
					"bbox": [
						821.8,
						305.7,
						304.8,
						617.49
					],
					"score": 0.901,
					"keypoints": [
						936.206,
						407.079,
						1.0,
						942.411,
						387.953,
						1.0,
						910.762,
						394.284,
						1.0,
						955.288,
						375.138,
						0.24,
						878.899,
						394.575,
						1.0,
						996.293,
						426.746,
						0.9,
						851.224,
						452.391,
						0.96,
						1029.515,
						524.932,
						1.0,
						855.734,
						554.425,
						1.0,
						1026.958,
						622.818,
						1.0,
						903.398,
						634.348,
						1.0,
						1000.998,
						563.566,
						0.73,
						923.942,
						571.36,
						0.77,
						1057.062,
						712.25,
						0.67,
						893.588,
						731.32,
						0.87,
						1076.374,
						831.835,
						0.99,
						915.036,
						850.689,
						1.0
					],
					"area": 42299.016,
					"b_score": 0.969,
					"object_id": 0
				}
			]
		},
		{
			"frame_num": 40,
			"objects": [
				{
					"category_id": 1,
					"bbox": [
						811.26,
						282.65,
						312.26,
						640.23
					],
					"score": 0.924,
					"keypoints": [
						924.834,
						386.062,
						1.0,
						935.396,
						366.228,
						1.0,
						902.65,
						372.755,
						1.0,
						948.653,
						353.244,
						0.26,
						873.971,
						378.182,
						1.0,
						993.195,
						411.726,
						0.96,
						842.733,
						438.444,
						0.93,
						1027.145,
						511.721,
						1.0,
						844.248,
						539.377,
						1.0,
						1024.98,
						609.084,
						1.0,
						893.273,
						627.782,
						1.0,
						995.686,
						556.526,
						0.76,
						916.839,
						568.001,
						0.8,
						1049.643,
						709.079,
						0.73,
						892.449,
						729.332,
						0.91,
						1072.947,
						832.435,
						0.99,
						912.503,
						851.796,
						1.0
					],
					"area": 44930.329,
					"b_score": 0.973,
					"object_id": 0
				}
			]
		},
		{
			"frame_num": 41,
			"objects": [
				{
					"category_id": 1,
					"bbox": [
						806.17,
						266.71,
						320.38,
						659.48
					],
					"score": 0.931,
					"keypoints": [
						918.718,
						365.668,
						1.0,
						926.956,
						350.587,
						1.0,
						897.512,
						351.947,
						1.0,
						944.906,
						337.159,
						0.5,
						869.619,
						358.782,
						1.0,
						987.682,
						398.64,
						0.94,
						840.647,
						426.174,
						0.94,
						1026.091,
						501.246,
						1.0,
						832.142,
						528.847,
						1.0,
						1029.643,
						595.761,
						1.0,
						882.982,
						622.009,
						1.0,
						992.924,
						553.483,
						0.75,
						911.949,
						566.459,
						0.77,
						1047.206,
						712.696,
						0.83,
						893.126,
						729.735,
						0.88,
						1072.883,
						833.019,
						0.97,
						913.785,
						853.016,
						1.0
					],
					"area": 47485.56,
					"b_score": 0.973,
					"object_id": 0
				}
			]
		},
		{
			"frame_num": 42,
			"objects": [
				{
					"category_id": 1,
					"bbox": [
						798.05,
						249.11,
						321.45,
						678.86
					],
					"score": 0.914,
					"keypoints": [
						915.113,
						349.439,
						1.0,
						926.952,
						329.598,
						1.0,
						893.914,
						335.326,
						1.0,
						938.335,
						321.285,
						0.21,
						865.817,
						342.569,
						1.0,
						985.323,
						390.171,
						0.94,
						837.257,
						413.219,
						0.96,
						1026.03,
						490.44,
						1.0,
						824.795,
						518.607,
						1.0,
						1032.009,
						586.86,
						1.0,
						872.766,
						615.1,
						0.99,
						987.832,
						555.493,
						0.7,
						912.409,
						569.101,
						0.7,
						1043.123,
						715.604,
						0.88,
						892.538,
						731.046,
						0.92,
						1070.078,
						832.725,
						1.0,
						917.159,
						857.765,
						1.0
					],
					"area": 49044.949,
					"b_score": 0.973,
					"object_id": 0
				}
			]
		},
		{
			"frame_num": 43,
			"objects": [
				{
					"category_id": 1,
					"bbox": [
						791.04,
						232.01,
						315.72,
						695.05
					],
					"score": 0.896,
					"keypoints": [
						911.44,
						334.266,
						1.0,
						924.937,
						312.914,
						1.0,
						894.32,
						319.807,
						1.0,
						933.766,
						311.249,
						0.22,
						861.329,
						327.237,
						1.0,
						983.152,
						377.755,
						0.92,
						832.521,
						399.908,
						0.93,
						1025.552,
						479.104,
						1.0,
						818.357,
						507.922,
						1.0,
						1032.111,
						571.638,
						0.96,
						867.035,
						606.968,
						0.95,
						984.347,
						554.701,
						0.7,
						910.636,
						568.849,
						0.7,
						1036.661,
						714.672,
						0.88,
						893.3,
						732.564,
						0.92,
						1064.071,
						830.714,
						0.97,
						916.708,
						858.075,
						1.0
					],
					"area": 49318.987,
					"b_score": 0.979,
					"object_id": 0
				}
			]
		},
		{
			"frame_num": 44,
			"objects": [
				{
					"category_id": 1,
					"bbox": [
						785.22,
						218.81,
						308.91,
						706.74
					],
					"score": 0.888,
					"keypoints": [
						908.475,
						321.91,
						1.0,
						922.78,
						299.936,
						1.0,
						888.394,
						307.192,
						1.0,
						930.668,
						305.42,
						0.15,
						857.506,
						314.709,
						1.0,
						977.152,
						371.94,
						0.86,
						828.295,
						394.071,
						0.98,
						1021.578,
						469.329,
						1.0,
						808.461,
						498.676,
						1.0,
						1031.835,
						562.892,
						0.93,
						857.308,
						593.676,
						0.97,
						982.052,
						554.147,
						0.73,
						904.268,
						568.649,
						0.73,
						1029.199,
						711.774,
						0.82,
						892.744,
						731.827,
						0.88,
						1056.786,
						832.257,
						0.86,
						915.239,
						856.685,
						0.99
					],
					"area": 49065.845,
					"b_score": 0.983,
					"object_id": 0
				}
			]
		},
		{
			"frame_num": 45,
			"objects": [
				{
					"category_id": 1,
					"bbox": [
						776.2,
						213.3,
						303.19,
						713.75
					],
					"score": 0.889,
					"keypoints": [
						908.907,
						304.043,
						1.0,
						919.162,
						287.602,
						1.0,
						887.513,
						289.141,
						1.0,
						931.161,
						289.204,
						0.12,
						857.302,
						302.579,
						1.0,
						976.566,
						362.038,
						0.86,
						827.776,
						384.341,
						0.96,
						1017.533,
						459.005,
						1.0,
						801.264,
						488.714,
						1.0,
						1029.601,
						547.111,
						0.94,
						845.021,
						589.744,
						0.98,
						978.774,
						552.642,
						0.7,
						902.895,
						567.409,
						0.72,
						1024.034,
						709.87,
						0.83,
						896.082,
						731.196,
						0.88,
						1046.527,
						833.224,
						0.83,
						915.965,
						856.533,
						1.0
					],
					"area": 48635.687,
					"b_score": 0.981,
					"object_id": 0
				}
			]
		},
		{
			"frame_num": 46,
			"objects": [
				{
					"category_id": 1,
					"bbox": [
						772.52,
						208.31,
						292.72,
						718.45
					],
					"score": 0.925,
					"keypoints": [
						908.189,
						296.631,
						1.0,
						916.81,
						281.347,
						1.0,
						886.176,
						281.649,
						1.0,
						926.103,
						287.488,
						0.09,
						851.602,
						296.383,
						1.0,
						971.338,
						356.436,
						0.94,
						821.789,
						378.873,
						0.94,
						1010.941,
						459.016,
						1.0,
						792.271,
						483.609,
						1.0,
						1028.339,
						542.318,
						1.0,
						841.215,
						586.989,
						1.0,
						976.702,
						554.7,
						0.73,
						897.116,
						569.489,
						0.73,
						1011.893,
						711.463,
						0.84,
						894.906,
						730.189,
						0.92,
						1025.184,
						833.217,
						0.88,
						915.539,
						856.065,
						1.0
					],
					"area": 47266.022,
					"b_score": 0.98,
					"object_id": 0
				}
			]
		},
		{
			"frame_num": 47,
			"objects": [
				{
					"category_id": 1,
					"bbox": [
						769.05,
						201.44,
						288.26,
						726.9
					],
					"score": 0.912,
					"keypoints": [
						908.864,
						290.48,
						1.0,
						916.901,
						269.512,
						1.0,
						886.461,
						275.355,
						1.0,
						925.194,
						282.697,
						0.11,
						849.958,
						290.509,
						1.0,
						970.561,
						351.208,
						0.9,
						819.847,
						373.873,
						0.97,
						1009.317,
						456.313,
						1.0,
						789.599,
						479.576,
						1.0,
						1025.534,
						539.111,
						1.0,
						835.178,
						578.484,
						1.0,
						977.149,
						554.062,
						0.69,
						895.51,
						569.063,
						0.74,
						1004.406,
						711.925,
						0.86,
						897.586,
						729.244,
						0.87,
						1010.998,
						833.459,
						0.9,
						916.291,
						851.914,
						1.0
					],
					"area": 47092.173,
					"b_score": 0.978,
					"object_id": 0
				}
			]
		},
		{
			"frame_num": 48,
			"objects": [
				{
					"category_id": 1,
					"bbox": [
						765.82,
						195.97,
						285.02,
						735.37
					],
					"score": 0.911,
					"keypoints": [
						906.434,
						279.834,
						1.0,
						914.207,
						263.156,
						1.0,
						883.673,
						264.522,
						1.0,
						926.475,
						272.472,
						0.08,
						850.487,
						279.988,
						1.0,
						967.856,
						347.081,
						0.93,
						820.075,
						369.99,
						0.94,
						1006.561,
						448.447,
						1.0,
						784.531,
						476.826,
						1.0,
						1026.336,
						537.304,
						1.0,
						829.383,
						575.889,
						1.0,
						975.178,
						553.036,
						0.7,
						891.935,
						568.246,
						0.75,
						994.13,
						712.385,
						0.85,
						897.303,
						725.642,
						0.89,
						998.996,
						834.603,
						0.97,
						914.019,
						851.337,
						1.0
					],
					"area": 47106.335,
					"b_score": 0.971,
					"object_id": 0
				}
			]
		},
		{
			"frame_num": 49,
			"objects": [
				{
					"category_id": 1,
					"bbox": [
						765.65,
						190.51,
						287.68,
						736.2
					],
					"score": 0.869,
					"keypoints": [
						906.007,
						273.238,
						1.0,
						913.713,
						257.589,
						1.0,
						883.107,
						257.881,
						1.0,
						927.654,
						271.436,
						0.05,
						851.309,
						279.046,
						1.0,
						967.381,
						347.519,
						0.86,
						820.762,
						365.187,
						0.89,
						1005.933,
						447.746,
						1.0,
						783.506,
						477.67,
						1.0,
						1027.432,
						538.95,
						1.0,
						822.966,
						577.305,
						0.97,
						974.913,
						553.948,
						0.65,
						891.038,
						569.178,
						0.72,
						991.457,
						716.234,
						0.85,
						900.817,
						727.766,
						0.85,
						991.633,
						842.007,
						0.92,
						917.934,
						852.693,
						0.98
					],
					"area": 47599.228,
					"b_score": 0.971,
					"object_id": 0
				}
			]
		},
		{
			"frame_num": 50,
			"objects": [
				{
					"category_id": 1,
					"bbox": [
						766.3,
						187.84,
						285.32,
						741.47
					],
					"score": 0.929,
					"keypoints": [
						905.522,
						270.066,
						1.0,
						913.226,
						248.816,
						1.0,
						882.468,
						254.628,
						1.0,
						927.977,
						264.122,
						0.08,
						851.158,
						271.697,
						1.0,
						962.733,
						341.317,
						0.95,
						820.421,
						362.754,
						0.94,
						1001.578,
						446.974,
						1.0,
						782.243,
						472.4,
						1.0,
						1023.795,
						539.189,
						1.0,
						820.765,
						571.931,
						1.0,
						970.611,
						554.335,
						0.72,
						890.281,
						569.654,
						0.79,
						980.279,
						716.467,
						0.92,
						899.455,
						726.516,
						0.95,
						977.516,
						846.13,
						0.96,
						919.453,
						850.089,
						0.99
					],
					"area": 47547.012,
					"b_score": 0.974,
					"object_id": 0
				}
			]
		},
		{
			"frame_num": 51,
			"objects": [
				{
					"category_id": 1,
					"bbox": [
						768.56,
						185.27,
						278.22,
						745.19
					],
					"score": 0.925,
					"keypoints": [
						904.609,
						267.673,
						1.0,
						912.326,
						250.578,
						1.0,
						881.414,
						252.166,
						1.0,
						927.515,
						265.964,
						0.05,
						850.252,
						273.702,
						1.0,
						960.135,
						343.359,
						0.95,
						819.332,
						365.993,
						0.9,
						999.091,
						445.894,
						1.0,
						785.358,
						474.941,
						1.0,
						1021.696,
						538.66,
						1.0,
						818.968,
						575.7,
						1.0,
						968.069,
						557.785,
						0.71,
						889.198,
						569.586,
						0.77,
						970.61,
						719.736,
						0.97,
						898.18,
						725.808,
						0.98,
						961.23,
						848.009,
						1.0,
						915.143,
						849.432,
						0.96
					],
					"area": 46595.804,
					"b_score": 0.974,
					"object_id": 0
				}
			]
		},
		{
			"frame_num": 52,
			"objects": [
				{
					"category_id": 1,
					"bbox": [
						771.26,
						184.04,
						270.77,
						749.8
					],
					"score": 0.919,
					"keypoints": [
						903.636,
						266.518,
						1.0,
						911.386,
						250.473,
						1.0,
						880.295,
						250.925,
						1.0,
						926.833,
						266.022,
						0.06,
						849.096,
						268.331,
						1.0,
						958.614,
						343.869,
						0.94,
						817.985,
						361.931,
						0.93,
						997.692,
						445.765,
						1.0,
						785.49,
						476.177,
						1.0,
						1020.623,
						539.185,
						1.0,
						817.362,
						572.118,
						1.0,
						966.546,
						559.975,
						0.69,
						888.093,
						570.075,
						0.74,
						961.667,
						722.777,
						0.98,
						897.043,
						726.221,
						0.98,
						951.489,
						856.265,
						1.0,
						912.446,
						855.24,
						1.0
					],
					"area": 45628.777,
					"b_score": 0.971,
					"object_id": 0
				}
			]
		},
		{
			"frame_num": 53,
			"objects": [
				{
					"category_id": 1,
					"bbox": [
						773.57,
						183.16,
						264.17,
						753.13
					],
					"score": 0.889,
					"keypoints": [
						906.523,
						265.836,
						1.0,
						914.371,
						250.042,
						1.0,
						883.142,
						250.172,
						1.0,
						929.784,
						265.702,
						0.05,
						851.847,
						266.406,
						1.0,
						961.699,
						343.945,
						0.89,
						820.655,
						360.488,
						0.94,
						1000.688,
						450.586,
						1.0,
						789.077,
						472.041,
						1.0,
						1019.903,
						544.627,
						1.0,
						821.491,
						571.691,
						1.0,
						965.46,
						561.471,
						0.65,
						887.014,
						570.708,
						0.71,
						958.308,
						729.248,
						0.92,
						898.812,
						729.83,
						0.91,
						949.281,
						860.199,
						1.0,
						915.037,
						859.285,
						0.99
					],
					"area": 44714.297,
					"b_score": 0.968,
					"object_id": 0
				}
			]
		},
		{
			"frame_num": 54,
			"objects": [
				{
					"category_id": 1,
					"bbox": [
						777.29,
						182.53,
						256.29,
						761.34
					],
					"score": 0.907,
					"keypoints": [
						907.855,
						260.32,
						1.0,
						915.766,
						244.513,
						1.0,
						884.313,
						244.494,
						1.0,
						927.616,
						260.524,
						0.06,
						852.812,
						265.997,
						1.0,
						963.307,
						344.655,
						0.92,
						821.387,
						360.789,
						0.93,
						998.66,
						449.186,
						1.0,
						789.815,
						472.016,
						1.0,
						1015.154,
						548.223,
						1.0,
						816.314,
						568.551,
						1.0,
						960.854,
						563.577,
						0.68,
						886.287,
						572.528,
						0.72,
						952.114,
						731.425,
						0.93,
						896.993,
						731.31,
						0.96,
						942.625,
						860.477,
						0.96,
						911.762,
						860.094,
						1.0
					],
					"area": 43853.912,
					"b_score": 0.97,
					"object_id": 0
				}
			]
		},
		{
			"frame_num": 55,
			"objects": [
				{
					"category_id": 1,
					"bbox": [
						780.03,
						182.11,
						252.36,
						762.93
					],
					"score": 0.911,
					"keypoints": [
						908.885,
						258.476,
						1.0,
						916.832,
						242.624,
						1.0,
						885.236,
						242.598,
						1.0,
						926.886,
						258.629,
						0.06,
						853.607,
						265.709,
						1.0,
						964.506,
						344.878,
						0.93,
						822.033,
						355.908,
						0.98,
						998.137,
						448.704,
						1.0,
						794.326,
						467.289,
						1.0,
						1014.101,
						545.596,
						1.0,
						820.525,
						562.13,
						0.97,
						959.245,
						562.03,
						0.68,
						882.081,
						570.372,
						0.71,
						950.673,
						729.179,
						0.92,
						896.015,
						729.631,
						0.94,
						948.277,
						861.24,
						0.97,
						910.835,
						856.643,
						1.0
					],
					"area": 43271.548,
					"b_score": 0.972,
					"object_id": 0
				}
			]
		},
		{
			"frame_num": 56,
			"objects": [
				{
					"category_id": 1,
					"bbox": [
						782.02,
						181.26,
						247.52,
						763.7
					],
					"score": 0.924,
					"keypoints": [
						909.257,
						257.379,
						1.0,
						917.217,
						241.494,
						1.0,
						885.526,
						241.474,
						1.0,
						926.314,
						257.482,
						0.03,
						853.813,
						265.117,
						1.0,
						964.94,
						344.566,
						0.97,
						822.133,
						353.681,
						0.98,
						997.711,
						452.497,
						1.0,
						796.222,
						469.812,
						1.0,
						1008.074,
						548.476,
						1.0,
						821.598,
						565.447,
						1.0,
						953.84,
						563.832,
						0.69,
						879.867,
						572.248,
						0.74,
						944.699,
						731.51,
						0.93,
						891.799,
						731.33,
						0.93,
						943.105,
						866.978,
						0.99,
						910.2,
						859.431,
						1.0
					],
					"area": 42484.543,
					"b_score": 0.974,
					"object_id": 0
				}
			]
		},
		{
			"frame_num": 57,
			"objects": [
				{
					"category_id": 1,
					"bbox": [
						782.92,
						181.49,
						245.08,
						761.58
					],
					"score": 0.916,
					"keypoints": [
						909.33,
						257.034,
						1.0,
						920.358,
						241.168,
						1.0,
						888.695,
						241.157,
						1.0,
						925.843,
						252.011,
						0.02,
						853.851,
						264.905,
						1.0,
						964.949,
						344.314,
						0.93,
						822.149,
						352.694,
						1.0,
						997.222,
						453.887,
						1.0,
						797.185,
						465.896,
						1.0,
						1010.888,
						554.523,
						1.0,
						821.942,
						560.514,
						1.0,
						955.537,
						564.669,
						0.69,
						878.724,
						572.99,
						0.73,
						947.481,
						732.128,
						0.9,
						892.505,
						735.33,
						0.95,
						947.462,
						862.385,
						1.0,
						909.752,
						859.626,
						1.0
					],
					"area": 41948.596,
					"b_score": 0.975,
					"object_id": 0
				}
			]
		},
		{
			"frame_num": 58,
			"objects": [
				{
					"category_id": 1,
					"bbox": [
						784.34,
						180.54,
						242.25,
						762.39
					],
					"score": 0.915,
					"keypoints": [
						912.324,
						256.369,
						1.0,
						922.121,
						240.491,
						1.0,
						890.451,
						240.48,
						1.0,
						928.96,
						259.113,
						0.05,
						856.935,
						259.273,
						1.0,
						964.985,
						343.774,
						0.9,
						822.119,
						351.855,
						0.97,
						997.023,
						454.211,
						1.0,
						797.652,
						463.913,
						1.0,
						1011.956,
						556.558,
						1.0,
						822.023,
						558.633,
						1.0,
						956.335,
						568.258,
						0.67,
						878.178,
						573.24,
						0.71,
						948.503,
						732.289,
						0.87,
						889.532,
						737.578,
						0.95,
						948.636,
						865.737,
						0.97,
						909.573,
						859.583,
						1.0
					],
					"area": 41508.016,
					"b_score": 0.976,
					"object_id": 0
				}
			]
		},
		{
			"frame_num": 59,
			"objects": [
				{
					"category_id": 1,
					"bbox": [
						785.34,
						180.8,
						241.12,
						762.71
					],
					"score": 0.911,
					"keypoints": [
						914.255,
						256.307,
						1.0,
						923.417,
						240.422,
						1.0,
						894.996,
						240.418,
						1.0,
						933.358,
						262.007,
						0.05,
						858.794,
						257.405,
						1.0,
						968.319,
						343.718,
						0.9,
						822.275,
						351.713,
						0.95,
						997.132,
						454.548,
						1.0,
						798.07,
						463.305,
						1.0,
						1012.639,
						557.57,
						1.0,
						822.284,
						558.33,
						1.0,
						956.934,
						567.439,
						0.68,
						878.133,
						573.548,
						0.73,
						949.149,
						732.596,
						0.87,
						884.092,
						739.074,
						0.97,
						949.274,
						862.385,
						0.94,
						909.74,
						859.862,
						1.0
					],
					"area": 41330.964,
					"b_score": 0.977,
					"object_id": 0
				}
			]
		},
		{
			"frame_num": 60,
			"objects": [
				{
					"category_id": 1,
					"bbox": [
						785.86,
						181.25,
						241.47,
						761.46
					],
					"score": 0.909,
					"keypoints": [
						915.85,
						251.553,
						1.0,
						924.541,
						240.613,
						1.0,
						898.284,
						240.614,
						1.0,
						936.918,
						263.386,
						0.08,
						860.303,
						256.915,
						1.0,
						970.355,
						343.787,
						0.91,
						822.709,
						351.757,
						0.95,
						997.435,
						454.716,
						1.0,
						798.662,
						463.042,
						1.0,
						1013.213,
						557.839,
						1.0,
						822.85,
						558.122,
						1.0,
						957.518,
						570.107,
						0.67,
						878.476,
						573.669,
						0.71,
						949.766,
						732.558,
						0.88,
						877.284,
						739.689,
						0.97,
						949.882,
						860.754,
						0.95,
						910.186,
						855.114,
						1.0
					],
					"area": 41323.073,
					"b_score": 0.978,
					"object_id": 0
				}
			]
		},
		{
			"frame_num": 61,
			"objects": [
				{
					"category_id": 1,
					"bbox": [
						785.73,
						182.52,
						241.61,
						760.29
					],
					"score": 0.928,
					"keypoints": [
						916.844,
						255.226,
						1.0,
						925.222,
						241.375,
						1.0,
						900.186,
						241.383,
						1.0,
						939.13,
						264.582,
						0.07,
						861.304,
						257.414,
						1.0,
						971.591,
						344.34,
						0.91,
						822.984,
						352.321,
						0.98,
						997.512,
						458.524,
						1.0,
						795.616,
						463.38,
						1.0,
						1013.342,
						558.36,
						1.0,
						823.135,
						558.485,
						1.0,
						953.808,
						572.015,
						0.68,
						874.612,
						573.982,
						0.76,
						949.948,
						732.72,
						0.91,
						864.533,
						744.031,
						1.0,
						944.666,
						860.168,
						1.0,
						905.519,
						853.112,
						0.98
					],
					"area": 41284.743,
					"b_score": 0.979,
					"object_id": 0
				}
			]
		},
		{
			"frame_num": 62,
			"objects": [
				{
					"category_id": 1,
					"bbox": [
						785.86,
						183.61,
						240.85,
						756.14
					],
					"score": 0.93,
					"keypoints": [
						917.336,
						257.046,
						1.0,
						928.876,
						242.111,
						1.0,
						901.151,
						242.123,
						1.0,
						940.242,
						265.453,
						0.07,
						861.941,
						257.996,
						1.0,
						972.189,
						348.33,
						0.93,
						823.223,
						352.655,
						0.98,
						997.234,
						460.374,
						1.0,
						794.037,
						463.296,
						1.0,
						1012.948,
						563.059,
						1.0,
						818.621,
						558.025,
						1.0,
						951.693,
						572.65,
						0.69,
						872.684,
						573.804,
						0.74,
						949.763,
						732.007,
						0.9,
						854.068,
						745.343,
						1.0,
						942.687,
						858.497,
						1.0,
						898.044,
						850.69,
						0.96
					],
					"area": 40930.547,
					"b_score": 0.982,
					"object_id": 0
				}
			]
		},
		{
			"frame_num": 63,
			"objects": [
				{
					"category_id": 1,
					"bbox": [
						785.81,
						183.62,
						240.76,
						757.46
					],
					"score": 0.929,
					"keypoints": [
						917.603,
						257.888,
						1.0,
						931.046,
						242.488,
						1.0,
						901.633,
						242.498,
						1.0,
						940.861,
						265.95,
						0.06,
						862.267,
						258.321,
						1.0,
						972.579,
						350.456,
						0.93,
						823.269,
						352.967,
						0.97,
						997.1,
						461.613,
						1.0,
						793.025,
						459.284,
						1.0,
						1012.819,
						565.175,
						1.0,
						816.653,
						558.256,
						1.0,
						950.636,
						573.313,
						0.69,
						867.407,
						573.942,
						0.76,
						949.665,
						732.0,
						0.89,
						849.793,
						746.505,
						1.0,
						942.028,
						858.354,
						1.0,
						889.732,
						850.479,
						0.96
					],
					"area": 40985.767,
					"b_score": 0.982,
					"object_id": 0
				}
			]
		},
		{
			"frame_num": 64,
			"objects": [
				{
					"category_id": 1,
					"bbox": [
						785.38,
						183.61,
						242.59,
						758.74
					],
					"score": 0.931,
					"keypoints": [
						917.966,
						253.935,
						1.0,
						932.522,
						242.702,
						1.0,
						902.111,
						238.27,
						1.0,
						941.451,
						266.259,
						0.06,
						862.63,
						258.521,
						1.0,
						970.171,
						351.715,
						0.94,
						823.433,
						353.254,
						0.95,
						997.296,
						462.517,
						1.0,
						792.605,
						457.68,
						1.0,
						1013.112,
						566.31,
						1.0,
						816.124,
						558.704,
						1.0,
						950.398,
						573.967,
						0.7,
						865.165,
						574.253,
						0.77,
						949.917,
						735.964,
						0.91,
						848.367,
						747.558,
						1.0,
						942.164,
						858.875,
						0.99,
						875.446,
						851.048,
						1.0
					],
					"area": 41367.957,
					"b_score": 0.983,
					"object_id": 0
				}
			]
		},
		{
			"frame_num": 65,
			"objects": [
				{
					"category_id": 1,
					"bbox": [
						783.38,
						181.61,
						246.72,
						763.7
					],
					"score": 0.935,
					"keypoints": [
						918.242,
						251.315,
						1.0,
						930.102,
						241.951,
						1.0,
						902.393,
						235.485,
						1.0,
						938.813,
						261.71,
						0.05,
						862.768,
						257.807,
						1.0,
						968.728,
						348.639,
						0.99,
						823.347,
						348.796,
						0.97,
						994.163,
						460.002,
						1.0,
						795.319,
						456.827,
						1.0,
						1008.958,
						562.419,
						1.0,
						815.601,
						554.177,
						1.0,
						946.396,
						571.425,
						0.66,
						864.016,
						574.645,
						0.74,
						945.992,
						735.328,
						0.93,
						847.615,
						745.287,
						1.0,
						942.397,
						855.977,
						0.97,
						865.708,
						852.545,
						1.0
					],
					"area": 42346.989,
					"b_score": 0.981,
					"object_id": 0
				}
			]
		},
		{
			"frame_num": 66,
			"objects": [
				{
					"category_id": 1,
					"bbox": [
						782.04,
						180.05,
						248.67,
						765.24
					],
					"score": 0.927,
					"keypoints": [
						915.503,
						249.375,
						1.0,
						928.642,
						240.856,
						1.0,
						899.319,
						233.464,
						1.0,
						937.208,
						258.677,
						0.06,
						862.678,
						256.741,
						1.0,
						964.145,
						346.292,
						1.0,
						823.09,
						345.992,
						0.98,
						992.296,
						457.966,
						1.0,
						796.62,
						455.909,
						1.0,
						1007.16,
						560.488,
						1.0,
						815.06,
						551.962,
						1.0,
						944.272,
						569.723,
						0.67,
						863.242,
						574.64,
						0.74,
						944.003,
						734.794,
						0.93,
						847.029,
						743.917,
						0.98,
						942.308,
						854.6,
						0.97,
						856.907,
						853.112,
						0.97
					],
					"area": 42767.008,
					"b_score": 0.98,
					"object_id": 0
				}
			]
		},
		{
			"frame_num": 67,
			"objects": [
				{
					"category_id": 1,
					"bbox": [
						779.77,
						178.9,
						250.87,
						768.05
					],
					"score": 0.932,
					"keypoints": [
						913.082,
						248.02,
						1.0,
						924.341,
						235.479,
						1.0,
						897.208,
						232.047,
						1.0,
						935.768,
						256.739,
						0.03,
						862.136,
						255.785,
						1.0,
						960.959,
						344.735,
						1.0,
						818.803,
						344.376,
						1.0,
						990.873,
						456.677,
						1.0,
						796.835,
						455.399,
						1.0,
						1005.962,
						559.663,
						1.0,
						813.937,
						551.304,
						1.0,
						942.706,
						571.732,
						0.67,
						862.19,
						574.737,
						0.75,
						942.528,
						734.851,
						0.94,
						846.0,
						743.513,
						0.97,
						941.647,
						854.794,
						0.97,
						840.88,
						854.073,
						0.93
					],
					"area": 43305.136,
					"b_score": 0.979,
					"object_id": 0
				}
			]
		},
		{
			"frame_num": 68,
			"objects": [
				{
					"category_id": 1,
					"bbox": [
						775.89,
						178.62,
						253.83,
						766.86
					],
					"score": 0.899,
					"keypoints": [
						913.712,
						247.213,
						1.0,
						923.74,
						232.799,
						1.0,
						897.777,
						231.228,
						1.0,
						933.826,
						255.605,
						0.03,
						861.011,
						255.133,
						1.0,
						957.989,
						343.649,
						0.96,
						818.857,
						343.341,
						1.0,
						988.903,
						455.623,
						1.0,
						796.123,
						454.801,
						1.0,
						1008.554,
						553.729,
						1.0,
						812.091,
						555.031,
						0.99,
						940.674,
						572.641,
						0.64,
						864.456,
						574.493,
						0.67,
						944.633,
						734.427,
						0.9,
						848.601,
						746.234,
						0.93,
						944.377,
						854.12,
						0.94,
						836.071,
						849.068,
						0.92
					],
					"area": 43747.589,
					"b_score": 0.976,
					"object_id": 0
				}
			]
		},
		{
			"frame_num": 69,
			"objects": [
				{
					"category_id": 1,
					"bbox": [
						770.76,
						176.67,
						255.97,
						768.55
					],
					"score": 0.911,
					"keypoints": [
						912.573,
						250.003,
						1.0,
						921.717,
						234.821,
						1.0,
						896.706,
						234.035,
						1.0,
						934.183,
						258.049,
						0.03,
						858.614,
						257.806,
						1.0,
						958.36,
						345.854,
						0.95,
						817.029,
						345.991,
						1.0,
						989.764,
						454.428,
						1.0,
						793.905,
						457.638,
						1.0,
						1012.012,
						555.578,
						1.0,
						808.611,
						560.877,
						1.0,
						941.713,
						572.766,
						0.66,
						863.62,
						576.959,
						0.72,
						943.715,
						737.301,
						0.9,
						851.648,
						747.488,
						0.98,
						943.498,
						857.936,
						0.9,
						831.803,
						851.268,
						0.96
					],
					"area": 44213.521,
					"b_score": 0.976,
					"object_id": 0
				}
			]
		},
		{
			"frame_num": 70,
			"objects": [
				{
					"category_id": 1,
					"bbox": [
						765.45,
						176.07,
						260.34,
						772.82
					],
					"score": 0.911,
					"keypoints": [
						910.582,
						251.231,
						1.0,
						919.145,
						235.626,
						1.0,
						894.754,
						235.213,
						1.0,
						933.277,
						259.207,
						0.03,
						855.586,
						259.073,
						1.0,
						953.193,
						347.182,
						0.96,
						814.313,
						347.443,
						0.98,
						985.111,
						454.158,
						1.0,
						790.871,
						459.483,
						1.0,
						1012.197,
						557.107,
						1.0,
						810.119,
						564.397,
						1.0,
						940.826,
						573.477,
						0.67,
						861.561,
						579.265,
						0.7,
						945.692,
						740.161,
						0.93,
						851.503,
						749.37,
						0.99,
						945.873,
						861.797,
						0.94,
						828.194,
						854.045,
						0.99
					],
					"area": 45217.589,
					"b_score": 0.977,
					"object_id": 0
				}
			]
		},
		{
			"frame_num": 71,
			"objects": [
				{
					"category_id": 1,
					"bbox": [
						760.66,
						175.95,
						262.8,
						772.34
					],
					"score": 0.935,
					"keypoints": [
						903.75,
						251.769,
						1.0,
						911.789,
						235.947,
						1.0,
						888.059,
						235.724,
						1.0,
						927.391,
						259.742,
						0.05,
						847.949,
						259.666,
						1.0,
						948.615,
						347.859,
						0.99,
						806.794,
						348.101,
						0.98,
						980.764,
						453.883,
						1.0,
						783.213,
						460.351,
						1.0,
						1010.371,
						552.865,
						1.0,
						803.028,
						565.485,
						1.0,
						934.232,
						573.76,
						0.66,
						858.709,
						580.506,
						0.7,
						941.039,
						741.527,
						0.96,
						845.389,
						750.188,
						1.0,
						945.093,
						863.023,
						0.93,
						818.203,
						855.016,
						1.0
					],
					"area": 45616.402,
					"b_score": 0.977,
					"object_id": 0
				}
			]
		},
		{
			"frame_num": 72,
			"objects": [
				{
					"category_id": 1,
					"bbox": [
						755.3,
						176.26,
						263.86,
						769.65
					],
					"score": 0.927,
					"keypoints": [
						897.371,
						252.07,
						1.0,
						909.551,
						236.156,
						1.0,
						881.661,
						236.031,
						1.0,
						916.898,
						256.334,
						0.02,
						845.587,
						259.998,
						1.0,
						943.641,
						348.152,
						1.0,
						800.477,
						348.331,
						0.97,
						975.832,
						453.449,
						1.0,
						776.758,
						460.564,
						1.0,
						1006.282,
						550.504,
						1.0,
						803.049,
						570.542,
						1.0,
						932.717,
						573.507,
						0.69,
						854.816,
						580.765,
						0.74,
						940.21,
						741.501,
						0.98,
						844.228,
						749.881,
						0.98,
						941.781,
						862.273,
						0.92,
						824.823,
						854.31,
						0.98
					],
					"area": 45642.164,
					"b_score": 0.976,
					"object_id": 0
				}
			]
		},
		{
			"frame_num": 73,
			"objects": [
				{
					"category_id": 1,
					"bbox": [
						749.72,
						176.44,
						264.49,
						766.47
					],
					"score": 0.904,
					"keypoints": [
						891.23,
						252.168,
						1.0,
						901.122,
						236.231,
						1.0,
						875.491,
						236.162,
						1.0,
						908.547,
						258.06,
						0.02,
						837.272,
						256.472,
						1.0,
						933.388,
						348.133,
						1.0,
						794.73,
						348.232,
						0.94,
						965.544,
						455.909,
						1.0,
						775.407,
						463.22,
						1.0,
						1000.723,
						548.744,
						1.0,
						799.779,
						576.887,
						1.0,
						924.453,
						576.069,
						0.67,
						850.128,
						583.801,
						0.71,
						937.009,
						744.206,
						0.95,
						840.982,
						748.799,
						0.94,
						941.814,
						860.565,
						0.94,
						828.475,
						857.104,
						0.97
					],
					"area": 45561.642,
					"b_score": 0.971,
					"object_id": 0
				}
			]
		},
		{
			"frame_num": 74,
			"objects": [
				{
					"category_id": 1,
					"bbox": [
						744.82,
						176.74,
						267.76,
						771.28
					],
					"score": 0.93,
					"keypoints": [
						886.538,
						252.559,
						1.0,
						895.326,
						236.575,
						1.0,
						865.905,
						236.529,
						1.0,
						897.998,
						251.709,
						0.02,
						831.265,
						254.896,
						1.0,
						927.192,
						348.627,
						1.0,
						789.953,
						348.75,
						0.99,
						959.393,
						455.133,
						1.0,
						768.094,
						465.706,
						1.0,
						991.086,
						549.693,
						1.0,
						796.085,
						575.262,
						1.0,
						918.973,
						575.409,
						0.72,
						841.254,
						583.231,
						0.74,
						933.881,
						743.729,
						0.96,
						837.529,
						746.64,
						0.96,
						940.142,
						857.842,
						0.95,
						827.107,
						856.279,
						0.97
					],
					"area": 46414.369,
					"b_score": 0.972,
					"object_id": 0
				}
			]
		},
		{
			"frame_num": 75,
			"objects": [
				{
					"category_id": 1,
					"bbox": [
						740.57,
						175.85,
						269.67,
						772.45
					],
					"score": 0.918,
					"keypoints": [
						882.564,
						252.444,
						1.0,
						890.866,
						236.41,
						1.0,
						864.466,
						236.387,
						1.0,
						896.551,
						247.94,
						0.02,
						826.638,
						253.683,
						1.0,
						922.715,
						348.708,
						0.93,
						785.895,
						348.791,
						0.99,
						954.943,
						454.467,
						1.0,
						762.777,
						467.195,
						1.0,
						991.765,
						549.878,
						1.0,
						792.528,
						574.556,
						1.0,
						919.354,
						574.917,
						0.69,
						840.103,
						582.802,
						0.72,
						934.807,
						743.46,
						0.94,
						834.071,
						745.38,
						0.96,
						942.101,
						861.128,
						0.93,
						829.688,
						856.001,
						0.96
					],
					"area": 46816.708,
					"b_score": 0.977,
					"object_id": 0
				}
			]
		},
		{
			"frame_num": 76,
			"objects": [
				{
					"category_id": 1,
					"bbox": [
						735.06,
						175.83,
						268.54,
						774.23
					],
					"score": 0.941,
					"keypoints": [
						877.302,
						252.447,
						1.0,
						885.397,
						236.371,
						1.0,
						855.451,
						236.358,
						1.0,
						887.37,
						246.136,
						0.03,
						821.001,
						253.115,
						1.0,
						917.285,
						345.656,
						0.99,
						780.462,
						348.963,
						0.99,
						949.568,
						454.311,
						1.0,
						756.729,
						468.397,
						1.0,
						981.871,
						550.424,
						1.0,
						780.7,
						574.857,
						1.0,
						911.387,
						574.964,
						0.71,
						836.101,
						582.929,
						0.73,
						932.298,
						743.871,
						0.95,
						829.009,
						745.037,
						1.0,
						939.665,
						863.625,
						0.95,
						826.605,
						856.728,
						0.99
					],
					"area": 46726.746,
					"b_score": 0.979,
					"object_id": 0
				}
			]
		},
		{
			"frame_num": 77,
			"objects": [
				{
					"category_id": 1,
					"bbox": [
						730.18,
						175.42,
						265.9,
						773.61
					],
					"score": 0.94,
					"keypoints": [
						866.292,
						252.248,
						1.0,
						874.252,
						236.152,
						1.0,
						847.901,
						236.149,
						1.0,
						879.834,
						248.888,
						0.04,
						809.809,
						252.592,
						1.0,
						911.28,
						343.516,
						0.98,
						774.506,
						348.846,
						1.0,
						938.363,
						453.964,
						1.0,
						750.516,
						468.86,
						1.0,
						967.949,
						545.176,
						1.0,
						779.105,
						574.528,
						1.0,
						904.23,
						574.716,
						0.71,
						830.758,
						582.704,
						0.74,
						927.729,
						743.729,
						0.97,
						827.829,
						744.517,
						0.97,
						939.674,
						864.083,
						0.95,
						821.258,
						861.49,
						0.96
					],
					"area": 46229.932,
					"b_score": 0.982,
					"object_id": 0
				}
			]
		},
		{
			"frame_num": 78,
			"objects": [
				{
					"category_id": 1,
					"bbox": [
						726.1,
						175.91,
						263.82,
						772.88
					],
					"score": 0.942,
					"keypoints": [
						858.691,
						252.31,
						1.0,
						866.644,
						236.214,
						1.0,
						841.759,
						236.211,
						1.0,
						873.739,
						246.707,
						0.03,
						802.222,
						255.811,
						1.0,
						905.755,
						342.415,
						1.0,
						769.04,
						351.67,
						0.96,
						930.812,
						453.849,
						1.0,
						744.952,
						469.225,
						1.0,
						960.719,
						548.066,
						1.0,
						774.999,
						579.702,
						1.0,
						903.098,
						574.609,
						0.71,
						825.49,
						582.615,
						0.77,
						922.678,
						743.633,
						0.93,
						824.482,
						744.158,
						1.0,
						936.533,
						864.185,
						0.97,
						821.61,
						863.227,
						1.0
					],
					"area": 45826.621,
					"b_score": 0.981,
					"object_id": 0
				}
			]
		},
		{
			"frame_num": 79,
			"objects": [
				{
					"category_id": 1,
					"bbox": [
						723.7,
						176.38,
						260.54,
						772.51
					],
					"score": 0.916,
					"keypoints": [
						858.274,
						252.519,
						1.0,
						866.283,
						236.431,
						1.0,
						841.843,
						236.425,
						1.0,
						873.953,
						245.786,
						0.02,
						801.886,
						257.717,
						1.0,
						906.069,
						341.958,
						0.96,
						769.298,
						353.856,
						0.97,
						930.569,
						453.907,
						1.0,
						745.179,
						469.576,
						1.0,
						962.133,
						549.391,
						1.0,
						770.965,
						581.701,
						1.0,
						900.254,
						574.647,
						0.73,
						825.673,
						582.672,
						0.72,
						922.515,
						743.657,
						0.92,
						825.194,
						743.992,
						0.97,
						937.647,
						864.307,
						0.96,
						824.173,
						863.955,
						0.95
					],
					"area": 45234.657,
					"b_score": 0.979,
					"object_id": 0
				}
			]
		},
		{
			"frame_num": 80,
			"objects": [
				{
					"category_id": 1,
					"bbox": [
						719.27,
						177.0,
						258.5,
						764.42
					],
					"score": 0.911,
					"keypoints": [
						854.796,
						252.571,
						1.0,
						862.75,
						236.547,
						1.0,
						838.709,
						236.543,
						1.0,
						870.604,
						245.264,
						0.03,
						798.785,
						258.746,
						1.0,
						902.611,
						341.219,
						0.94,
						761.863,
						354.752,
						0.97,
						926.618,
						453.041,
						1.0,
						742.758,
						472.148,
						1.0,
						957.561,
						548.223,
						1.0,
						766.522,
						585.307,
						1.0,
						900.269,
						573.431,
						0.69,
						822.804,
						584.487,
						0.71,
						923.359,
						741.656,
						0.95,
						822.751,
						744.806,
						0.95,
						938.963,
						865.151,
						0.94,
						826.624,
						865.087,
						0.97
					],
					"area": 44410.658,
					"b_score": 0.975,
					"object_id": 0
				}
			]
		}
	],
	"categories": [
		{
			"supercategory": "person",
			"id": 1,
			"name": "person",
			"keypoints": [
				"nose",
				"left_eye",
				"right_eye",
				"left_ear",
				"right_ear",
				"left_shoulder",
				"right_shoulder",
				"left_elbow",
				"right_elbow",
				"left_wrist",
				"right_wrist",
				"left_hip",
				"right_hip",
				"left_knee",
				"right_knee",
				"left_ankle",
				"right_ankle"
			],
			"skeleton": [
				[
					0,
					1
				],
				[
					0,
					2
				],
				[
					1,
					3
				],
				[
					2,
					4
				],
				[
					0,
					5
				],
				[
					0,
					6
				],
				[
					5,
					7
				],
				[
					6,
					8
				],
				[
					7,
					9
				],
				[
					8,
					10
				],
				[
					5,
					11
				],
				[
					6,
					12
				],
				[
					11,
					13
				],
				[
					12,
					14
				],
				[
					13,
					15
				],
				[
					14,
					16
				]
			]
		}
	]
}