{
	"info": {
		"description": "2D pose estimation outputs from Hawaii 2D Pose (based on MultiPoseNet)",
		"url": "",
		"version": "191128",
		"year": 2020,
		"contributor": "KakaoBrain-HumanCV",
		"date_created": "2020-01-15 18:22:44"
	},
	"video": {
		"path": "S005C002P010R002A009_rgb.avi",
		"width": 1920,
		"height": 1080,
		"original_length": 50,
		"fps": 30.0
	},
	"annotations": [
		{
			"frame_num": 0,
			"objects": [
				{
					"category_id": 1,
					"bbox": [
						901.65,
						457.09,
						216.86,
						482.76
					],
					"score": 0.845,
					"keypoints": [
						1047.79,
						514.92,
						1.0,
						1062.88,
						504.86,
						1.0,
						1042.76,
						499.84,
						1.0,
						1082.99,
						519.95,
						1.0,
						1027.68,
						499.84,
						0.28,
						1098.08,
						585.32,
						0.95,
						997.5,
						565.21,
						1.0,
						1072.93,
						675.84,
						0.96,
						982.42,
						645.67,
						0.94,
						997.5,
						711.04,
						0.89,
						972.36,
						711.04,
						0.92,
						1067.91,
						706.01,
						0.68,
						1002.53,
						690.93,
						0.67,
						1017.62,
						741.21,
						0.96,
						922.07,
						726.13,
						0.98,
						1057.85,
						876.99,
						0.83,
						957.27,
						861.9,
						0.85
					],
					"area": 23528.819,
					"b_score": 0.936,
					"object_id": 0
				}
			]
		},
		{
			"frame_num": 1,
			"objects": [
				{
					"category_id": 1,
					"bbox": [
						899.31,
						458.09,
						219.06,
						482.39
					],
					"score": 0.867,
					"keypoints": [
						1047.347,
						513.419,
						1.0,
						1062.433,
						505.199,
						1.0,
						1042.321,
						500.176,
						1.0,
						1084.362,
						520.282,
						1.0,
						1029.067,
						502.116,
						0.27,
						1097.623,
						585.638,
						0.92,
						997.071,
						565.532,
						1.0,
						1072.483,
						678.062,
						0.99,
						983.819,
						645.97,
						0.99,
						996.857,
						714.404,
						0.92,
						971.728,
						711.463,
						0.97,
						1067.46,
						706.293,
						0.67,
						1003.925,
						693.144,
						0.66,
						1017.184,
						741.485,
						0.99,
						921.663,
						726.405,
						1.0,
						1059.94,
						877.344,
						0.82,
						959.408,
						865.195,
						0.9
					],
					"area": 23749.898,
					"b_score": 0.945,
					"object_id": 0
				}
			]
		},
		{
			"frame_num": 2,
			"objects": [
				{
					"category_id": 1,
					"bbox": [
						897.8,
						459.0,
						219.9,
						480.76
					],
					"score": 0.9,
					"keypoints": [
						1048.399,
						512.729,
						1.0,
						1063.464,
						505.693,
						1.0,
						1043.383,
						500.675,
						1.0,
						1084.736,
						520.753,
						1.0,
						1029.519,
						503.908,
						0.27,
						1098.601,
						586.019,
						0.96,
						998.198,
						565.937,
						1.0,
						1071.703,
						679.571,
						1.0,
						984.338,
						646.264,
						1.0,
						995.973,
						715.885,
						0.94,
						970.894,
						711.692,
						0.99,
						1066.688,
						706.506,
						0.68,
						1004.415,
						694.627,
						0.66,
						1016.486,
						741.649,
						1.0,
						921.104,
						726.59,
						1.0,
						1060.156,
						877.254,
						0.87,
						959.833,
						866.339,
						0.93
					],
					"area": 23759.705,
					"b_score": 0.95,
					"object_id": 0
				}
			]
		},
		{
			"frame_num": 3,
			"objects": [
				{
					"category_id": 1,
					"bbox": [
						896.56,
						458.94,
						221.18,
						481.19
					],
					"score": 0.903,
					"keypoints": [
						1048.889,
						514.084,
						1.0,
						1063.944,
						506.007,
						1.0,
						1043.875,
						500.991,
						1.0,
						1084.774,
						521.059,
						1.0,
						1029.586,
						503.004,
						0.24,
						1099.063,
						586.285,
						0.96,
						998.719,
						566.215,
						1.0,
						1070.992,
						680.552,
						1.0,
						984.432,
						646.494,
						1.0,
						995.224,
						716.591,
						0.95,
						970.157,
						711.892,
						0.99,
						1065.979,
						706.703,
						0.67,
						1004.499,
						695.6,
						0.65,
						1015.811,
						741.822,
						1.0,
						920.487,
						726.77,
						1.0,
						1059.952,
						877.371,
						0.87,
						959.667,
						864.266,
						0.92
					],
					"area": 23919.912,
					"b_score": 0.951,
					"object_id": 0
				}
			]
		},
		{
			"frame_num": 4,
			"objects": [
				{
					"category_id": 1,
					"bbox": [
						894.96,
						459.04,
						223.19,
						482.63
					],
					"score": 0.907,
					"keypoints": [
						1049.034,
						515.065,
						1.0,
						1064.102,
						506.296,
						1.0,
						1044.018,
						501.276,
						1.0,
						1084.67,
						521.358,
						1.0,
						1029.437,
						504.526,
						0.26,
						1099.246,
						586.632,
						0.96,
						998.829,
						566.548,
						1.0,
						1070.387,
						681.461,
						1.0,
						984.252,
						646.884,
						1.0,
						994.533,
						717.395,
						0.98,
						969.431,
						712.444,
						1.0,
						1065.371,
						707.135,
						0.67,
						1002.568,
						696.522,
						0.66,
						1015.162,
						742.279,
						1.0,
						919.767,
						727.217,
						1.0,
						1059.633,
						878.152,
						0.86,
						959.207,
						863.996,
						0.91
					],
					"area": 24209.827,
					"b_score": 0.952,
					"object_id": 0
				}
			]
		},
		{
			"frame_num": 5,
			"objects": [
				{
					"category_id": 1,
					"bbox": [
						894.23,
						459.74,
						223.91,
						481.23
					],
					"score": 0.893,
					"keypoints": [
						1048.95,
						515.92,
						1.0,
						1064.004,
						508.712,
						1.0,
						1043.933,
						501.672,
						1.0,
						1084.391,
						521.743,
						1.0,
						1029.187,
						503.691,
						0.24,
						1099.129,
						586.977,
						0.96,
						998.771,
						566.902,
						1.0,
						1069.794,
						682.018,
						1.0,
						984.027,
						647.19,
						0.98,
						994.037,
						717.69,
						0.95,
						968.959,
						712.684,
						0.97,
						1064.777,
						707.403,
						0.66,
						1002.951,
						697.07,
						0.67,
						1014.604,
						742.526,
						1.0,
						919.268,
						727.473,
						1.0,
						1059.213,
						878.236,
						0.87,
						958.87,
						863.624,
						0.88
					],
					"area": 24217.614,
					"b_score": 0.952,
					"object_id": 0
				}
			]
		},
		{
			"frame_num": 6,
			"objects": [
				{
					"category_id": 1,
					"bbox": [
						894.48,
						460.34,
						223.93,
						480.57
					],
					"score": 0.915,
					"keypoints": [
						1048.968,
						516.671,
						1.0,
						1064.006,
						510.45,
						1.0,
						1043.953,
						502.128,
						1.0,
						1084.266,
						522.179,
						1.0,
						1029.109,
						505.384,
						0.29,
						1099.105,
						587.353,
						0.96,
						998.832,
						567.299,
						1.0,
						1069.495,
						682.465,
						1.0,
						983.989,
						647.511,
						1.0,
						993.978,
						715.311,
						0.95,
						965.912,
						712.93,
						1.0,
						1064.481,
						707.669,
						0.66,
						1001.47,
						697.503,
						0.69,
						1014.353,
						742.761,
						1.0,
						917.052,
						727.724,
						1.0,
						1059.109,
						878.286,
						0.89,
						956.06,
						863.467,
						0.92
					],
					"area": 24185.853,
					"b_score": 0.95,
					"object_id": 0
				}
			]
		},
		{
			"frame_num": 7,
			"objects": [
				{
					"category_id": 1,
					"bbox": [
						894.81,
						460.8,
						223.53,
						479.86
					],
					"score": 0.913,
					"keypoints": [
						1049.001,
						517.288,
						1.0,
						1064.026,
						511.648,
						1.0,
						1043.991,
						502.568,
						1.0,
						1084.19,
						522.594,
						1.0,
						1029.095,
						506.586,
						0.27,
						1099.085,
						587.692,
						0.95,
						998.922,
						567.663,
						1.0,
						1069.328,
						682.779,
						1.0,
						984.021,
						647.781,
						1.0,
						994.034,
						714.211,
						0.96,
						964.81,
						713.091,
						1.0,
						1064.319,
						707.875,
						0.66,
						1000.56,
						697.801,
						0.68,
						1012.194,
						742.929,
						1.0,
						915.818,
						727.906,
						1.0,
						1059.084,
						878.23,
						0.89,
						954.927,
						863.318,
						0.92
					],
					"area": 24107.25,
					"b_score": 0.951,
					"object_id": 0
				}
			]
		},
		{
			"frame_num": 8,
			"objects": [
				{
					"category_id": 1,
					"bbox": [
						896.08,
						461.11,
						222.54,
						479.3
					],
					"score": 0.91,
					"keypoints": [
						1049.286,
						517.768,
						1.0,
						1062.504,
						512.45,
						1.0,
						1044.284,
						502.942,
						1.0,
						1084.385,
						522.946,
						1.0,
						1029.355,
						507.401,
						0.28,
						1099.312,
						587.965,
						0.95,
						999.264,
						567.959,
						1.0,
						1069.491,
						682.987,
						1.0,
						984.336,
						647.989,
						1.0,
						994.478,
						713.69,
						0.95,
						964.869,
						713.171,
						1.0,
						1064.49,
						708.013,
						0.64,
						1000.293,
						697.992,
						0.67,
						1013.224,
						743.028,
						1.0,
						915.474,
						728.021,
						1.0,
						1059.447,
						878.11,
						0.88,
						954.929,
						863.168,
						0.92
					],
					"area": 23972.514,
					"b_score": 0.952,
					"object_id": 0
				}
			]
		},
		{
			"frame_num": 9,
			"objects": [
				{
					"category_id": 1,
					"bbox": [
						897.55,
						461.37,
						220.52,
						477.95
					],
					"score": 0.876,
					"keypoints": [
						1047.827,
						518.103,
						1.0,
						1061.608,
						512.96,
						1.0,
						1042.835,
						505.283,
						1.0,
						1084.602,
						523.198,
						1.0,
						1029.669,
						507.931,
						0.26,
						1099.531,
						588.102,
						0.94,
						997.905,
						568.129,
						1.0,
						1071.406,
						682.96,
						1.0,
						984.729,
						648.019,
						0.98,
						994.939,
						713.206,
						0.94,
						967.768,
						712.975,
						0.91,
						1064.706,
						707.943,
						0.64,
						1000.315,
						697.939,
						0.64,
						1013.992,
						742.899,
						0.98,
						917.463,
						727.915,
						1.0,
						1057.038,
						877.583,
						0.86,
						955.265,
						862.632,
						0.88
					],
					"area": 23688.013,
					"b_score": 0.952,
					"object_id": 0
				}
			]
		},
		{
			"frame_num": 10,
			"objects": [
				{
					"category_id": 1,
					"bbox": [
						900.63,
						461.83,
						217.03,
						476.74
					],
					"score": 0.878,
					"keypoints": [
						1047.308,
						520.514,
						1.0,
						1061.49,
						513.392,
						1.0,
						1042.324,
						506.857,
						1.0,
						1083.384,
						523.469,
						1.0,
						1030.346,
						508.381,
						0.25,
						1098.311,
						590.247,
						0.95,
						997.487,
						568.306,
						1.0,
						1073.194,
						682.905,
						1.0,
						985.505,
						648.034,
						0.98,
						995.887,
						712.887,
						0.9,
						970.067,
						709.984,
						0.92,
						1065.262,
						707.837,
						0.66,
						1000.819,
						697.853,
						0.65,
						1014.915,
						740.928,
						0.98,
						919.131,
						725.984,
						1.0,
						1056.639,
						877.01,
						0.87,
						956.173,
						864.77,
						0.87
					],
					"area": 23253.512,
					"b_score": 0.952,
					"object_id": 0
				}
			]
		},
		{
			"frame_num": 11,
			"objects": [
				{
					"category_id": 1,
					"bbox": [
						902.56,
						462.91,
						215.38,
						475.83
					],
					"score": 0.908,
					"keypoints": [
						1045.431,
						522.391,
						1.0,
						1059.863,
						514.053,
						1.0,
						1040.463,
						508.213,
						1.0,
						1082.929,
						524.009,
						1.0,
						1031.191,
						511.29,
						0.26,
						1097.838,
						591.923,
						0.99,
						997.618,
						570.799,
						1.0,
						1074.762,
						683.132,
						1.0,
						986.453,
						650.303,
						0.98,
						1000.035,
						710.17,
						0.95,
						971.815,
						708.999,
						0.92,
						1064.147,
						707.99,
						0.69,
						1001.524,
						698.048,
						0.69,
						1015.888,
						741.634,
						1.0,
						922.813,
						726.711,
						1.0,
						1057.018,
						876.888,
						0.91,
						957.247,
						865.948,
						0.91
					],
					"area": 23033.049,
					"b_score": 0.954,
					"object_id": 0
				}
			]
		},
		{
			"frame_num": 12,
			"objects": [
				{
					"category_id": 1,
					"bbox": [
						905.47,
						464.7,
						212.53,
						471.26
					],
					"score": 0.918,
					"keypoints": [
						1044.725,
						521.873,
						1.0,
						1059.272,
						512.954,
						1.0,
						1037.68,
						507.469,
						1.0,
						1081.021,
						524.816,
						1.0,
						1028.654,
						509.291,
						0.28,
						1095.863,
						591.104,
						0.98,
						996.483,
						570.576,
						1.0,
						1076.081,
						683.139,
						1.0,
						985.809,
						649.718,
						1.0,
						1002.733,
						708.685,
						0.96,
						970.816,
						708.245,
						0.94,
						1063.815,
						707.883,
						0.64,
						1000.772,
						697.979,
						0.66,
						1017.072,
						741.777,
						1.0,
						924.034,
						726.925,
						1.0,
						1057.721,
						878.271,
						0.9,
						958.89,
						868.157,
						0.94
					],
					"area": 22509.636,
					"b_score": 0.959,
					"object_id": 0
				}
			]
		},
		{
			"frame_num": 13,
			"objects": [
				{
					"category_id": 1,
					"bbox": [
						907.56,
						466.58,
						210.19,
						470.49
					],
					"score": 0.894,
					"keypoints": [
						1042.594,
						522.317,
						1.0,
						1057.2,
						515.113,
						1.0,
						1036.411,
						509.942,
						1.0,
						1080.15,
						526.041,
						1.0,
						1025.18,
						510.92,
						0.26,
						1094.936,
						591.282,
						0.95,
						994.124,
						571.127,
						1.0,
						1079.441,
						681.904,
						0.99,
						984.07,
						649.965,
						1.0,
						1007.676,
						705.933,
						0.95,
						970.916,
						705.848,
						0.88,
						1063.929,
						708.352,
						0.61,
						1000.637,
						696.705,
						0.64,
						1018.201,
						740.613,
						1.0,
						925.221,
						725.827,
						1.0,
						1058.506,
						876.973,
						0.88,
						957.542,
						866.956,
						0.91
					],
					"area": 22225.419,
					"b_score": 0.965,
					"object_id": 0
				}
			]
		},
		{
			"frame_num": 14,
			"objects": [
				{
					"category_id": 1,
					"bbox": [
						910.25,
						468.36,
						206.57,
						468.64
					],
					"score": 0.872,
					"keypoints": [
						1039.437,
						525.459,
						1.0,
						1054.054,
						517.09,
						1.0,
						1033.816,
						512.104,
						1.0,
						1077.796,
						527.435,
						1.0,
						1023.364,
						514.903,
						0.31,
						1094.597,
						591.908,
						0.93,
						993.074,
						572.017,
						0.99,
						1084.08,
						681.478,
						1.0,
						983.25,
						652.594,
						0.96,
						1009.945,
						705.427,
						0.92,
						971.538,
						705.408,
						0.82,
						1064.244,
						707.234,
						0.59,
						1002.641,
						696.227,
						0.62,
						1021.37,
						740.123,
						0.99,
						928.69,
						725.393,
						0.97,
						1059.262,
						876.435,
						0.87,
						960.246,
						866.553,
						0.88
					],
					"area": 21756.76,
					"b_score": 0.968,
					"object_id": 0
				}
			]
		},
		{
			"frame_num": 15,
			"objects": [
				{
					"category_id": 1,
					"bbox": [
						913.09,
						469.94,
						204.08,
						466.15
					],
					"score": 0.905,
					"keypoints": [
						1036.007,
						530.277,
						1.0,
						1052.93,
						521.18,
						1.0,
						1030.749,
						516.343,
						1.0,
						1074.746,
						531.059,
						1.0,
						1020.803,
						517.762,
						0.25,
						1092.856,
						592.661,
						0.91,
						988.795,
						575.16,
						1.0,
						1087.176,
						683.216,
						1.0,
						981.498,
						654.439,
						1.0,
						1011.772,
						705.435,
						0.98,
						972.864,
						708.011,
						0.93,
						1064.904,
						708.343,
						0.62,
						1002.767,
						697.873,
						0.64,
						1023.984,
						741.562,
						1.0,
						931.641,
						726.908,
						1.0,
						1057.76,
						878.48,
						0.88,
						959.718,
						868.854,
						0.92
					],
					"area": 21380.267,
					"b_score": 0.969,
					"object_id": 0
				}
			]
		},
		{
			"frame_num": 16,
			"objects": [
				{
					"category_id": 1,
					"bbox": [
						915.92,
						470.84,
						203.16,
						464.81
					],
					"score": 0.838,
					"keypoints": [
						1032.893,
						535.781,
						1.0,
						1048.718,
						526.285,
						1.0,
						1025.31,
						521.53,
						1.0,
						1071.754,
						535.891,
						1.0,
						1018.174,
						522.14,
						0.26,
						1090.621,
						595.476,
						0.87,
						985.178,
						579.632,
						0.97,
						1089.866,
						686.557,
						0.91,
						979.382,
						657.949,
						0.96,
						1013.973,
						708.144,
						0.92,
						974.934,
						709.325,
						0.83,
						1064.399,
						709.152,
						0.62,
						1002.002,
						699.027,
						0.59,
						1026.569,
						742.592,
						0.93,
						934.519,
						727.997,
						0.98,
						1058.216,
						879.3,
						0.81,
						960.912,
						869.69,
						0.86
					],
					"area": 21223.29,
					"b_score": 0.969,
					"object_id": 0
				}
			]
		},
		{
			"frame_num": 17,
			"objects": [
				{
					"category_id": 1,
					"bbox": [
						918.49,
						472.52,
						201.67,
						463.87
					],
					"score": 0.8,
					"keypoints": [
						1029.732,
						536.778,
						0.96,
						1044.9,
						529.698,
						0.95,
						1023.511,
						524.949,
						1.0,
						1068.588,
						536.785,
						1.0,
						1012.757,
						522.692,
						0.35,
						1090.085,
						595.589,
						0.81,
						981.764,
						580.387,
						0.91,
						1094.663,
						685.038,
						0.91,
						978.917,
						658.221,
						0.89,
						1019.349,
						707.45,
						0.87,
						980.213,
						708.023,
						0.79,
						1064.689,
						708.338,
						0.58,
						1002.144,
						698.342,
						0.56,
						1033.949,
						741.928,
						0.89,
						937.014,
						729.16,
						0.91,
						1056.772,
						880.152,
						0.78,
						962.579,
						870.551,
						0.84
					],
					"area": 21024.339,
					"b_score": 0.964,
					"object_id": 0
				}
			]
		},
		{
			"frame_num": 18,
			"objects": [
				{
					"category_id": 1,
					"bbox": [
						919.56,
						475.47,
						202.05,
						460.85
					],
					"score": 0.794,
					"keypoints": [
						1026.271,
						541.131,
						0.97,
						1041.032,
						532.719,
						1.0,
						1018.163,
						527.977,
						1.0,
						1064.975,
						538.479,
						1.0,
						1008.118,
						526.779,
						0.28,
						1087.991,
						596.579,
						0.81,
						978.322,
						584.27,
						0.91,
						1097.372,
						684.749,
						0.95,
						977.245,
						659.158,
						0.91,
						1025.378,
						705.149,
						0.83,
						983.102,
						708.163,
						0.78,
						1065.206,
						706.582,
						0.59,
						1004.629,
						696.797,
						0.56,
						1038.287,
						741.918,
						0.89,
						939.187,
						732.511,
						0.9,
						1056.674,
						880.691,
						0.77,
						964.265,
						871.111,
						0.84
					],
					"area": 20926.935,
					"b_score": 0.962,
					"object_id": 0
				}
			]
		},
		{
			"frame_num": 19,
			"objects": [
				{
					"category_id": 1,
					"bbox": [
						921.26,
						477.8,
						201.88,
						459.24
					],
					"score": 0.895,
					"keypoints": [
						1020.2,
						544.339,
						1.0,
						1037.412,
						535.285,
						1.0,
						1013.872,
						530.547,
						1.0,
						1058.761,
						540.389,
						1.0,
						1001.443,
						529.921,
						0.29,
						1085.199,
						597.987,
						0.91,
						972.367,
						587.261,
						1.0,
						1096.845,
						683.436,
						1.0,
						974.906,
						658.302,
						1.0,
						1024.836,
						702.132,
						0.95,
						985.234,
						709.023,
						0.91,
						1066.081,
						704.064,
						0.66,
						1003.21,
						694.481,
						0.65,
						1041.178,
						740.689,
						1.0,
						941.236,
						733.025,
						1.0,
						1057.398,
						876.039,
						0.87,
						966.054,
						869.267,
						0.94
					],
					"area": 20835.973,
					"b_score": 0.96,
					"object_id": 0
				}
			]
		},
		{
			"frame_num": 20,
			"objects": [
				{
					"category_id": 1,
					"bbox": [
						922.54,
						477.56,
						199.9,
						459.25
					],
					"score": 0.889,
					"keypoints": [
						1017.555,
						545.706,
						1.0,
						1033.234,
						536.366,
						1.0,
						1009.376,
						531.615,
						1.0,
						1055.99,
						541.239,
						1.0,
						998.555,
						531.298,
						0.45,
						1081.449,
						598.674,
						0.89,
						969.741,
						588.626,
						1.0,
						1099.208,
						680.693,
						1.0,
						973.727,
						657.737,
						1.0,
						1028.191,
						703.667,
						0.97,
						989.436,
						709.317,
						0.88,
						1065.065,
						700.202,
						0.64,
						1002.439,
						692.879,
						0.64,
						1042.68,
						739.789,
						0.98,
						942.396,
						735.34,
						1.0,
						1055.261,
						873.778,
						0.88,
						966.926,
						868.333,
						0.92
					],
					"area": 20633.277,
					"b_score": 0.957,
					"object_id": 0
				}
			]
		},
		{
			"frame_num": 21,
			"objects": [
				{
					"category_id": 1,
					"bbox": [
						924.41,
						474.64,
						196.41,
						462.39
					],
					"score": 0.868,
					"keypoints": [
						1016.401,
						545.08,
						1.0,
						1031.416,
						535.604,
						1.0,
						1007.384,
						530.811,
						1.0,
						1054.899,
						538.382,
						1.0,
						997.239,
						528.363,
						0.51,
						1082.1,
						596.254,
						0.84,
						968.404,
						588.238,
						1.0,
						1098.252,
						678.197,
						0.95,
						972.977,
						656.743,
						0.97,
						1029.323,
						703.532,
						0.96,
						994.11,
						708.765,
						0.83,
						1064.528,
						694.824,
						0.62,
						1001.912,
						691.267,
						0.59,
						1046.133,
						740.566,
						0.92,
						945.225,
						736.134,
						0.98,
						1057.047,
						872.721,
						0.86,
						967.108,
						867.73,
						0.92
					],
					"area": 20411.424,
					"b_score": 0.959,
					"object_id": 0
				}
			]
		},
		{
			"frame_num": 22,
			"objects": [
				{
					"category_id": 1,
					"bbox": [
						926.18,
						469.34,
						192.15,
						468.58
					],
					"score": 0.863,
					"keypoints": [
						1012.953,
						545.04,
						1.0,
						1027.746,
						533.138,
						1.0,
						1003.422,
						530.589,
						1.0,
						1051.791,
						537.051,
						1.0,
						993.547,
						527.034,
						0.45,
						1080.331,
						595.32,
						0.88,
						964.516,
						588.57,
						0.95,
						1098.087,
						675.483,
						1.0,
						972.092,
						656.949,
						0.97,
						1029.487,
						704.879,
						0.97,
						994.999,
						709.946,
						0.87,
						1064.244,
						693.186,
						0.63,
						1001.324,
						689.233,
						0.56,
						1047.716,
						742.203,
						0.94,
						948.471,
						737.991,
						0.94,
						1058.015,
						872.313,
						0.87,
						966.538,
						867.421,
						0.9
					],
					"area": 20235.859,
					"b_score": 0.96,
					"object_id": 0
				}
			]
		},
		{
			"frame_num": 23,
			"objects": [
				{
					"category_id": 1,
					"bbox": [
						926.37,
						461.46,
						189.8,
						475.27
					],
					"score": 0.863,
					"keypoints": [
						1013.42,
						541.905,
						1.0,
						1028.25,
						529.08,
						1.0,
						1003.703,
						527.315,
						1.0,
						1050.035,
						532.265,
						1.0,
						991.095,
						525.435,
						0.54,
						1079.318,
						592.614,
						0.9,
						964.423,
						585.99,
						0.96,
						1095.821,
						671.513,
						0.98,
						973.014,
						656.977,
						0.98,
						1028.984,
						703.011,
						1.0,
						994.369,
						710.786,
						0.85,
						1063.919,
						689.968,
						0.62,
						1000.449,
						685.811,
						0.54,
						1048.126,
						741.843,
						0.93,
						951.618,
						739.451,
						0.87,
						1058.221,
						873.717,
						0.86,
						968.172,
						866.045,
						0.87
					],
					"area": 20273.773,
					"b_score": 0.961,
					"object_id": 0
				}
			]
		},
		{
			"frame_num": 24,
			"objects": [
				{
					"category_id": 1,
					"bbox": [
						926.65,
						450.35,
						189.11,
						486.54
					],
					"score": 0.885,
					"keypoints": [
						1013.512,
						535.52,
						1.0,
						1025.855,
						523.394,
						1.0,
						1003.574,
						520.84,
						1.0,
						1049.535,
						523.949,
						1.0,
						989.549,
						519.425,
						0.55,
						1076.941,
						584.476,
						0.92,
						963.638,
						581.691,
						0.96,
						1095.327,
						666.114,
						1.0,
						973.033,
						656.454,
						0.93,
						1028.876,
						701.982,
						1.0,
						993.713,
						711.102,
						0.94,
						1062.084,
						685.285,
						0.67,
						997.521,
						678.165,
						0.61,
						1048.616,
						741.818,
						0.94,
						954.954,
						742.994,
						0.88,
						1058.757,
						873.62,
						0.94,
						968.066,
						864.519,
						0.88
					],
					"area": 20678.459,
					"b_score": 0.958,
					"object_id": 0
				}
			]
		},
		{
			"frame_num": 25,
			"objects": [
				{
					"category_id": 1,
					"bbox": [
						926.34,
						438.89,
						193.79,
						500.95
					],
					"score": 0.906,
					"keypoints": [
						1014.449,
						523.173,
						1.0,
						1028.454,
						511.492,
						1.0,
						1004.289,
						507.723,
						1.0,
						1050.738,
						513.656,
						1.0,
						989.427,
						506.972,
						0.81,
						1077.453,
						575.376,
						0.91,
						963.425,
						573.012,
						1.0,
						1094.633,
						660.509,
						1.0,
						973.291,
						652.13,
						0.93,
						1030.236,
						702.227,
						1.0,
						994.221,
						712.087,
						0.98,
						1062.194,
						680.468,
						0.68,
						996.263,
						671.538,
						0.63,
						1050.318,
						742.671,
						0.9,
						956.581,
						746.156,
						0.92,
						1060.837,
						874.151,
						0.9,
						968.28,
						867.02,
						0.93
					],
					"area": 21818.525,
					"b_score": 0.955,
					"object_id": 0
				}
			]
		},
		{
			"frame_num": 26,
			"objects": [
				{
					"category_id": 1,
					"bbox": [
						926.51,
						425.94,
						192.89,
						517.91
					],
					"score": 0.899,
					"keypoints": [
						1017.107,
						509.758,
						1.0,
						1029.689,
						498.405,
						1.0,
						1006.771,
						496.999,
						1.0,
						1051.647,
						502.081,
						1.0,
						991.375,
						496.69,
						0.86,
						1080.659,
						565.748,
						0.91,
						962.147,
						565.732,
						1.0,
						1095.115,
						654.659,
						1.0,
						972.632,
						646.335,
						0.92,
						1030.73,
						703.053,
						1.0,
						997.07,
						713.522,
						0.96,
						1062.648,
						678.502,
						0.66,
						997.23,
						668.529,
						0.66,
						1054.387,
						744.32,
						0.86,
						958.891,
						749.288,
						0.9,
						1062.357,
						878.61,
						0.88,
						970.32,
						869.256,
						0.94
					],
					"area": 22452.337,
					"b_score": 0.955,
					"object_id": 0
				}
			]
		},
		{
			"frame_num": 27,
			"objects": [
				{
					"category_id": 1,
					"bbox": [
						927.51,
						414.29,
						192.21,
						530.24
					],
					"score": 0.899,
					"keypoints": [
						1016.295,
						493.701,
						1.0,
						1030.701,
						482.425,
						1.0,
						1005.576,
						478.497,
						1.0,
						1052.731,
						487.089,
						1.0,
						992.283,
						482.116,
						0.81,
						1081.052,
						552.702,
						0.89,
						961.116,
						553.761,
						1.0,
						1092.161,
						644.945,
						0.97,
						972.012,
						639.485,
						0.97,
						1035.08,
						700.562,
						1.0,
						994.806,
						711.544,
						0.99,
						1061.433,
						671.24,
						0.65,
						995.564,
						663.819,
						0.71,
						1054.183,
						743.795,
						0.9,
						962.541,
						751.687,
						0.91,
						1060.798,
						880.036,
						0.9,
						970.805,
						869.65,
						0.94
					],
					"area": 22906.039,
					"b_score": 0.946,
					"object_id": 0
				}
			]
		},
		{
			"frame_num": 28,
			"objects": [
				{
					"category_id": 1,
					"bbox": [
						927.24,
						398.77,
						191.28,
						545.18
					],
					"score": 0.929,
					"keypoints": [
						1017.907,
						478.287,
						1.0,
						1031.013,
						466.88,
						1.0,
						1006.996,
						461.732,
						1.0,
						1053.352,
						472.144,
						1.0,
						991.98,
						467.043,
						0.93,
						1081.635,
						543.513,
						0.95,
						962.148,
						540.878,
						1.0,
						1090.794,
						638.702,
						1.0,
						973.04,
						630.622,
						1.0,
						1036.373,
						698.371,
						1.0,
						996.326,
						706.218,
						1.0,
						1062.89,
						662.973,
						0.68,
						996.274,
						656.691,
						0.75,
						1057.113,
						745.473,
						0.87,
						966.049,
						752.714,
						0.92,
						1063.559,
						882.688,
						0.89,
						969.754,
						871.586,
						0.95
					],
					"area": 23436.531,
					"b_score": 0.952,
					"object_id": 0
				}
			]
		},
		{
			"frame_num": 29,
			"objects": [
				{
					"category_id": 1,
					"bbox": [
						926.74,
						383.8,
						188.32,
						558.22
					],
					"score": 0.977,
					"keypoints": [
						1017.946,
						463.723,
						1.0,
						1030.399,
						452.104,
						1.0,
						1006.714,
						446.428,
						1.0,
						1053.144,
						461.771,
						1.0,
						993.239,
						456.371,
						0.91,
						1081.763,
						532.442,
						1.0,
						963.756,
						531.849,
						1.0,
						1087.293,
						630.376,
						1.0,
						974.6,
						617.014,
						1.0,
						1035.793,
						696.219,
						1.0,
						995.416,
						698.647,
						1.0,
						1061.281,
						650.283,
						0.77,
						995.653,
						648.211,
						0.81,
						1057.93,
						746.174,
						0.89,
						969.048,
						750.11,
						0.98,
						1061.001,
						881.671,
						1.0,
						970.739,
						870.344,
						1.0
					],
					"area": 23626.57,
					"b_score": 0.956,
					"object_id": 0
				}
			]
		},
		{
			"frame_num": 30,
			"objects": [
				{
					"category_id": 1,
					"bbox": [
						925.87,
						371.87,
						188.32,
						570.25
					],
					"score": 0.934,
					"keypoints": [
						1017.574,
						443.151,
						1.0,
						1029.754,
						435.629,
						1.0,
						1008.565,
						429.691,
						1.0,
						1052.951,
						442.753,
						1.0,
						993.266,
						437.177,
						1.0,
						1079.551,
						518.494,
						0.92,
						960.86,
						514.586,
						1.0,
						1085.25,
						618.974,
						1.0,
						972.607,
						606.864,
						0.98,
						1039.033,
						687.633,
						1.0,
						994.271,
						687.807,
						0.99,
						1060.238,
						641.334,
						0.74,
						994.683,
						640.849,
						0.71,
						1061.426,
						747.365,
						0.87,
						969.314,
						747.092,
						0.94,
						1059.752,
						880.6,
						0.95,
						970.081,
						869.072,
						0.95
					],
					"area": 24136.008,
					"b_score": 0.956,
					"object_id": 0
				}
			]
		},
		{
			"frame_num": 31,
			"objects": [
				{
					"category_id": 1,
					"bbox": [
						925.67,
						356.29,
						186.9,
						585.68
					],
					"score": 0.92,
					"keypoints": [
						1016.94,
						426.904,
						1.0,
						1029.099,
						416.008,
						1.0,
						1006.515,
						414.41,
						1.0,
						1052.835,
						426.928,
						1.0,
						992.554,
						425.516,
						0.89,
						1080.972,
						505.686,
						0.86,
						960.999,
						500.372,
						1.0,
						1084.377,
						604.615,
						0.98,
						970.378,
						596.891,
						0.98,
						1044.138,
						679.649,
						1.0,
						992.921,
						674.489,
						0.95,
						1059.657,
						632.558,
						0.71,
						993.413,
						632.649,
						0.71,
						1063.239,
						748.379,
						0.88,
						968.252,
						745.705,
						0.9,
						1059.23,
						879.205,
						0.93,
						968.634,
						870.563,
						0.95
					],
					"area": 24601.928,
					"b_score": 0.968,
					"object_id": 0
				}
			]
		},
		{
			"frame_num": 32,
			"objects": [
				{
					"category_id": 1,
					"bbox": [
						925.68,
						343.86,
						185.37,
						597.44
					],
					"score": 0.902,
					"keypoints": [
						1018.715,
						414.184,
						1.0,
						1031.072,
						406.708,
						1.0,
						1007.562,
						401.776,
						1.0,
						1052.731,
						418.813,
						1.0,
						991.572,
						414.098,
						0.97,
						1081.989,
						494.97,
						0.85,
						960.187,
						489.067,
						1.0,
						1084.098,
						594.59,
						0.96,
						970.909,
						583.969,
						0.99,
						1045.634,
						672.958,
						0.99,
						991.517,
						661.533,
						0.96,
						1059.324,
						629.004,
						0.7,
						994.675,
						625.113,
						0.67,
						1064.172,
						747.15,
						0.87,
						970.037,
						745.531,
						0.87,
						1062.478,
						877.436,
						0.9,
						966.889,
						870.121,
						0.93
					],
					"area": 24890.274,
					"b_score": 0.975,
					"object_id": 0
				}
			]
		},
		{
			"frame_num": 33,
			"objects": [
				{
					"category_id": 1,
					"bbox": [
						926.54,
						330.04,
						187.64,
						611.49
					],
					"score": 0.989,
					"keypoints": [
						1018.104,
						396.91,
						1.0,
						1030.596,
						390.354,
						1.0,
						1006.228,
						384.311,
						1.0,
						1051.119,
						403.093,
						1.0,
						991.624,
						397.25,
						1.0,
						1078.915,
						479.777,
						0.96,
						960.029,
						473.57,
						1.0,
						1082.715,
						581.335,
						1.0,
						968.919,
						569.43,
						1.0,
						1047.908,
						661.519,
						1.0,
						987.778,
						648.443,
						1.0,
						1057.694,
						623.118,
						0.76,
						993.452,
						621.798,
						0.72,
						1062.974,
						747.189,
						0.94,
						971.348,
						743.817,
						0.91,
						1058.54,
						879.326,
						0.93,
						966.514,
						869.166,
						0.98
					],
					"area": 25787.417,
					"b_score": 0.974,
					"object_id": 0
				}
			]
		},
		{
			"frame_num": 34,
			"objects": [
				{
					"category_id": 1,
					"bbox": [
						925.74,
						317.36,
						189.85,
						624.53
					],
					"score": 0.996,
					"keypoints": [
						1017.83,
						383.872,
						1.0,
						1030.525,
						377.428,
						1.0,
						1008.075,
						375.848,
						1.0,
						1050.609,
						390.491,
						1.0,
						991.523,
						384.199,
						1.0,
						1080.285,
						468.413,
						1.0,
						959.502,
						466.694,
						1.0,
						1082.612,
						572.013,
						1.0,
						967.378,
						559.415,
						1.0,
						1053.883,
						649.158,
						1.0,
						985.996,
						641.144,
						1.0,
						1057.174,
						621.058,
						0.76,
						992.597,
						616.459,
						0.73,
						1062.962,
						748.312,
						0.95,
						975.06,
						743.691,
						0.95,
						1060.869,
						879.734,
						0.96,
						965.875,
						868.035,
						0.97
					],
					"area": 26647.23,
					"b_score": 0.972,
					"object_id": 0
				}
			]
		},
		{
			"frame_num": 35,
			"objects": [
				{
					"category_id": 1,
					"bbox": [
						924.93,
						309.84,
						193.28,
						632.65
					],
					"score": 0.987,
					"keypoints": [
						1018.005,
						375.513,
						1.0,
						1030.894,
						369.007,
						1.0,
						1009.411,
						363.751,
						1.0,
						1050.871,
						382.233,
						1.0,
						991.691,
						375.738,
						1.0,
						1079.216,
						461.144,
						0.96,
						959.266,
						456.013,
						1.0,
						1085.64,
						561.54,
						1.0,
						963.468,
						548.597,
						1.0,
						1056.637,
						644.038,
						1.0,
						981.245,
						631.682,
						1.0,
						1057.436,
						618.056,
						0.76,
						992.318,
						616.349,
						0.76,
						1063.658,
						748.22,
						0.93,
						977.001,
						745.393,
						0.9,
						1059.236,
						879.817,
						0.98,
						965.7,
						870.928,
						0.97
					],
					"area": 27481.391,
					"b_score": 0.975,
					"object_id": 0
				}
			]
		},
		{
			"frame_num": 36,
			"objects": [
				{
					"category_id": 1,
					"bbox": [
						923.45,
						304.28,
						194.69,
						637.22
					],
					"score": 0.992,
					"keypoints": [
						1017.802,
						364.66,
						1.0,
						1030.841,
						353.119,
						1.0,
						1009.923,
						351.798,
						1.0,
						1050.787,
						371.462,
						1.0,
						991.371,
						364.873,
						1.0,
						1078.412,
						446.232,
						0.96,
						958.589,
						444.904,
						1.0,
						1087.335,
						551.036,
						1.0,
						960.72,
						537.9,
						1.0,
						1061.863,
						629.652,
						1.0,
						974.113,
						621.829,
						1.0,
						1057.385,
						610.568,
						0.82,
						991.744,
						610.08,
						0.76,
						1063.796,
						747.266,
						0.93,
						977.342,
						743.2,
						0.92,
						1058.17,
						879.113,
						0.96,
						964.959,
						871.41,
						0.98
					],
					"area": 27882.624,
					"b_score": 0.97,
					"object_id": 0
				}
			]
		},
		{
			"frame_num": 37,
			"objects": [
				{
					"category_id": 1,
					"bbox": [
						921.96,
						296.44,
						197.14,
						646.27
					],
					"score": 0.994,
					"keypoints": [
						1017.554,
						356.645,
						1.0,
						1030.759,
						343.626,
						1.0,
						1010.102,
						343.335,
						1.0,
						1050.801,
						363.49,
						1.0,
						990.893,
						356.806,
						1.0,
						1078.147,
						437.797,
						0.96,
						957.692,
						437.512,
						1.0,
						1091.678,
						540.011,
						0.97,
						955.157,
						531.503,
						1.0,
						1068.578,
						624.29,
						1.0,
						966.249,
						617.313,
						1.0,
						1057.45,
						609.89,
						0.8,
						991.116,
						609.714,
						0.76,
						1064.025,
						748.679,
						0.95,
						977.054,
						743.523,
						0.98,
						1057.827,
						878.931,
						1.0,
						964.017,
						871.753,
						1.0
					],
					"area": 28634.634,
					"b_score": 0.968,
					"object_id": 0
				}
			]
		},
		{
			"frame_num": 38,
			"objects": [
				{
					"category_id": 1,
					"bbox": [
						919.95,
						291.63,
						199.41,
						650.78
					],
					"score": 0.996,
					"keypoints": [
						1019.473,
						351.305,
						1.0,
						1032.798,
						342.794,
						1.0,
						1009.88,
						337.81,
						1.0,
						1050.535,
						358.164,
						1.0,
						990.154,
						351.414,
						1.0,
						1080.285,
						432.693,
						0.95,
						956.598,
						432.671,
						1.0,
						1094.249,
						534.6,
						1.0,
						951.66,
						527.38,
						1.0,
						1075.057,
						621.235,
						1.0,
						958.005,
						608.888,
						1.0,
						1054.325,
						612.129,
						0.82,
						987.163,
						612.001,
						0.8,
						1063.882,
						748.888,
						0.94,
						976.344,
						745.71,
						0.95,
						1057.328,
						878.446,
						1.0,
						962.861,
						871.476,
						1.0
					],
					"area": 29165.228,
					"b_score": 0.968,
					"object_id": 0
				}
			]
		},
		{
			"frame_num": 39,
			"objects": [
				{
					"category_id": 1,
					"bbox": [
						917.95,
						288.18,
						203.38,
						654.83
					],
					"score": 0.928,
					"keypoints": [
						1023.627,
						347.639,
						1.0,
						1034.211,
						335.428,
						1.0,
						1012.236,
						334.036,
						1.0,
						1052.95,
						354.511,
						1.0,
						992.313,
						347.713,
						0.97,
						1081.751,
						429.418,
						0.9,
						958.697,
						429.451,
						0.99,
						1099.296,
						531.65,
						1.0,
						953.246,
						520.026,
						0.96,
						1082.158,
						614.093,
						1.0,
						955.667,
						606.096,
						1.0,
						1055.474,
						612.159,
						0.77,
						987.935,
						612.103,
						0.73,
						1063.921,
						748.776,
						0.91,
						979.215,
						746.857,
						0.89,
						1061.0,
						878.321,
						0.93,
						965.765,
						871.425,
						0.95
					],
					"area": 29931.42,
					"b_score": 0.968,
					"object_id": 0
				}
			]
		},
		{
			"frame_num": 40,
			"objects": [
				{
					"category_id": 1,
					"bbox": [
						915.14,
						286.25,
						208.97,
						656.35
					],
					"score": 1.028,
					"keypoints": [
						1023.401,
						350.108,
						1.0,
						1035.155,
						336.895,
						1.0,
						1013.791,
						336.455,
						1.0,
						1054.452,
						356.922,
						1.0,
						993.537,
						350.102,
						1.0,
						1082.796,
						432.013,
						1.0,
						959.807,
						427.385,
						1.0,
						1102.12,
						529.831,
						1.0,
						950.502,
						516.81,
						1.0,
						1083.957,
						611.705,
						1.0,
						944.406,
						599.167,
						1.0,
						1053.307,
						615.299,
						0.86,
						985.252,
						615.185,
						0.87,
						1061.228,
						751.185,
						0.96,
						977.326,
						747.212,
						0.98,
						1059.029,
						877.964,
						1.0,
						967.178,
						871.103,
						1.0
					],
					"area": 30825.94,
					"b_score": 0.975,
					"object_id": 0
				}
			]
		},
		{
			"frame_num": 41,
			"objects": [
				{
					"category_id": 1,
					"bbox": [
						909.82,
						285.08,
						216.0,
						657.61
					],
					"score": 0.989,
					"keypoints": [
						1025.339,
						345.449,
						1.0,
						1037.879,
						336.598,
						1.0,
						1016.97,
						336.458,
						1.0,
						1057.584,
						352.339,
						1.0,
						996.2,
						345.5,
						1.0,
						1085.618,
						432.242,
						0.96,
						962.131,
						426.136,
						1.0,
						1106.275,
						528.786,
						1.0,
						948.144,
						515.31,
						1.0,
						1093.629,
						610.764,
						1.0,
						940.321,
						597.301,
						0.99,
						1054.204,
						616.368,
						0.85,
						986.017,
						616.281,
						0.81,
						1061.68,
						752.515,
						0.96,
						978.658,
						747.313,
						0.94,
						1060.832,
						877.78,
						0.97,
						970.863,
						870.931,
						0.99
					],
					"area": 31924.363,
					"b_score": 0.976,
					"object_id": 0
				}
			]
		},
		{
			"frame_num": 42,
			"objects": [
				{
					"category_id": 1,
					"bbox": [
						901.7,
						285.4,
						224.87,
						656.87
					],
					"score": 0.98,
					"keypoints": [
						1024.962,
						344.179,
						1.0,
						1037.964,
						336.679,
						1.0,
						1017.219,
						336.631,
						1.0,
						1057.992,
						351.05,
						1.0,
						996.511,
						344.211,
						1.0,
						1085.764,
						432.415,
						0.97,
						962.368,
						425.833,
						1.0,
						1106.392,
						523.939,
						1.0,
						945.094,
						514.861,
						1.0,
						1093.039,
						610.504,
						1.0,
						931.226,
						591.561,
						0.99,
						1053.191,
						616.827,
						0.85,
						984.837,
						616.77,
						0.77,
						1060.51,
						753.189,
						0.94,
						980.915,
						747.293,
						0.93,
						1059.693,
						877.507,
						0.96,
						970.168,
						870.669,
						0.99
					],
					"area": 33196.747,
					"b_score": 0.974,
					"object_id": 0
				}
			]
		},
		{
			"frame_num": 43,
			"objects": [
				{
					"category_id": 1,
					"bbox": [
						895.85,
						286.21,
						232.28,
						655.37
					],
					"score": 0.995,
					"keypoints": [
						1026.675,
						348.611,
						1.0,
						1039.978,
						337.153,
						1.0,
						1019.424,
						337.131,
						1.0,
						1060.175,
						351.063,
						1.0,
						998.61,
						344.23,
						1.0,
						1087.762,
						432.775,
						0.95,
						961.809,
						426.04,
						1.0,
						1108.7,
						522.511,
						1.0,
						942.582,
						510.466,
						1.0,
						1101.457,
						610.487,
						1.0,
						927.721,
						590.38,
						1.0,
						1054.44,
						617.069,
						0.87,
						986.202,
						617.032,
						0.82,
						1061.563,
						750.81,
						0.95,
						981.083,
						747.188,
						0.96,
						1061.624,
						877.087,
						0.97,
						968.793,
						870.267,
						1.0
					],
					"area": 34212.692,
					"b_score": 0.975,
					"object_id": 0
				}
			]
		},
		{
			"frame_num": 44,
			"objects": [
				{
					"category_id": 1,
					"bbox": [
						890.15,
						287.5,
						239.68,
						653.73
					],
					"score": 1.017,
					"keypoints": [
						1026.813,
						346.564,
						1.0,
						1040.252,
						333.688,
						1.0,
						1019.762,
						333.714,
						1.0,
						1060.545,
						347.408,
						1.0,
						999.076,
						340.59,
						1.0,
						1087.987,
						429.235,
						1.0,
						963.214,
						422.412,
						1.0,
						1108.715,
						518.056,
						1.0,
						940.428,
						509.414,
						1.0,
						1101.798,
						605.922,
						1.0,
						920.236,
						590.483,
						1.0,
						1054.366,
						613.935,
						0.87,
						988.736,
						613.997,
						0.81,
						1061.369,
						749.491,
						0.98,
						983.535,
						744.797,
						1.0,
						1061.32,
						876.785,
						1.0,
						967.181,
						869.978,
						1.0
					],
					"area": 35214.32,
					"b_score": 0.975,
					"object_id": 0
				}
			]
		},
		{
			"frame_num": 45,
			"objects": [
				{
					"category_id": 1,
					"bbox": [
						884.94,
						288.89,
						246.6,
						651.38
					],
					"score": 0.991,
					"keypoints": [
						1029.056,
						346.568,
						1.0,
						1042.589,
						337.424,
						1.0,
						1019.196,
						333.27,
						1.0,
						1059.973,
						351.058,
						1.0,
						1001.54,
						344.262,
						1.0,
						1087.295,
						428.476,
						1.0,
						966.306,
						421.665,
						1.0,
						1111.055,
						521.109,
						1.0,
						942.109,
						509.411,
						1.0,
						1105.342,
						604.85,
						1.0,
						922.593,
						590.729,
						0.99,
						1056.069,
						612.535,
						0.84,
						989.643,
						612.598,
						0.78,
						1060.543,
						748.594,
						0.94,
						983.99,
						743.031,
						0.97,
						1060.191,
						876.25,
						0.98,
						969.219,
						869.47,
						1.0
					],
					"area": 36101.525,
					"b_score": 0.975,
					"object_id": 0
				}
			]
		},
		{
			"frame_num": 46,
			"objects": [
				{
					"category_id": 1,
					"bbox": [
						881.06,
						289.42,
						252.24,
						651.52
					],
					"score": 1.034,
					"keypoints": [
						1029.876,
						346.887,
						1.0,
						1043.437,
						339.134,
						1.0,
						1021.372,
						333.427,
						1.0,
						1059.237,
						352.734,
						1.0,
						1002.509,
						345.941,
						1.0,
						1086.498,
						428.514,
						1.0,
						965.082,
						421.722,
						1.0,
						1111.707,
						522.576,
						1.0,
						938.935,
						509.754,
						1.0,
						1110.547,
						604.952,
						1.0,
						917.353,
						591.201,
						1.0,
						1056.76,
						612.157,
						0.87,
						989.846,
						615.359,
						0.82,
						1059.677,
						748.217,
						0.97,
						983.73,
						742.14,
						1.0,
						1059.05,
						876.364,
						1.0,
						969.57,
						869.581,
						1.0
					],
					"area": 36935.258,
					"b_score": 0.976,
					"object_id": 0
				}
			]
		},
		{
			"frame_num": 47,
			"objects": [
				{
					"category_id": 1,
					"bbox": [
						880.55,
						290.01,
						253.91,
						649.88
					],
					"score": 1.007,
					"keypoints": [
						1033.635,
						351.089,
						1.0,
						1047.227,
						340.074,
						1.0,
						1022.735,
						337.622,
						1.0,
						1061.654,
						353.642,
						1.0,
						1003.208,
						346.861,
						1.0,
						1086.07,
						428.673,
						0.97,
						967.181,
						421.896,
						1.0,
						1115.53,
						523.147,
						1.0,
						937.658,
						509.91,
						1.0,
						1117.045,
						604.845,
						1.0,
						916.457,
						591.24,
						1.0,
						1060.018,
						615.022,
						0.82,
						990.104,
						616.664,
						0.8,
						1061.734,
						747.766,
						0.94,
						983.771,
						741.372,
						0.96,
						1062.403,
						875.937,
						0.95,
						969.96,
						869.168,
						1.0
					],
					"area": 37085.614,
					"b_score": 0.976,
					"object_id": 0
				}
			]
		},
		{
			"frame_num": 48,
			"objects": [
				{
					"category_id": 1,
					"bbox": [
						880.65,
						290.14,
						254.52,
						650.23
					],
					"score": 1.008,
					"keypoints": [
						1035.894,
						352.921,
						1.0,
						1049.482,
						344.143,
						1.0,
						1023.676,
						339.428,
						1.0,
						1063.295,
						354.107,
						1.0,
						1003.773,
						347.332,
						1.0,
						1085.97,
						432.515,
						0.96,
						968.627,
						422.075,
						1.0,
						1117.647,
						523.521,
						1.0,
						937.223,
						510.115,
						1.0,
						1118.973,
						605.002,
						1.0,
						916.466,
						591.439,
						1.0,
						1062.299,
						613.541,
						0.82,
						990.404,
						617.498,
						0.8,
						1063.233,
						747.609,
						0.91,
						987.204,
						741.052,
						0.91,
						1064.196,
						875.982,
						0.96,
						970.34,
						869.211,
						1.0
					],
					"area": 37194.913,
					"b_score": 0.978,
					"object_id": 0
				}
			]
		},
		{
			"frame_num": 49,
			"objects": [
				{
					"category_id": 1,
					"bbox": [
						882.78,
						290.18,
						252.79,
						650.28
					],
					"score": 0.987,
					"keypoints": [
						1034.532,
						353.76,
						1.0,
						1048.091,
						345.976,
						1.0,
						1024.771,
						340.252,
						1.0,
						1061.953,
						354.335,
						1.0,
						1004.647,
						347.563,
						1.0,
						1083.964,
						434.225,
						0.95,
						967.26,
						422.183,
						1.0,
						1115.953,
						523.718,
						1.0,
						937.625,
						510.234,
						1.0,
						1115.653,
						605.1,
						1.0,
						917.32,
						591.545,
						1.0,
						1061.373,
						615.789,
						0.86,
						991.061,
						617.994,
						0.77,
						1062.007,
						747.537,
						0.91,
						986.408,
						740.89,
						0.96,
						1061.981,
						876.05,
						0.98,
						967.523,
						869.279,
						0.97
					],
					"area": 36944.455,
					"b_score": 0.977,
					"object_id": 0
				}
			]
		}
	],
	"categories": [
		{
			"supercategory": "person",
			"id": 1,
			"name": "person",
			"keypoints": [
				"nose",
				"left_eye",
				"right_eye",
				"left_ear",
				"right_ear",
				"left_shoulder",
				"right_shoulder",
				"left_elbow",
				"right_elbow",
				"left_wrist",
				"right_wrist",
				"left_hip",
				"right_hip",
				"left_knee",
				"right_knee",
				"left_ankle",
				"right_ankle"
			],
			"skeleton": [
				[
					0,
					1
				],
				[
					0,
					2
				],
				[
					1,
					3
				],
				[
					2,
					4
				],
				[
					0,
					5
				],
				[
					0,
					6
				],
				[
					5,
					7
				],
				[
					6,
					8
				],
				[
					7,
					9
				],
				[
					8,
					10
				],
				[
					5,
					11
				],
				[
					6,
					12
				],
				[
					11,
					13
				],
				[
					12,
					14
				],
				[
					13,
					15
				],
				[
					14,
					16
				]
			]
		}
	]
}