{
	"info": {
		"description": "2D pose estimation outputs from Hawaii 2D Pose (based on MultiPoseNet)",
		"url": "",
		"version": "191128",
		"year": 2020,
		"contributor": "KakaoBrain-HumanCV",
		"date_created": "2020-01-15 18:47:21"
	},
	"video": {
		"path": "S008C001P036R002A009_rgb.avi",
		"width": 1920,
		"height": 1080,
		"original_length": 50,
		"fps": 30.0
	},
	"annotations": [
		{
			"frame_num": 0,
			"objects": [
				{
					"category_id": 1,
					"bbox": [
						834.14,
						580.82,
						162.84,
						359.74
					],
					"score": 0.642,
					"keypoints": [
						917.43,
						620.17,
						1.0,
						917.43,
						612.67,
						0.99,
						906.19,
						612.67,
						0.96,
						924.93,
						620.17,
						0.02,
						883.71,
						620.17,
						1.0,
						928.68,
						665.14,
						0.86,
						857.48,
						676.38,
						0.83,
						939.92,
						717.6,
						0.9,
						861.22,
						736.33,
						0.35,
						936.17,
						751.32,
						0.79,
						898.7,
						762.57,
						0.38,
						917.43,
						766.31,
						0.51,
						868.72,
						770.06,
						0.57,
						951.16,
						792.54,
						0.82,
						917.43,
						800.04,
						0.86,
						954.91,
						893.72,
						0.97,
						924.93,
						904.96,
						0.98
					],
					"area": 13166.009,
					"b_score": 0.852,
					"object_id": 0
				}
			]
		},
		{
			"frame_num": 1,
			"objects": [
				{
					"category_id": 1,
					"bbox": [
						833.59,
						580.59,
						164.03,
						359.72
					],
					"score": 0.627,
					"keypoints": [
						916.074,
						620.087,
						0.96,
						917.447,
						612.591,
						0.93,
						906.207,
						612.591,
						0.93,
						920.356,
						621.453,
						0.02,
						883.724,
						620.087,
						1.0,
						928.694,
						665.057,
						0.82,
						857.494,
						676.297,
						0.81,
						941.311,
						717.517,
						0.87,
						859.864,
						736.247,
						0.32,
						936.19,
						751.196,
						0.78,
						898.72,
						764.506,
						0.32,
						917.447,
						766.227,
						0.48,
						868.737,
						769.974,
						0.56,
						951.174,
						792.457,
						0.78,
						917.447,
						799.954,
						0.8,
						957.018,
						891.486,
						0.92,
						924.95,
						902.726,
						0.95
					],
					"area": 13261.253,
					"b_score": 0.872,
					"object_id": 0
				}
			]
		},
		{
			"frame_num": 2,
			"objects": [
				{
					"category_id": 1,
					"bbox": [
						832.66,
						580.78,
						164.73,
						359.26
					],
					"score": 0.632,
					"keypoints": [
						916.367,
						620.085,
						0.97,
						918.605,
						612.59,
						0.93,
						906.017,
						612.59,
						0.94,
						915.367,
						618.101,
						0.01,
						883.546,
						620.085,
						1.0,
						928.495,
						665.03,
						0.82,
						857.326,
						676.267,
						0.81,
						941.979,
						717.47,
						0.87,
						857.214,
						736.193,
						0.31,
						935.884,
						751.126,
						0.79,
						898.44,
						765.364,
						0.27,
						917.254,
						766.159,
						0.48,
						868.565,
						769.903,
						0.56,
						950.964,
						792.375,
						0.78,
						917.254,
						799.869,
						0.8,
						957.596,
						890.362,
						0.92,
						924.649,
						901.596,
						0.96
					],
					"area": 13300.247,
					"b_score": 0.88,
					"object_id": 0
				}
			]
		},
		{
			"frame_num": 3,
			"objects": [
				{
					"category_id": 1,
					"bbox": [
						832.55,
						580.82,
						164.77,
						359.57
					],
					"score": 0.632,
					"keypoints": [
						916.521,
						620.107,
						0.97,
						919.331,
						612.614,
						0.93,
						905.861,
						612.614,
						0.94,
						912.501,
						615.896,
						0.01,
						883.39,
						620.107,
						1.0,
						928.336,
						665.054,
						0.82,
						857.17,
						676.289,
						0.81,
						942.373,
						718.862,
						0.87,
						855.507,
						736.216,
						0.33,
						935.699,
						753.267,
						0.79,
						896.122,
						765.846,
						0.29,
						917.095,
						766.18,
						0.48,
						868.406,
						769.926,
						0.55,
						950.805,
						792.397,
						0.77,
						917.095,
						799.89,
						0.8,
						957.821,
						890.054,
						0.92,
						924.467,
						901.292,
						0.95
					],
					"area": 13315.203,
					"b_score": 0.878,
					"object_id": 0
				}
			]
		},
		{
			"frame_num": 4,
			"objects": [
				{
					"category_id": 1,
					"bbox": [
						832.44,
						580.81,
						164.84,
						359.35
					],
					"score": 0.63,
					"keypoints": [
						916.595,
						620.112,
						0.97,
						919.761,
						612.62,
						0.93,
						905.734,
						612.62,
						0.94,
						912.727,
						618.714,
						0.01,
						883.267,
						620.112,
						1.0,
						928.204,
						665.049,
						0.82,
						857.055,
						676.282,
						0.81,
						942.584,
						719.74,
						0.87,
						854.482,
						736.197,
						0.33,
						935.564,
						754.172,
						0.78,
						895.058,
						765.988,
						0.3,
						916.967,
						766.152,
						0.48,
						868.288,
						769.9,
						0.55,
						950.67,
						792.367,
						0.78,
						916.967,
						799.856,
						0.8,
						957.865,
						889.815,
						0.92,
						924.333,
						901.048,
						0.95
					],
					"area": 13312.588,
					"b_score": 0.874,
					"object_id": 0
				}
			]
		},
		{
			"frame_num": 5,
			"objects": [
				{
					"category_id": 1,
					"bbox": [
						833.44,
						580.5,
						163.91,
						359.51
					],
					"score": 0.632,
					"keypoints": [
						916.83,
						620.011,
						0.97,
						920.238,
						612.519,
						0.93,
						905.837,
						612.519,
						0.94,
						911.358,
						616.222,
						0.01,
						883.369,
						620.011,
						1.0,
						928.307,
						664.949,
						0.82,
						857.157,
						676.181,
						0.81,
						942.925,
						718.825,
						0.87,
						854.11,
						736.097,
						0.36,
						935.784,
						754.434,
						0.77,
						896.889,
						765.923,
						0.3,
						917.073,
						766.054,
						0.49,
						868.39,
						769.803,
						0.55,
						950.775,
						792.271,
						0.78,
						917.073,
						799.76,
						0.81,
						958.193,
						889.611,
						0.92,
						924.553,
						900.848,
						0.95
					],
					"area": 13243.711,
					"b_score": 0.873,
					"object_id": 0
				}
			]
		},
		{
			"frame_num": 6,
			"objects": [
				{
					"category_id": 1,
					"bbox": [
						832.32,
						580.64,
						165.0,
						359.27
					],
					"score": 0.629,
					"keypoints": [
						916.784,
						619.986,
						0.98,
						920.314,
						612.495,
						0.93,
						905.709,
						612.495,
						0.94,
						910.36,
						614.688,
						0.01,
						883.243,
						619.986,
						1.0,
						928.171,
						664.915,
						0.82,
						857.039,
						676.146,
						0.81,
						942.912,
						718.274,
						0.87,
						853.673,
						737.405,
						0.34,
						935.589,
						754.565,
						0.77,
						897.449,
						765.905,
						0.26,
						916.942,
						765.997,
						0.49,
						868.267,
						769.746,
						0.55,
						950.636,
						792.208,
						0.78,
						916.942,
						799.697,
						0.81,
						958.013,
						889.494,
						0.92,
						924.359,
						900.722,
						0.95
					],
					"area": 13323.197,
					"b_score": 0.874,
					"object_id": 0
				}
			]
		},
		{
			"frame_num": 7,
			"objects": [
				{
					"category_id": 1,
					"bbox": [
						831.74,
						580.51,
						165.58,
						360.16
					],
					"score": 0.626,
					"keypoints": [
						916.653,
						619.956,
						0.98,
						920.256,
						612.462,
						0.93,
						905.515,
						613.826,
						0.95,
						916.692,
						616.627,
						0.01,
						883.034,
						619.956,
						1.0,
						927.994,
						664.917,
						0.82,
						856.81,
						676.158,
						0.81,
						942.822,
						719.343,
						0.87,
						853.236,
						738.366,
						0.34,
						935.37,
						754.784,
						0.79,
						897.553,
						768.266,
						0.27,
						916.754,
						766.074,
						0.48,
						868.046,
						769.824,
						0.55,
						950.475,
						792.302,
						0.77,
						916.754,
						799.795,
						0.81,
						957.836,
						889.779,
						0.92,
						924.129,
						901.024,
						0.95
					],
					"area": 13403.175,
					"b_score": 0.87,
					"object_id": 0
				}
			]
		},
		{
			"frame_num": 8,
			"objects": [
				{
					"category_id": 1,
					"bbox": [
						832.0,
						580.37,
						165.39,
						360.23
					],
					"score": 0.622,
					"keypoints": [
						916.624,
						619.892,
						0.98,
						920.28,
						612.395,
						0.95,
						905.442,
						614.649,
						0.95,
						915.196,
						614.909,
						0.01,
						882.951,
						619.892,
						0.99,
						927.936,
						664.876,
						0.81,
						856.711,
						676.124,
						0.81,
						942.828,
						718.637,
						0.86,
						853.047,
						738.933,
						0.34,
						935.349,
						754.825,
						0.78,
						899.802,
						769.205,
						0.26,
						916.689,
						766.09,
						0.47,
						867.955,
						769.84,
						0.54,
						950.427,
						792.329,
						0.77,
						916.689,
						799.828,
						0.8,
						957.843,
						889.865,
						0.92,
						924.098,
						901.118,
						0.95
					],
					"area": 13389.665,
					"b_score": 0.868,
					"object_id": 0
				}
			]
		},
		{
			"frame_num": 9,
			"objects": [
				{
					"category_id": 1,
					"bbox": [
						832.05,
						580.42,
						164.96,
						360.55
					],
					"score": 0.626,
					"keypoints": [
						916.549,
						619.877,
						0.98,
						920.236,
						612.376,
						0.96,
						905.335,
						615.202,
						0.95,
						914.186,
						613.872,
						0.01,
						882.83,
						619.877,
						0.98,
						929.183,
						664.891,
						0.81,
						856.568,
						676.147,
						0.81,
						942.781,
						719.597,
						0.87,
						852.846,
						739.359,
						0.34,
						935.266,
						754.953,
						0.79,
						900.701,
						769.721,
						0.27,
						916.59,
						766.173,
						0.48,
						867.822,
						769.926,
						0.53,
						950.35,
						792.429,
						0.77,
						916.59,
						799.932,
						0.81,
						957.779,
						890.078,
						0.91,
						924.005,
						901.34,
						0.94
					],
					"area": 13367.434,
					"b_score": 0.871,
					"object_id": 0
				}
			]
		},
		{
			"frame_num": 10,
			"objects": [
				{
					"category_id": 1,
					"bbox": [
						831.96,
						580.39,
						165.18,
						360.71
					],
					"score": 0.622,
					"keypoints": [
						916.507,
						619.864,
						0.99,
						920.219,
						612.36,
						0.96,
						905.273,
						615.538,
						0.94,
						911.977,
						613.245,
						0.01,
						882.755,
						619.864,
						0.98,
						930.024,
						664.905,
						0.81,
						856.48,
						676.165,
						0.82,
						942.766,
						720.231,
						0.87,
						852.73,
						739.637,
						0.36,
						935.242,
						755.038,
						0.8,
						901.098,
						769.963,
						0.29,
						916.533,
						764.872,
						0.46,
						866.312,
						770.0,
						0.52,
						950.315,
						792.516,
						0.78,
						916.533,
						800.024,
						0.8,
						957.774,
						890.23,
						0.92,
						923.976,
						901.501,
						0.94
					],
					"area": 13391.219,
					"b_score": 0.864,
					"object_id": 0
				}
			]
		},
		{
			"frame_num": 11,
			"objects": [
				{
					"category_id": 1,
					"bbox": [
						831.73,
						580.73,
						165.33,
						359.98
					],
					"score": 0.625,
					"keypoints": [
						916.424,
						619.946,
						0.98,
						920.147,
						612.443,
						0.96,
						906.517,
						615.849,
						0.96,
						912.2,
						612.984,
						0.01,
						884.008,
						619.946,
						0.98,
						930.491,
						664.972,
						0.8,
						856.409,
						676.229,
						0.81,
						942.677,
						720.654,
						0.87,
						852.649,
						741.337,
						0.34,
						935.126,
						755.066,
						0.78,
						901.195,
						770.035,
						0.28,
						916.44,
						764.011,
						0.47,
						866.76,
						770.031,
						0.52,
						951.547,
						793.926,
						0.77,
						916.44,
						800.047,
						0.82,
						957.643,
						890.152,
						0.92,
						925.912,
						901.412,
						0.94
					],
					"area": 13376.099,
					"b_score": 0.87,
					"object_id": 0
				}
			]
		},
		{
			"frame_num": 12,
			"objects": [
				{
					"category_id": 1,
					"bbox": [
						833.93,
						581.31,
						163.84,
						360.98
					],
					"score": 0.617,
					"keypoints": [
						918.287,
						621.651,
						0.98,
						922.143,
						612.73,
						0.95,
						907.908,
						616.306,
						0.96,
						912.899,
						614.509,
						0.01,
						885.378,
						620.239,
						1.0,
						932.942,
						665.299,
						0.8,
						858.196,
						676.564,
						0.82,
						943.186,
						719.891,
						0.87,
						853.103,
						742.813,
						0.38,
						935.862,
						753.669,
						0.74,
						902.045,
						770.7,
						0.29,
						916.886,
						765.224,
						0.46,
						867.498,
						770.443,
						0.53,
						952.982,
						795.318,
						0.8,
						916.886,
						800.483,
						0.82,
						958.421,
						890.866,
						0.92,
						927.689,
						902.137,
						0.95
					],
					"area": 13292.122,
					"b_score": 0.854,
					"object_id": 0
				}
			]
		},
		{
			"frame_num": 13,
			"objects": [
				{
					"category_id": 1,
					"bbox": [
						829.55,
						581.94,
						168.28,
						361.17
					],
					"score": 0.642,
					"keypoints": [
						920.18,
						623.033,
						1.0,
						922.518,
						614.596,
						1.0,
						909.452,
						616.843,
						1.0,
						920.009,
						620.287,
						0.01,
						886.903,
						622.114,
						1.0,
						933.532,
						667.213,
						0.9,
						858.542,
						677.034,
						0.83,
						945.69,
						721.078,
						0.9,
						852.517,
						743.998,
						0.28,
						937.112,
						755.405,
						0.82,
						899.265,
						771.406,
						0.25,
						916.42,
						766.264,
						0.5,
						867.202,
						770.979,
						0.58,
						953.064,
						796.498,
						0.85,
						916.42,
						801.043,
						0.92,
						957.673,
						891.648,
						0.98,
						927.229,
						902.93,
						1.0
					],
					"area": 13659.841,
					"b_score": 0.838,
					"object_id": 0
				}
			]
		},
		{
			"frame_num": 14,
			"objects": [
				{
					"category_id": 1,
					"bbox": [
						835.44,
						582.24,
						161.45,
						360.35
					],
					"score": 0.677,
					"keypoints": [
						920.824,
						622.513,
						1.0,
						923.744,
						613.131,
						1.0,
						911.468,
						615.844,
						1.0,
						924.128,
						620.835,
						0.01,
						887.346,
						620.645,
						1.0,
						934.91,
						665.718,
						0.91,
						858.343,
						676.043,
						0.84,
						946.667,
						720.41,
						0.91,
						853.174,
						741.686,
						0.35,
						936.955,
						754.178,
						0.82,
						897.153,
						769.638,
						0.31,
						916.982,
						765.578,
						0.49,
						866.579,
						769.964,
						0.56,
						954.039,
						795.664,
						0.84,
						915.641,
						800.015,
						0.96,
						956.549,
						891.788,
						0.98,
						924.295,
						903.064,
						1.0
					],
					"area": 13075.458,
					"b_score": 0.867,
					"object_id": 0
				}
			]
		},
		{
			"frame_num": 15,
			"objects": [
				{
					"category_id": 1,
					"bbox": [
						837.7,
						583.25,
						159.2,
						358.74
					],
					"score": 0.692,
					"keypoints": [
						921.663,
						622.504,
						1.0,
						926.616,
						613.806,
						1.0,
						913.173,
						615.541,
						1.0,
						928.904,
						620.031,
						0.02,
						889.734,
						621.308,
						1.0,
						937.883,
						664.97,
						0.93,
						860.191,
						674.159,
						0.87,
						947.661,
						720.138,
						0.91,
						854.069,
						740.467,
						0.4,
						939.653,
						751.541,
						0.81,
						896.921,
						768.911,
						0.34,
						919.233,
						765.193,
						0.52,
						866.677,
						769.345,
						0.56,
						955.03,
						795.187,
						0.84,
						915.564,
						800.668,
						0.97,
						956.539,
						889.641,
						0.97,
						923.526,
						902.898,
						1.0
					],
					"area": 12835.32,
					"b_score": 0.874,
					"object_id": 0
				}
			]
		},
		{
			"frame_num": 16,
			"objects": [
				{
					"category_id": 1,
					"bbox": [
						839.55,
						584.05,
						157.5,
						358.73
					],
					"score": 0.638,
					"keypoints": [
						924.23,
						622.795,
						1.0,
						928.75,
						614.548,
						0.96,
						916.362,
						615.639,
						0.97,
						925.16,
						618.526,
						0.01,
						891.598,
						622.038,
						1.0,
						940.04,
						664.764,
						0.85,
						863.44,
						674.688,
						0.85,
						948.673,
						720.246,
						0.82,
						856.374,
						741.366,
						0.42,
						941.412,
						750.848,
						0.74,
						899.312,
						768.967,
						0.36,
						919.592,
						765.224,
						0.48,
						867.092,
						769.229,
						0.53,
						954.555,
						795.184,
						0.75,
						915.874,
						801.391,
						0.86,
						957.056,
						891.043,
						0.9,
						923.733,
						903.241,
						0.96
					],
					"area": 12698.432,
					"b_score": 0.865,
					"object_id": 0
				}
			]
		},
		{
			"frame_num": 17,
			"objects": [
				{
					"category_id": 1,
					"bbox": [
						840.35,
						584.81,
						155.83,
						358.2
					],
					"score": 0.616,
					"keypoints": [
						927.459,
						624.765,
						1.0,
						931.695,
						616.833,
						0.95,
						918.109,
						617.433,
						0.97,
						926.213,
						617.838,
						0.01,
						894.404,
						622.778,
						1.0,
						941.181,
						664.858,
						0.83,
						865.394,
						675.237,
						0.8,
						950.887,
						721.968,
						0.81,
						857.943,
						745.386,
						0.38,
						942.073,
						752.789,
						0.72,
						900.493,
						769.247,
						0.28,
						919.797,
						765.417,
						0.46,
						867.369,
						769.328,
						0.53,
						954.236,
						795.349,
						0.68,
						914.67,
						802.024,
						0.85,
						957.253,
						889.912,
						0.9,
						923.801,
						903.562,
						0.95
					],
					"area": 12545.329,
					"b_score": 0.861,
					"object_id": 0
				}
			]
		},
		{
			"frame_num": 18,
			"objects": [
				{
					"category_id": 1,
					"bbox": [
						839.41,
						588.58,
						158.73,
						353.4
					],
					"score": 0.672,
					"keypoints": [
						931.249,
						629.135,
						1.0,
						935.275,
						619.723,
						1.0,
						922.991,
						619.989,
						1.0,
						936.511,
						615.831,
						0.01,
						898.159,
						624.565,
						1.0,
						945.519,
						667.325,
						0.93,
						868.817,
						677.96,
						0.8,
						955.763,
						723.861,
						0.86,
						857.98,
						748.546,
						0.44,
						944.753,
						756.851,
						0.85,
						908.822,
						774.669,
						0.28,
						920.113,
						767.427,
						0.47,
						867.97,
						769.839,
						0.56,
						955.489,
						795.81,
						0.81,
						915.486,
						802.755,
						0.94,
						957.344,
						891.163,
						0.99,
						924.063,
						903.439,
						1.0
					],
					"area": 12607.563,
					"b_score": 0.867,
					"object_id": 0
				}
			]
		},
		{
			"frame_num": 19,
			"objects": [
				{
					"category_id": 1,
					"bbox": [
						838.22,
						591.3,
						159.24,
						350.85
					],
					"score": 0.651,
					"keypoints": [
						936.522,
						629.374,
						1.0,
						938.443,
						620.875,
						1.0,
						926.902,
						620.996,
						1.0,
						945.371,
						621.32,
						0.01,
						903.547,
						626.725,
						1.0,
						949.07,
						668.316,
						0.9,
						872.204,
						677.676,
						0.89,
						961.598,
						724.201,
						0.87,
						859.257,
						749.326,
						0.46,
						947.398,
						757.279,
						0.79,
						911.151,
						780.27,
						0.32,
						921.388,
						766.531,
						0.49,
						868.157,
						767.989,
						0.54,
						955.772,
						795.206,
						0.8,
						914.309,
						802.272,
						0.89,
						956.75,
						892.063,
						0.93,
						923.668,
						903.62,
						0.99
					],
					"area": 12556.262,
					"b_score": 0.844,
					"object_id": 0
				}
			]
		},
		{
			"frame_num": 20,
			"objects": [
				{
					"category_id": 1,
					"bbox": [
						840.43,
						594.72,
						155.92,
						348.09
					],
					"score": 0.634,
					"keypoints": [
						939.336,
						632.631,
						1.0,
						942.133,
						622.973,
						1.0,
						929.054,
						624.71,
						1.0,
						940.023,
						623.067,
						0.01,
						906.553,
						629.423,
						1.0,
						950.98,
						670.092,
						0.86,
						874.409,
						678.533,
						0.84,
						964.581,
						723.9,
						0.86,
						860.456,
						749.104,
						0.4,
						946.302,
						758.712,
						0.75,
						910.011,
						783.495,
						0.34,
						919.632,
						766.68,
						0.42,
						867.34,
						767.597,
						0.51,
						956.041,
						796.892,
						0.77,
						912.311,
						804.067,
						0.87,
						954.538,
						893.066,
						0.93,
						921.709,
						904.226,
						0.94
					],
					"area": 12197.764,
					"b_score": 0.847,
					"object_id": 0
				}
			]
		},
		{
			"frame_num": 21,
			"objects": [
				{
					"category_id": 1,
					"bbox": [
						846.4,
						597.29,
						149.52,
						345.0
					],
					"score": 0.655,
					"keypoints": [
						944.036,
						637.354,
						1.0,
						947.273,
						627.014,
						1.0,
						933.457,
						629.756,
						1.0,
						950.479,
						622.112,
						0.01,
						911.522,
						633.81,
						1.0,
						955.123,
						671.991,
						0.89,
						879.049,
						679.8,
						0.91,
						971.313,
						724.284,
						0.86,
						864.289,
						747.986,
						0.6,
						947.408,
						759.969,
						0.68,
						911.372,
						782.771,
						0.33,
						919.537,
						765.89,
						0.38,
						866.662,
						766.341,
						0.53,
						957.193,
						798.274,
						0.79,
						912.259,
						805.481,
						0.87,
						954.962,
						893.464,
						0.95,
						922.39,
						904.406,
						0.96
					],
					"area": 11593.734,
					"b_score": 0.857,
					"object_id": 0
				}
			]
		},
		{
			"frame_num": 22,
			"objects": [
				{
					"category_id": 1,
					"bbox": [
						847.74,
						599.84,
						150.07,
						341.14
					],
					"score": 0.61,
					"keypoints": [
						946.947,
						639.01,
						1.0,
						950.372,
						628.466,
						1.0,
						938.306,
						629.892,
						1.0,
						955.941,
						621.087,
						0.01,
						914.748,
						635.415,
						1.0,
						959.72,
						672.286,
						0.81,
						882.418,
						678.482,
						0.84,
						979.157,
						723.581,
						0.91,
						865.834,
						745.117,
						0.53,
						953.457,
						755.053,
						0.54,
						910.75,
						782.821,
						0.28,
						918.813,
						765.605,
						0.41,
						867.028,
						765.843,
						0.49,
						956.936,
						799.228,
						0.81,
						911.486,
						804.962,
						0.84,
						953.849,
						893.216,
						0.92,
						921.619,
						902.084,
						0.91
					],
					"area": 11506.263,
					"b_score": 0.838,
					"object_id": 0
				}
			]
		},
		{
			"frame_num": 23,
			"objects": [
				{
					"category_id": 1,
					"bbox": [
						850.46,
						601.63,
						153.55,
						337.97
					],
					"score": 0.587,
					"keypoints": [
						954.748,
						640.546,
						0.97,
						958.257,
						631.741,
						0.97,
						0.0,
						0.0,
						0.0,
						967.297,
						631.081,
						0.01,
						920.794,
						636.949,
						0.98,
						966.187,
						674.5,
						0.71,
						890.752,
						679.382,
						0.88,
						989.251,
						723.393,
						0.85,
						867.356,
						744.79,
						0.52,
						961.029,
						752.863,
						0.52,
						913.354,
						782.888,
						0.31,
						919.965,
						766.764,
						0.39,
						867.769,
						765.641,
						0.48,
						958.47,
						799.761,
						0.75,
						912.786,
						806.023,
						0.85,
						955.562,
						892.613,
						0.91,
						923.637,
						900.394,
						0.9
					],
					"area": 11663.061,
					"b_score": 0.835,
					"object_id": 0
				}
			]
		},
		{
			"frame_num": 24,
			"objects": [
				{
					"category_id": 1,
					"bbox": [
						854.86,
						603.31,
						152.76,
						335.46
					],
					"score": 0.558,
					"keypoints": [
						958.285,
						642.005,
						1.0,
						961.801,
						634.133,
						1.0,
						945.231,
						635.031,
						0.96,
						969.769,
						630.365,
						0.01,
						923.732,
						638.428,
						0.98,
						969.137,
						676.274,
						0.74,
						894.883,
						680.382,
						0.83,
						993.26,
						723.568,
						0.88,
						872.125,
						743.583,
						0.53,
						968.635,
						750.101,
						0.51,
						917.035,
						772.522,
						0.37,
						919.623,
						766.427,
						0.33,
						867.36,
						762.738,
						0.47,
						958.064,
						800.161,
						0.8,
						913.767,
						806.721,
						0.87,
						954.698,
						892.089,
						0.9,
						921.057,
						899.346,
						0.91
					],
					"area": 11516.828,
					"b_score": 0.784,
					"object_id": 0
				}
			]
		},
		{
			"frame_num": 25,
			"objects": [
				{
					"category_id": 1,
					"bbox": [
						856.57,
						603.16,
						153.06,
						335.56
					],
					"score": 0.543,
					"keypoints": [
						962.931,
						642.669,
						0.97,
						966.445,
						635.25,
						0.94,
						953.582,
						637.514,
						0.95,
						976.17,
						636.894,
						0.01,
						930.193,
						640.862,
						0.99,
						973.503,
						678.854,
						0.71,
						897.721,
						680.947,
						0.81,
						995.958,
						723.636,
						0.84,
						875.559,
						742.727,
						0.45,
						967.013,
						752.873,
						0.56,
						919.562,
						770.453,
						0.24,
						922.95,
						766.176,
						0.39,
						867.733,
						760.975,
						0.41,
						960.051,
						800.36,
						0.81,
						915.037,
						807.096,
						0.85,
						955.279,
						891.799,
						0.9,
						920.954,
						898.871,
						0.9
					],
					"area": 11542.865,
					"b_score": 0.787,
					"object_id": 0
				}
			]
		},
		{
			"frame_num": 26,
			"objects": [
				{
					"category_id": 1,
					"bbox": [
						858.25,
						601.24,
						151.71,
						337.83
					],
					"score": 0.584,
					"keypoints": [
						967.694,
						642.214,
						1.0,
						971.223,
						634.973,
						1.0,
						957.702,
						636.122,
						1.0,
						977.323,
						634.213,
						0.01,
						933.495,
						639.602,
						1.0,
						976.118,
						679.58,
						0.74,
						901.42,
						680.742,
						0.85,
						1000.027,
						723.276,
						0.9,
						875.802,
						741.794,
						0.48,
						969.837,
						751.711,
						0.51,
						921.021,
						769.176,
						0.31,
						925.471,
						765.721,
						0.39,
						869.54,
						759.581,
						0.42,
						960.237,
						800.244,
						0.83,
						916.237,
						807.101,
						0.86,
						954.299,
						891.675,
						0.94,
						923.265,
						898.717,
						0.94
					],
					"area": 11518.645,
					"b_score": 0.811,
					"object_id": 0
				}
			]
		},
		{
			"frame_num": 27,
			"objects": [
				{
					"category_id": 1,
					"bbox": [
						854.15,
						597.2,
						155.58,
						342.48
					],
					"score": 0.575,
					"keypoints": [
						970.774,
						642.018,
						0.96,
						976.507,
						634.825,
						0.94,
						962.583,
						635.429,
						0.96,
						981.119,
						630.02,
						0.01,
						935.685,
						640.632,
						0.97,
						978.372,
						678.642,
						0.7,
						903.552,
						680.857,
						0.81,
						1000.895,
						723.486,
						0.83,
						871.444,
						744.303,
						0.61,
						965.09,
						753.922,
						0.48,
						917.96,
						786.429,
						0.48,
						925.949,
						764.757,
						0.34,
						868.273,
						757.935,
						0.4,
						961.085,
						802.64,
						0.78,
						917.482,
						809.638,
						0.84,
						954.735,
						891.594,
						0.9,
						923.137,
						900.536,
						0.93
					],
					"area": 11975.025,
					"b_score": 0.818,
					"object_id": 0
				}
			]
		},
		{
			"frame_num": 28,
			"objects": [
				{
					"category_id": 1,
					"bbox": [
						855.39,
						593.14,
						154.27,
						346.42
					],
					"score": 0.627,
					"keypoints": [
						974.806,
						638.93,
						1.0,
						977.162,
						631.642,
						0.92,
						965.095,
						632.006,
						0.99,
						975.197,
						627.732,
						0.01,
						939.072,
						636.639,
						1.0,
						979.978,
						675.505,
						0.73,
						906.689,
						678.609,
						0.83,
						997.972,
						722.7,
						0.84,
						869.14,
						743.813,
						0.79,
						966.157,
						751.827,
						0.43,
						917.008,
						791.22,
						0.55,
						926.444,
						761.741,
						0.41,
						871.595,
						754.193,
						0.47,
						960.48,
						803.32,
						0.77,
						919.983,
						810.417,
						0.85,
						953.434,
						891.195,
						0.93,
						923.328,
						901.125,
						0.96
					],
					"area": 12011.313,
					"b_score": 0.854,
					"object_id": 0
				}
			]
		},
		{
			"frame_num": 29,
			"objects": [
				{
					"category_id": 1,
					"bbox": [
						855.72,
						588.17,
						154.77,
						351.6
					],
					"score": 0.636,
					"keypoints": [
						977.184,
						637.011,
						0.99,
						980.294,
						628.38,
						0.94,
						968.947,
						629.898,
						0.96,
						973.274,
						627.336,
						0.01,
						943.059,
						634.259,
						1.0,
						983.488,
						672.524,
						0.74,
						908.15,
						673.799,
						0.85,
						997.547,
						721.05,
						0.87,
						869.088,
						740.999,
						0.73,
						961.414,
						753.373,
						0.59,
						914.927,
						793.888,
						0.5,
						930.337,
						760.379,
						0.46,
						877.072,
						752.731,
						0.51,
						962.051,
						804.515,
						0.72,
						923.385,
						810.137,
						0.83,
						953.328,
						892.682,
						0.9,
						923.653,
						901.221,
						0.92
					],
					"area": 12229.51,
					"b_score": 0.862,
					"object_id": 0
				}
			]
		},
		{
			"frame_num": 30,
			"objects": [
				{
					"category_id": 1,
					"bbox": [
						856.39,
						580.3,
						153.64,
						360.27
					],
					"score": 0.68,
					"keypoints": [
						978.877,
						633.429,
						1.0,
						982.358,
						623.544,
						0.98,
						968.896,
						626.219,
						1.0,
						0.0,
						0.0,
						0.0,
						944.95,
						630.144,
						1.0,
						985.81,
						667.763,
						0.81,
						908.513,
						669.724,
						0.86,
						996.287,
						719.596,
						0.88,
						869.983,
						738.975,
						0.76,
						959.294,
						754.139,
						0.59,
						915.662,
						792.871,
						0.53,
						932.567,
						757.936,
						0.46,
						879.637,
						751.934,
						0.52,
						961.764,
						804.131,
						0.77,
						925.303,
						810.539,
						0.91,
						953.607,
						893.211,
						0.94,
						923.747,
						901.195,
						0.96
					],
					"area": 12439.947,
					"b_score": 0.886,
					"object_id": 0
				}
			]
		},
		{
			"frame_num": 31,
			"objects": [
				{
					"category_id": 1,
					"bbox": [
						859.35,
						574.31,
						147.44,
						367.59
					],
					"score": 0.691,
					"keypoints": [
						980.049,
						624.727,
						1.0,
						983.725,
						613.65,
						0.9,
						971.431,
						617.327,
						0.98,
						0.0,
						0.0,
						0.0,
						945.81,
						620.948,
						1.0,
						985.238,
						660.645,
						0.85,
						908.335,
						663.228,
						0.88,
						994.375,
						713.678,
						0.89,
						873.302,
						732.72,
						0.73,
						958.543,
						750.997,
						0.57,
						917.945,
						791.489,
						0.43,
						933.707,
						753.487,
						0.47,
						882.326,
						748.349,
						0.53,
						961.775,
						804.908,
						0.77,
						926.23,
						810.238,
						0.94,
						953.881,
						893.657,
						0.95,
						925.779,
						901.454,
						0.97
					],
					"area": 12180.263,
					"b_score": 0.913,
					"object_id": 0
				}
			]
		},
		{
			"frame_num": 32,
			"objects": [
				{
					"category_id": 1,
					"bbox": [
						858.3,
						564.28,
						147.78,
						379.14
					],
					"score": 0.679,
					"keypoints": [
						980.892,
						617.042,
						1.0,
						984.725,
						607.521,
						0.99,
						972.701,
						609.369,
						1.0,
						982.423,
						619.761,
						0.01,
						945.926,
						615.239,
						1.0,
						987.536,
						656.923,
						0.9,
						909.463,
						657.964,
						0.84,
						992.101,
						709.261,
						0.94,
						875.849,
						726.421,
						0.47,
						958.165,
						751.471,
						0.46,
						923.219,
						772.786,
						0.34,
						932.155,
						746.55,
						0.44,
						882.565,
						741.858,
						0.55,
						961.793,
						805.87,
						0.79,
						926.248,
						810.593,
						0.92,
						953.901,
						893.871,
						0.96,
						926.056,
						903.993,
						0.97
					],
					"area": 12592.736,
					"b_score": 0.909,
					"object_id": 0
				}
			]
		},
		{
			"frame_num": 33,
			"objects": [
				{
					"category_id": 1,
					"bbox": [
						857.61,
						555.14,
						146.9,
						389.39
					],
					"score": 0.644,
					"keypoints": [
						981.366,
						606.188,
						1.0,
						985.321,
						597.451,
						0.9,
						973.23,
						598.222,
						0.97,
						986.684,
						610.778,
						0.01,
						947.783,
						607.95,
						0.99,
						988.792,
						649.1,
						0.89,
						911.222,
						651.634,
						0.8,
						989.434,
						704.105,
						0.86,
						877.952,
						720.516,
						0.48,
						959.872,
						746.739,
						0.45,
						924.323,
						763.545,
						0.26,
						932.563,
						740.653,
						0.48,
						883.435,
						736.214,
						0.54,
						961.67,
						805.341,
						0.78,
						927.507,
						811.461,
						0.9,
						953.616,
						896.199,
						0.96,
						925.466,
						905.154,
						0.95
					],
					"area": 12855.489,
					"b_score": 0.896,
					"object_id": 0
				}
			]
		},
		{
			"frame_num": 34,
			"objects": [
				{
					"category_id": 1,
					"bbox": [
						857.35,
						543.6,
						148.96,
						401.9
					],
					"score": 0.652,
					"keypoints": [
						982.879,
						592.314,
						0.98,
						984.704,
						586.541,
						0.84,
						972.352,
						586.789,
						0.93,
						990.046,
						597.659,
						0.01,
						949.353,
						593.262,
						0.95,
						988.561,
						637.653,
						0.85,
						912.142,
						641.08,
						0.83,
						987.382,
						695.247,
						0.84,
						880.716,
						714.088,
						0.54,
						961.716,
						744.032,
						0.62,
						927.863,
						757.274,
						0.23,
						935.107,
						734.632,
						0.55,
						885.565,
						727.723,
						0.57,
						960.69,
						802.295,
						0.79,
						928.521,
						807.863,
						0.89,
						954.257,
						892.328,
						0.93,
						925.511,
						900.923,
						0.93
					],
					"area": 13455.331,
					"b_score": 0.904,
					"object_id": 0
				}
			]
		},
		{
			"frame_num": 35,
			"objects": [
				{
					"category_id": 1,
					"bbox": [
						860.4,
						535.83,
						145.68,
						401.13
					],
					"score": 0.68,
					"keypoints": [
						982.048,
						581.731,
						1.0,
						985.103,
						574.394,
						0.93,
						972.657,
						574.426,
						1.0,
						985.383,
						581.402,
						0.01,
						948.569,
						582.195,
						0.99,
						989.121,
						627.832,
						0.95,
						915.575,
						628.966,
						0.87,
						986.666,
						686.373,
						0.88,
						887.385,
						701.12,
						0.37,
						966.02,
						740.389,
						0.72,
						930.025,
						749.417,
						0.27,
						937.171,
						727.145,
						0.61,
						889.567,
						721.741,
						0.6,
						960.583,
						801.896,
						0.88,
						929.722,
						805.303,
						0.93,
						953.068,
						890.374,
						0.95,
						926.315,
						898.811,
						0.96
					],
					"area": 13133.448,
					"b_score": 0.893,
					"object_id": 0
				}
			]
		},
		{
			"frame_num": 36,
			"objects": [
				{
					"category_id": 1,
					"bbox": [
						860.84,
						525.17,
						146.79,
						411.42
					],
					"score": 0.641,
					"keypoints": [
						982.807,
						568.562,
						0.99,
						984.307,
						560.422,
						0.8,
						973.855,
						560.381,
						0.95,
						982.323,
						568.651,
						0.01,
						948.909,
						568.808,
						0.98,
						988.464,
						618.57,
						0.85,
						915.253,
						618.817,
						0.87,
						985.558,
						678.357,
						0.78,
						890.626,
						688.816,
						0.42,
						968.962,
						728.854,
						0.55,
						926.213,
						736.597,
						0.12,
						938.824,
						723.059,
						0.57,
						889.402,
						715.648,
						0.59,
						959.612,
						800.221,
						0.87,
						928.878,
						803.825,
						0.92,
						953.306,
						888.563,
						0.9,
						924.884,
						899.562,
						0.93
					],
					"area": 13573.019,
					"b_score": 0.902,
					"object_id": 0
				}
			]
		},
		{
			"frame_num": 37,
			"objects": [
				{
					"category_id": 1,
					"bbox": [
						864.28,
						513.28,
						142.82,
						423.41
					],
					"score": 0.725,
					"keypoints": [
						984.666,
						559.699,
						1.0,
						985.357,
						551.095,
						0.95,
						973.512,
						551.053,
						1.0,
						980.115,
						562.801,
						0.01,
						950.044,
						559.825,
						1.0,
						989.63,
						609.04,
						0.95,
						917.853,
						611.939,
						0.9,
						987.573,
						673.208,
						0.86,
						899.916,
						679.447,
						0.47,
						974.792,
						727.68,
						0.84,
						927.93,
						725.605,
						0.3,
						942.731,
						714.887,
						0.61,
						893.897,
						709.23,
						0.6,
						959.73,
						800.909,
						0.93,
						930.961,
						803.162,
						0.97,
						954.484,
						889.588,
						0.96,
						924.768,
						899.368,
						0.98
					],
					"area": 13591.227,
					"b_score": 0.916,
					"object_id": 0
				}
			]
		},
		{
			"frame_num": 38,
			"objects": [
				{
					"category_id": 1,
					"bbox": [
						868.37,
						505.58,
						138.6,
						430.16
					],
					"score": 0.71,
					"keypoints": [
						982.511,
						551.997,
						1.0,
						985.048,
						543.138,
						0.9,
						972.421,
						543.104,
						0.98,
						978.207,
						556.199,
						0.01,
						949.464,
						552.069,
						1.0,
						989.423,
						604.483,
						0.92,
						917.674,
						605.46,
						0.91,
						986.538,
						670.759,
						0.87,
						907.624,
						672.761,
						0.4,
						975.426,
						727.473,
						0.88,
						927.092,
						733.534,
						0.3,
						945.845,
						714.327,
						0.63,
						899.325,
						709.361,
						0.58,
						960.674,
						801.843,
						0.91,
						930.956,
						803.316,
						0.94,
						953.902,
						894.139,
						0.95,
						925.67,
						903.458,
						0.99
					],
					"area": 13399.443,
					"b_score": 0.915,
					"object_id": 0
				}
			]
		},
		{
			"frame_num": 39,
			"objects": [
				{
					"category_id": 1,
					"bbox": [
						870.43,
						498.16,
						136.58,
						436.66
					],
					"score": 0.697,
					"keypoints": [
						980.181,
						538.53,
						1.0,
						983.61,
						529.483,
						0.94,
						970.528,
						529.445,
						1.0,
						974.47,
						543.252,
						0.01,
						947.632,
						541.798,
						0.98,
						988.072,
						592.905,
						0.87,
						913.754,
						593.104,
						0.93,
						986.517,
						661.018,
						0.79,
						908.505,
						661.02,
						0.45,
						976.707,
						717.768,
						0.83,
						927.238,
						725.828,
						0.33,
						948.014,
						708.804,
						0.65,
						902.17,
						704.075,
						0.58,
						960.148,
						801.428,
						0.93,
						929.449,
						802.23,
						0.9,
						954.286,
						895.305,
						0.92,
						924.143,
						904.494,
						0.93
					],
					"area": 13403.399,
					"b_score": 0.903,
					"object_id": 0
				}
			]
		},
		{
			"frame_num": 40,
			"objects": [
				{
					"category_id": 1,
					"bbox": [
						874.74,
						489.96,
						133.18,
						453.93
					],
					"score": 0.728,
					"keypoints": [
						980.785,
						529.527,
						1.0,
						982.686,
						520.17,
						0.97,
						971.231,
						520.143,
						1.0,
						973.608,
						534.422,
						0.01,
						945.904,
						533.918,
						1.0,
						987.268,
						585.811,
						0.89,
						912.378,
						585.804,
						0.93,
						990.292,
						653.004,
						0.88,
						909.696,
						655.769,
						0.66,
						979.926,
						708.166,
						0.91,
						925.934,
						717.159,
						0.63,
						956.014,
						706.605,
						0.74,
						906.821,
						704.673,
						0.64,
						961.055,
						802.508,
						0.93,
						929.474,
						803.073,
						0.92,
						956.298,
						894.713,
						0.95,
						927.141,
						904.052,
						0.96
					],
					"area": 13586.725,
					"b_score": 0.88,
					"object_id": 0
				}
			]
		},
		{
			"frame_num": 41,
			"objects": [
				{
					"category_id": 1,
					"bbox": [
						876.26,
						484.47,
						131.33,
						459.79
					],
					"score": 0.784,
					"keypoints": [
						979.527,
						526.583,
						1.0,
						980.702,
						517.065,
						1.0,
						969.948,
						517.051,
						1.0,
						971.672,
						528.202,
						0.01,
						945.233,
						524.693,
						1.0,
						987.338,
						583.757,
						0.94,
						911.71,
						583.734,
						1.0,
						991.088,
						650.948,
						0.92,
						905.222,
						651.79,
						0.92,
						981.735,
						703.804,
						0.99,
						916.194,
						716.861,
						0.67,
						957.467,
						706.937,
						0.77,
						911.762,
						706.08,
						0.69,
						960.223,
						802.676,
						1.0,
						929.669,
						803.033,
						0.91,
						957.678,
						894.312,
						0.98,
						926.094,
						903.779,
						0.98
					],
					"area": 13570.894,
					"b_score": 0.885,
					"object_id": 0
				}
			]
		},
		{
			"frame_num": 42,
			"objects": [
				{
					"category_id": 1,
					"bbox": [
						878.49,
						479.52,
						128.28,
						465.01
					],
					"score": 0.778,
					"keypoints": [
						977.396,
						522.63,
						1.0,
						978.279,
						516.257,
						1.0,
						966.111,
						516.251,
						1.0,
						966.51,
						523.174,
						0.01,
						941.655,
						522.003,
						1.0,
						985.892,
						580.581,
						0.92,
						908.055,
						580.543,
						0.98,
						992.099,
						648.28,
						0.83,
						901.07,
						651.591,
						0.92,
						983.099,
						704.5,
						0.95,
						912.855,
						715.091,
						0.71,
						958.6,
						708.414,
						0.78,
						914.139,
						707.967,
						0.73,
						960.0,
						804.139,
						0.96,
						928.149,
						804.278,
						0.93,
						956.107,
						896.747,
						0.97,
						925.879,
						903.555,
						1.0
					],
					"area": 13405.94,
					"b_score": 0.895,
					"object_id": 0
				}
			]
		},
		{
			"frame_num": 43,
			"objects": [
				{
					"category_id": 1,
					"bbox": [
						880.36,
						478.1,
						124.6,
						465.86
					],
					"score": 0.787,
					"keypoints": [
						974.607,
						520.465,
						1.0,
						976.866,
						515.111,
						1.0,
						963.786,
						515.107,
						1.0,
						963.407,
						523.842,
						0.01,
						939.36,
						520.251,
						1.0,
						985.114,
						575.535,
						0.9,
						905.577,
						578.65,
						1.0,
						990.774,
						646.6,
						0.85,
						899.031,
						647.722,
						0.87,
						986.933,
						700.413,
						0.94,
						914.782,
						710.308,
						0.75,
						961.798,
						708.52,
						0.76,
						915.152,
						708.301,
						0.74,
						959.879,
						804.732,
						0.94,
						927.252,
						804.763,
						0.92,
						955.43,
						897.393,
						0.97,
						925.776,
						903.116,
						1.0
					],
					"area": 13045.95,
					"b_score": 0.901,
					"object_id": 0
				}
			]
		},
		{
			"frame_num": 44,
			"objects": [
				{
					"category_id": 1,
					"bbox": [
						879.77,
						476.9,
						126.06,
						467.85
					],
					"score": 0.773,
					"keypoints": [
						972.725,
						519.075,
						1.0,
						976.003,
						514.05,
						1.0,
						962.289,
						514.047,
						1.0,
						961.777,
						523.427,
						0.02,
						935.757,
						515.786,
						1.0,
						983.072,
						576.324,
						0.9,
						903.923,
						574.372,
						0.99,
						990.133,
						645.663,
						0.85,
						896.018,
						649.071,
						0.92,
						988.386,
						699.145,
						0.92,
						912.472,
						708.921,
						0.8,
						963.376,
						708.451,
						0.76,
						918.336,
						708.346,
						0.73,
						959.873,
						805.174,
						0.94,
						926.723,
						805.14,
						0.92,
						955.203,
						898.006,
						0.98,
						925.763,
						903.228,
						1.0
					],
					"area": 13254.581,
					"b_score": 0.887,
					"object_id": 0
				}
			]
		},
		{
			"frame_num": 45,
			"objects": [
				{
					"category_id": 1,
					"bbox": [
						880.29,
						476.88,
						126.23,
						466.76
					],
					"score": 0.775,
					"keypoints": [
						969.645,
						518.527,
						1.0,
						973.697,
						513.613,
						1.0,
						959.499,
						513.611,
						1.0,
						961.163,
						523.205,
						0.02,
						933.823,
						514.215,
						1.0,
						981.941,
						573.459,
						0.89,
						901.076,
						575.713,
						0.99,
						989.932,
						645.054,
						0.86,
						894.623,
						649.322,
						0.9,
						992.558,
						698.422,
						0.9,
						912.061,
						704.593,
						0.81,
						967.078,
						710.565,
						0.74,
						922.899,
						708.089,
						0.7,
						960.067,
						805.134,
						0.96,
						926.607,
						805.116,
						0.91,
						955.386,
						897.693,
						0.97,
						926.09,
						902.76,
						1.0
					],
					"area": 13242.367,
					"b_score": 0.894,
					"object_id": 0
				}
			]
		},
		{
			"frame_num": 46,
			"objects": [
				{
					"category_id": 1,
					"bbox": [
						880.46,
						477.96,
						128.69,
						466.62
					],
					"score": 0.776,
					"keypoints": [
						968.39,
						518.985,
						1.0,
						972.832,
						514.096,
						1.0,
						958.425,
						514.097,
						1.0,
						959.2,
						523.763,
						0.01,
						931.105,
						517.339,
						1.0,
						979.803,
						575.913,
						0.9,
						900.024,
						576.837,
						0.99,
						990.33,
						645.392,
						0.87,
						894.305,
						650.013,
						0.91,
						994.806,
						695.506,
						0.93,
						912.746,
						704.152,
						0.85,
						969.518,
						709.708,
						0.76,
						925.668,
						708.447,
						0.72,
						960.695,
						805.489,
						0.97,
						927.028,
						805.443,
						0.89,
						956.219,
						898.091,
						0.97,
						927.01,
						905.815,
						1.0
					],
					"area": 13496.251,
					"b_score": 0.887,
					"object_id": 0
				}
			]
		},
		{
			"frame_num": 47,
			"objects": [
				{
					"category_id": 1,
					"bbox": [
						879.63,
						478.26,
						131.82,
						465.68
					],
					"score": 0.8,
					"keypoints": [
						965.778,
						522.128,
						1.0,
						970.513,
						514.417,
						1.0,
						955.946,
						514.418,
						1.0,
						956.119,
						524.101,
						0.02,
						929.951,
						518.624,
						1.0,
						978.717,
						576.936,
						0.94,
						897.596,
						577.336,
						1.0,
						990.825,
						645.518,
						0.88,
						892.737,
						650.271,
						0.92,
						995.935,
						697.787,
						0.93,
						910.541,
						707.138,
						0.92,
						970.982,
						711.493,
						0.76,
						927.289,
						710.738,
						0.74,
						961.367,
						805.567,
						0.97,
						925.856,
						807.382,
						0.95,
						957.011,
						897.963,
						0.99,
						925.268,
						904.183,
						1.0
					],
					"area": 13796.726,
					"b_score": 0.887,
					"object_id": 0
				}
			]
		},
		{
			"frame_num": 48,
			"objects": [
				{
					"category_id": 1,
					"bbox": [
						879.73,
						477.58,
						134.47,
						466.32
					],
					"score": 0.804,
					"keypoints": [
						962.667,
						520.236,
						1.0,
						969.796,
						514.183,
						1.0,
						952.911,
						514.183,
						1.0,
						955.222,
						523.883,
						0.02,
						927.695,
						518.767,
						1.0,
						976.606,
						577.061,
						0.94,
						896.864,
						577.237,
						1.0,
						989.889,
						645.325,
						0.91,
						893.906,
						650.133,
						0.9,
						997.292,
						695.097,
						0.94,
						910.541,
						707.879,
						0.91,
						972.431,
						712.247,
						0.78,
						926.114,
						711.785,
						0.75,
						960.572,
						805.526,
						1.0,
						925.589,
						808.537,
						0.96,
						958.193,
						897.847,
						1.0,
						925.185,
						906.026,
						1.0
					],
					"area": 14092.749,
					"b_score": 0.877,
					"object_id": 0
				}
			]
		},
		{
			"frame_num": 49,
			"objects": [
				{
					"category_id": 1,
					"bbox": [
						879.78,
						477.26,
						138.31,
						466.56
					],
					"score": 0.764,
					"keypoints": [
						961.936,
						519.292,
						1.0,
						968.112,
						513.922,
						0.98,
						952.201,
						513.922,
						1.0,
						953.353,
						523.635,
						0.02,
						927.408,
						518.661,
						1.0,
						976.215,
						576.973,
						0.9,
						895.123,
						577.051,
						1.0,
						990.021,
						645.122,
						0.89,
						895.445,
						649.953,
						0.86,
						1002.509,
						697.149,
						0.9,
						911.648,
						708.027,
						0.87,
						974.162,
						712.568,
						0.74,
						926.62,
						712.284,
						0.71,
						960.756,
						805.448,
						0.99,
						926.102,
						809.19,
						0.92,
						959.885,
						897.747,
						0.97,
						926.17,
						906.794,
						1.0
					],
					"area": 14503.235,
					"b_score": 0.868,
					"object_id": 0
				}
			]
		}
	],
	"categories": [
		{
			"supercategory": "person",
			"id": 1,
			"name": "person",
			"keypoints": [
				"nose",
				"left_eye",
				"right_eye",
				"left_ear",
				"right_ear",
				"left_shoulder",
				"right_shoulder",
				"left_elbow",
				"right_elbow",
				"left_wrist",
				"right_wrist",
				"left_hip",
				"right_hip",
				"left_knee",
				"right_knee",
				"left_ankle",
				"right_ankle"
			],
			"skeleton": [
				[
					0,
					1
				],
				[
					0,
					2
				],
				[
					1,
					3
				],
				[
					2,
					4
				],
				[
					0,
					5
				],
				[
					0,
					6
				],
				[
					5,
					7
				],
				[
					6,
					8
				],
				[
					7,
					9
				],
				[
					8,
					10
				],
				[
					5,
					11
				],
				[
					6,
					12
				],
				[
					11,
					13
				],
				[
					12,
					14
				],
				[
					13,
					15
				],
				[
					14,
					16
				]
			]
		}
	]
}