{
	"info": {
		"description": "2D pose estimation outputs from Hawaii 2D Pose (based on MultiPoseNet)",
		"url": "",
		"version": "191128",
		"year": 2020,
		"contributor": "KakaoBrain-HumanCV",
		"date_created": "2020-01-15 17:59:13"
	},
	"video": {
		"path": "S001C002P005R002A022_rgb.avi",
		"width": 1920,
		"height": 1080,
		"original_length": 77,
		"fps": 30.0
	},
	"annotations": [
		{
			"frame_num": 0,
			"objects": [
				{
					"category_id": 1,
					"bbox": [
						826.08,
						276.49,
						182.13,
						557.58
					],
					"score": 0.966,
					"keypoints": [
						914.24,
						331.67,
						1.0,
						925.86,
						320.05,
						1.0,
						902.62,
						320.05,
						1.0,
						943.28,
						331.67,
						1.0,
						885.2,
						331.67,
						1.0,
						960.71,
						389.75,
						0.96,
						856.16,
						395.56,
						0.99,
						978.13,
						476.87,
						1.0,
						844.54,
						488.49,
						0.98,
						995.55,
						546.57,
						1.0,
						850.35,
						569.8,
						0.99,
						949.09,
						558.19,
						0.85,
						891.01,
						563.99,
						0.78,
						943.28,
						680.16,
						0.93,
						896.82,
						685.97,
						0.89,
						943.28,
						784.7,
						0.96,
						902.62,
						796.32,
						0.99
					],
					"area": 22824.035,
					"b_score": 0.96,
					"object_id": 0
				}
			]
		},
		{
			"frame_num": 1,
			"objects": [
				{
					"category_id": 1,
					"bbox": [
						826.45,
						276.33,
						182.27,
						555.96
					],
					"score": 0.972,
					"keypoints": [
						914.396,
						331.559,
						1.0,
						926.002,
						319.953,
						1.0,
						902.786,
						319.953,
						1.0,
						943.405,
						331.559,
						1.0,
						885.384,
						331.559,
						1.0,
						960.817,
						389.58,
						0.97,
						856.372,
						395.387,
						0.99,
						978.22,
						476.612,
						1.0,
						844.766,
						488.222,
						0.98,
						995.663,
						546.078,
						1.0,
						850.677,
						569.27,
						0.99,
						949.211,
						557.847,
						0.84,
						891.187,
						563.644,
						0.76,
						943.405,
						679.692,
						0.93,
						896.99,
						685.495,
						0.91,
						943.466,
						783.833,
						0.97,
						902.868,
						791.901,
						1.0
					],
					"area": 22774.577,
					"b_score": 0.967,
					"object_id": 0
				}
			]
		},
		{
			"frame_num": 2,
			"objects": [
				{
					"category_id": 1,
					"bbox": [
						826.51,
						276.52,
						182.68,
						555.01
					],
					"score": 0.942,
					"keypoints": [
						914.593,
						331.518,
						1.0,
						926.186,
						319.928,
						1.0,
						903.001,
						319.928,
						1.0,
						943.567,
						331.518,
						1.0,
						885.621,
						331.518,
						1.0,
						963.183,
						389.469,
						0.91,
						856.646,
						395.266,
						0.97,
						980.558,
						476.39,
						0.97,
						845.057,
						487.981,
						0.97,
						999.157,
						542.233,
						0.94,
						851.042,
						568.85,
						0.96,
						951.593,
						557.518,
						0.83,
						891.416,
						563.308,
						0.73,
						945.798,
						679.198,
						0.91,
						897.211,
						684.996,
						0.9,
						947.073,
						783.046,
						0.93,
						903.147,
						789.613,
						0.96
					],
					"area": 22787.459,
					"b_score": 0.97,
					"object_id": 0
				}
			]
		},
		{
			"frame_num": 3,
			"objects": [
				{
					"category_id": 1,
					"bbox": [
						826.38,
						276.64,
						183.83,
						554.67
					],
					"score": 0.939,
					"keypoints": [
						914.883,
						331.522,
						1.0,
						926.46,
						319.942,
						1.0,
						903.303,
						319.942,
						1.0,
						943.822,
						331.522,
						1.0,
						885.941,
						331.522,
						1.0,
						964.884,
						389.413,
						0.91,
						856.998,
						395.204,
						0.97,
						982.238,
						476.245,
						0.97,
						845.419,
						487.821,
						0.97,
						1000.897,
						540.602,
						0.93,
						851.474,
						568.621,
						0.95,
						953.309,
						557.282,
						0.82,
						891.727,
						563.069,
						0.74,
						947.521,
						678.835,
						0.92,
						897.516,
						684.626,
						0.91,
						948.872,
						782.581,
						0.92,
						903.519,
						788.613,
						0.96
					],
					"area": 22915.714,
					"b_score": 0.97,
					"object_id": 0
				}
			]
		},
		{
			"frame_num": 4,
			"objects": [
				{
					"category_id": 1,
					"bbox": [
						826.44,
						276.72,
						186.37,
						553.61
					],
					"score": 0.942,
					"keypoints": [
						915.56,
						331.518,
						1.0,
						927.119,
						319.955,
						1.0,
						901.921,
						319.955,
						1.0,
						942.375,
						331.518,
						1.0,
						886.663,
						331.518,
						1.0,
						964.11,
						389.332,
						0.95,
						857.762,
						395.112,
						0.94,
						981.445,
						476.044,
						1.0,
						846.203,
						487.603,
						0.92,
						999.017,
						539.702,
						1.0,
						852.486,
						564.78,
						0.93,
						952.547,
						556.966,
						0.83,
						892.438,
						562.747,
						0.75,
						946.769,
						678.344,
						0.94,
						898.22,
						684.127,
						0.88,
						947.047,
						781.879,
						0.96,
						904.443,
						787.676,
						0.93
					],
					"area": 23188.735,
					"b_score": 0.97,
					"object_id": 0
				}
			]
		},
		{
			"frame_num": 5,
			"objects": [
				{
					"category_id": 1,
					"bbox": [
						827.0,
						276.63,
						186.97,
						554.05
					],
					"score": 0.988,
					"keypoints": [
						914.259,
						331.498,
						1.0,
						925.811,
						319.943,
						1.0,
						901.32,
						319.943,
						1.0,
						941.749,
						331.498,
						1.0,
						885.386,
						331.498,
						1.0,
						963.981,
						391.425,
						0.96,
						856.506,
						395.055,
						0.99,
						981.307,
						475.935,
						1.0,
						844.951,
						487.491,
						1.0,
						998.681,
						539.421,
						1.0,
						850.293,
						563.283,
						1.0,
						952.422,
						556.812,
						0.81,
						891.158,
						562.588,
						0.79,
						946.647,
						678.12,
						0.95,
						896.934,
						683.897,
						0.95,
						943.534,
						781.736,
						0.96,
						902.223,
						787.51,
						1.0
					],
					"area": 23281.109,
					"b_score": 0.968,
					"object_id": 0
				}
			]
		},
		{
			"frame_num": 6,
			"objects": [
				{
					"category_id": 1,
					"bbox": [
						828.11,
						278.24,
						186.6,
						552.52
					],
					"score": 0.985,
					"keypoints": [
						913.731,
						331.996,
						1.0,
						925.267,
						320.456,
						1.0,
						901.302,
						320.456,
						1.0,
						941.68,
						331.996,
						1.0,
						884.895,
						331.996,
						1.0,
						964.209,
						393.329,
						0.97,
						856.058,
						395.456,
						0.98,
						981.509,
						476.238,
						1.0,
						844.519,
						487.779,
						0.99,
						998.911,
						539.818,
						1.0,
						853.039,
						563.192,
						1.0,
						952.669,
						557.011,
						0.81,
						890.662,
						562.782,
						0.78,
						946.9,
						678.164,
						0.95,
						896.428,
						683.932,
						0.95,
						942.416,
						781.787,
						0.96,
						901.707,
						790.566,
						1.0
					],
					"area": 23170.827,
					"b_score": 0.967,
					"object_id": 0
				}
			]
		},
		{
			"frame_num": 7,
			"objects": [
				{
					"category_id": 1,
					"bbox": [
						828.41,
						278.1,
						186.6,
						552.72
					],
					"score": 0.987,
					"keypoints": [
						913.493,
						332.282,
						1.0,
						925.019,
						320.753,
						1.0,
						901.391,
						320.753,
						1.0,
						941.745,
						332.282,
						1.0,
						884.676,
						332.282,
						1.0,
						964.469,
						394.47,
						0.96,
						855.856,
						395.691,
						0.99,
						981.756,
						476.412,
						1.0,
						844.329,
						487.943,
						1.0,
						999.191,
						536.427,
						1.0,
						854.447,
						563.139,
						1.0,
						952.937,
						557.128,
						0.81,
						890.44,
						562.895,
						0.78,
						947.172,
						678.195,
						0.95,
						896.203,
						683.96,
						0.94,
						942.103,
						781.837,
						0.97,
						901.623,
						788.94,
						1.0
					],
					"area": 23179.277,
					"b_score": 0.968,
					"object_id": 0
				}
			]
		},
		{
			"frame_num": 8,
			"objects": [
				{
					"category_id": 1,
					"bbox": [
						828.55,
						277.91,
						187.15,
						552.19
					],
					"score": 0.984,
					"keypoints": [
						913.496,
						332.381,
						1.0,
						925.016,
						320.859,
						1.0,
						899.389,
						320.859,
						1.0,
						939.688,
						332.381,
						1.0,
						882.463,
						332.381,
						1.0,
						962.746,
						392.813,
						0.96,
						855.9,
						395.74,
						0.99,
						980.029,
						476.394,
						0.98,
						842.17,
						487.914,
						1.0,
						999.51,
						534.844,
						1.0,
						855.337,
						562.851,
						1.0,
						951.217,
						557.043,
						0.82,
						890.458,
						562.804,
						0.78,
						945.454,
						678.006,
						0.96,
						896.22,
						683.766,
						0.94,
						942.19,
						781.498,
						0.98,
						898.455,
						787.818,
						0.98
					],
					"area": 23226.236,
					"b_score": 0.969,
					"object_id": 0
				}
			]
		},
		{
			"frame_num": 9,
			"objects": [
				{
					"category_id": 1,
					"bbox": [
						828.36,
						277.31,
						189.06,
						552.45
					],
					"score": 0.979,
					"keypoints": [
						913.761,
						332.24,
						1.0,
						925.279,
						320.721,
						1.0,
						898.433,
						320.721,
						1.0,
						938.717,
						332.24,
						1.0,
						881.37,
						332.24,
						1.0,
						961.874,
						391.645,
						0.96,
						856.181,
						395.581,
						0.99,
						979.148,
						476.2,
						0.98,
						841.086,
						487.716,
						1.0,
						1000.092,
						533.945,
						1.0,
						856.137,
						558.834,
						0.97,
						950.354,
						556.817,
						0.82,
						890.731,
						562.574,
						0.77,
						944.597,
						677.731,
						0.95,
						896.49,
						683.486,
						0.94,
						942.641,
						781.14,
						0.98,
						897.589,
						787.12,
						0.98
					],
					"area": 23473.607,
					"b_score": 0.969,
					"object_id": 0
				}
			]
		},
		{
			"frame_num": 10,
			"objects": [
				{
					"category_id": 1,
					"bbox": [
						828.58,
						276.52,
						191.74,
						553.06
					],
					"score": 0.981,
					"keypoints": [
						914.476,
						329.692,
						1.0,
						925.993,
						320.378,
						1.0,
						898.471,
						320.378,
						1.0,
						938.77,
						331.898,
						1.0,
						881.318,
						331.898,
						1.0,
						961.883,
						392.75,
						0.95,
						856.895,
						395.246,
						0.99,
						979.16,
						475.874,
						0.98,
						841.021,
						487.39,
						1.0,
						1001.301,
						533.299,
						0.97,
						861.129,
						557.002,
						1.0,
						950.363,
						556.496,
						0.82,
						891.447,
						562.253,
						0.77,
						944.605,
						677.426,
						0.94,
						897.205,
						683.187,
						0.93,
						943.66,
						780.851,
						0.97,
						898.126,
						786.692,
						0.98
					],
					"area": 23832.401,
					"b_score": 0.97,
					"object_id": 0
				}
			]
		},
		{
			"frame_num": 11,
			"objects": [
				{
					"category_id": 1,
					"bbox": [
						829.4,
						276.09,
						195.29,
						553.22
					],
					"score": 0.958,
					"keypoints": [
						913.833,
						327.846,
						1.0,
						925.353,
						320.01,
						1.0,
						899.461,
						320.01,
						1.0,
						939.782,
						331.529,
						1.0,
						882.265,
						331.529,
						1.0,
						962.805,
						393.309,
						0.93,
						856.245,
						394.887,
						0.98,
						980.083,
						475.527,
						0.95,
						841.946,
						487.044,
						1.0,
						1003.403,
						529.068,
						1.0,
						864.696,
						552.225,
						1.0,
						951.284,
						556.165,
						0.85,
						892.91,
						559.596,
						0.73,
						945.526,
						677.121,
						0.92,
						896.561,
						682.881,
						0.87,
						945.639,
						780.567,
						0.94,
						899.705,
						786.356,
						0.98
					],
					"area": 24281.897,
					"b_score": 0.969,
					"object_id": 0
				}
			]
		},
		{
			"frame_num": 12,
			"objects": [
				{
					"category_id": 1,
					"bbox": [
						830.93,
						275.93,
						193.15,
						554.43
					],
					"score": 0.979,
					"keypoints": [
						913.562,
						326.687,
						1.0,
						925.092,
						319.738,
						1.0,
						900.2,
						319.738,
						1.0,
						940.559,
						331.268,
						1.0,
						882.963,
						331.268,
						1.0,
						963.622,
						393.694,
						0.98,
						855.92,
						394.685,
						0.97,
						978.829,
						475.398,
						0.97,
						842.605,
						486.927,
						1.0,
						1001.398,
						523.835,
						1.0,
						866.12,
						546.867,
						0.99,
						950.005,
						556.116,
						0.82,
						891.871,
						560.437,
						0.75,
						946.327,
						677.191,
						0.95,
						896.27,
						680.639,
						0.89,
						943.719,
						780.935,
						1.0,
						900.651,
						786.733,
						0.98
					],
					"area": 24067.803,
					"b_score": 0.968,
					"object_id": 0
				}
			]
		},
		{
			"frame_num": 13,
			"objects": [
				{
					"category_id": 1,
					"bbox": [
						831.5,
						276.22,
						193.66,
						555.08
					],
					"score": 0.978,
					"keypoints": [
						913.674,
						326.141,
						1.0,
						925.215,
						319.682,
						1.0,
						900.929,
						319.682,
						1.0,
						941.329,
						331.226,
						1.0,
						883.663,
						331.226,
						1.0,
						964.486,
						394.099,
						1.0,
						855.969,
						394.708,
						0.97,
						980.413,
						475.506,
						1.0,
						843.26,
						484.796,
						1.0,
						1000.983,
						518.456,
						1.0,
						871.087,
						541.494,
						1.0,
						949.48,
						556.308,
						0.8,
						891.484,
						561.168,
						0.77,
						947.171,
						677.509,
						0.93,
						896.361,
						679.583,
						0.89,
						943.227,
						781.559,
						1.0,
						901.552,
						787.374,
						0.98
					],
					"area": 24159.85,
					"b_score": 0.967,
					"object_id": 0
				}
			]
		},
		{
			"frame_num": 14,
			"objects": [
				{
					"category_id": 1,
					"bbox": [
						831.74,
						276.9,
						194.4,
						554.79
					],
					"score": 0.953,
					"keypoints": [
						916.16,
						326.092,
						1.0,
						925.504,
						319.877,
						1.0,
						901.641,
						319.877,
						1.0,
						942.058,
						331.426,
						1.0,
						884.34,
						331.426,
						1.0,
						965.26,
						394.591,
						0.94,
						858.426,
						394.939,
						0.97,
						981.702,
						473.573,
						0.95,
						843.922,
						483.692,
						1.0,
						1004.492,
						513.073,
						1.0,
						877.275,
						531.655,
						1.0,
						951.431,
						556.615,
						0.82,
						891.445,
						561.801,
						0.76,
						950.4,
						677.874,
						0.91,
						896.634,
						679.155,
						0.87,
						943.307,
						782.082,
						0.97,
						902.311,
						787.873,
						0.98
					],
					"area": 24238.818,
					"b_score": 0.964,
					"object_id": 0
				}
			]
		},
		{
			"frame_num": 15,
			"objects": [
				{
					"category_id": 1,
					"bbox": [
						831.65,
						276.84,
						200.56,
						554.11
					],
					"score": 0.978,
					"keypoints": [
						914.623,
						326.015,
						1.0,
						924.7,
						319.964,
						1.0,
						901.136,
						319.964,
						1.0,
						941.551,
						331.511,
						1.0,
						883.832,
						331.511,
						1.0,
						964.673,
						394.81,
						0.98,
						858.944,
						395.016,
						0.98,
						981.439,
						472.222,
						0.98,
						843.417,
						482.897,
						1.0,
						1007.83,
						502.528,
						1.0,
						881.27,
						519.828,
						1.0,
						951.683,
						556.673,
						0.83,
						892.521,
						559.881,
						0.74,
						951.124,
						677.915,
						0.93,
						897.925,
						678.676,
						0.9,
						941.803,
						781.983,
						1.0,
						901.205,
						787.762,
						1.0
					],
					"area": 24976.255,
					"b_score": 0.959,
					"object_id": 0
				}
			]
		},
		{
			"frame_num": 16,
			"objects": [
				{
					"category_id": 1,
					"bbox": [
						831.11,
						276.76,
						208.03,
						554.41
					],
					"score": 0.973,
					"keypoints": [
						914.727,
						325.945,
						1.0,
						925.315,
						317.806,
						1.0,
						901.939,
						320.001,
						1.0,
						942.355,
						331.548,
						1.0,
						884.617,
						331.548,
						1.0,
						965.52,
						394.941,
						1.0,
						860.546,
						395.063,
						0.98,
						982.504,
						471.409,
						0.98,
						844.201,
						482.438,
						1.0,
						1011.234,
						486.073,
						1.0,
						884.679,
						503.128,
						1.0,
						950.953,
						554.525,
						0.83,
						892.271,
						558.681,
						0.75,
						952.949,
						677.99,
						0.91,
						900.068,
						678.453,
						0.88,
						942.843,
						782.033,
						1.0,
						902.382,
						787.808,
						1.0
					],
					"area": 25921.334,
					"b_score": 0.958,
					"object_id": 0
				}
			]
		},
		{
			"frame_num": 17,
			"objects": [
				{
					"category_id": 1,
					"bbox": [
						831.7,
						277.44,
						213.53,
						553.59
					],
					"score": 0.934,
					"keypoints": [
						913.947,
						326.142,
						1.0,
						924.866,
						316.671,
						1.0,
						901.601,
						318.09,
						1.0,
						942.002,
						331.781,
						1.0,
						884.29,
						331.781,
						1.0,
						965.11,
						395.214,
						0.9,
						860.575,
						395.265,
						0.98,
						987.182,
						471.09,
						0.94,
						846.073,
						482.321,
						0.99,
						1018.781,
						468.71,
						0.91,
						888.092,
						485.798,
						0.97,
						951.642,
						553.263,
						0.81,
						891.285,
						555.534,
						0.72,
						952.92,
						678.07,
						0.91,
						900.427,
						678.359,
						0.87,
						942.038,
						782.026,
						0.98,
						901.651,
						787.793,
						0.98
					],
					"area": 26566.914,
					"b_score": 0.965,
					"object_id": 0
				}
			]
		},
		{
			"frame_num": 18,
			"objects": [
				{
					"category_id": 1,
					"bbox": [
						834.38,
						276.66,
						212.2,
						553.58
					],
					"score": 0.96,
					"keypoints": [
						911.964,
						325.963,
						1.0,
						923.127,
						315.652,
						1.0,
						900.017,
						316.527,
						1.0,
						940.399,
						329.471,
						1.0,
						884.794,
						331.664,
						1.0,
						965.608,
						393.113,
						1.0,
						861.407,
						395.132,
						0.97,
						990.94,
						470.582,
						0.97,
						848.122,
						481.937,
						0.99,
						1022.518,
						440.22,
						0.98,
						890.489,
						472.51,
						0.97,
						950.774,
						554.418,
						0.81,
						891.349,
						555.871,
						0.76,
						951.413,
						677.845,
						0.95,
						899.243,
						680.156,
						0.9,
						942.729,
						781.615,
						1.0,
						902.374,
						787.377,
						0.98
					],
					"area": 26401.485,
					"b_score": 0.966,
					"object_id": 0
				}
			]
		},
		{
			"frame_num": 19,
			"objects": [
				{
					"category_id": 1,
					"bbox": [
						837.0,
						274.94,
						205.15,
						557.01
					],
					"score": 0.97,
					"keypoints": [
						910.228,
						322.775,
						1.0,
						921.588,
						314.411,
						1.0,
						898.494,
						314.931,
						1.0,
						938.967,
						327.36,
						1.0,
						882.522,
						331.096,
						1.0,
						965.635,
						391.231,
						0.99,
						859.237,
						394.69,
						1.0,
						998.858,
						464.623,
						1.0,
						848.744,
						478.981,
						0.97,
						1023.338,
						409.933,
						1.0,
						890.332,
						455.111,
						1.0,
						949.871,
						555.112,
						0.8,
						890.963,
						556.063,
						0.78,
						950.234,
						677.965,
						0.94,
						898.131,
						681.479,
						0.93,
						942.599,
						782.137,
						1.0,
						898.804,
						787.918,
						0.98
					],
					"area": 25682.128,
					"b_score": 0.965,
					"object_id": 0
				}
			]
		},
		{
			"frame_num": 20,
			"objects": [
				{
					"category_id": 1,
					"bbox": [
						838.05,
						272.0,
						199.94,
						559.53
					],
					"score": 0.941,
					"keypoints": [
						908.434,
						316.641,
						1.0,
						919.941,
						309.681,
						1.0,
						896.8,
						309.953,
						1.0,
						937.413,
						322.05,
						1.0,
						880.244,
						327.203,
						1.0,
						965.132,
						386.307,
						0.94,
						859.271,
						393.498,
						0.97,
						1008.87,
						453.62,
						0.99,
						853.566,
						476.306,
						0.94,
						1022.803,
						383.395,
						1.0,
						893.062,
						435.587,
						0.94,
						950.806,
						554.956,
						0.79,
						892.148,
						555.495,
						0.72,
						951.145,
						677.652,
						0.91,
						898.853,
						679.843,
						0.89,
						941.699,
						782.061,
						0.99,
						899.523,
						787.868,
						0.97
					],
					"area": 25143.52,
					"b_score": 0.974,
					"object_id": 0
				}
			]
		},
		{
			"frame_num": 21,
			"objects": [
				{
					"category_id": 1,
					"bbox": [
						837.78,
						268.34,
						203.18,
						563.34
					],
					"score": 1.018,
					"keypoints": [
						905.203,
						314.566,
						1.0,
						916.852,
						308.202,
						1.0,
						893.614,
						308.341,
						1.0,
						934.459,
						320.269,
						1.0,
						876.593,
						325.898,
						1.0,
						965.369,
						381.909,
						0.98,
						857.484,
						393.862,
						1.0,
						1018.068,
						443.266,
						1.0,
						853.887,
						473.721,
						1.0,
						1020.23,
						367.35,
						1.0,
						894.626,
						425.593,
						1.0,
						951.984,
						556.309,
						0.8,
						891.218,
						556.778,
						0.84,
						950.058,
						677.115,
						0.96,
						897.632,
						678.409,
						0.98,
						942.021,
						781.927,
						0.99,
						897.104,
						787.761,
						0.99
					],
					"area": 25724.68,
					"b_score": 0.98,
					"object_id": 0
				}
			]
		},
		{
			"frame_num": 22,
			"objects": [
				{
					"category_id": 1,
					"bbox": [
						839.21,
						265.08,
						207.66,
						566.59
					],
					"score": 0.977,
					"keypoints": [
						902.194,
						311.987,
						1.0,
						910.918,
						302.908,
						1.0,
						890.566,
						306.01,
						1.0,
						928.686,
						314.817,
						1.0,
						873.204,
						323.831,
						1.0,
						964.779,
						374.982,
						0.96,
						855.167,
						393.157,
						1.0,
						1024.415,
						429.88,
						1.0,
						855.521,
						471.311,
						1.0,
						1015.308,
						352.708,
						1.0,
						897.469,
						417.135,
						0.95,
						951.953,
						556.637,
						0.79,
						891.793,
						556.95,
						0.79,
						948.637,
						676.43,
						0.95,
						898.029,
						677.143,
						0.96,
						940.964,
						781.712,
						0.99,
						898.031,
						787.579,
						1.0
					],
					"area": 26443.62,
					"b_score": 0.979,
					"object_id": 0
				}
			]
		},
		{
			"frame_num": 23,
			"objects": [
				{
					"category_id": 1,
					"bbox": [
						839.93,
						264.01,
						210.59,
						566.8
					],
					"score": 0.969,
					"keypoints": [
						898.701,
						310.15,
						1.0,
						908.914,
						299.634,
						1.0,
						887.044,
						304.267,
						1.0,
						926.686,
						311.477,
						1.0,
						872.386,
						322.17,
						1.0,
						963.032,
						370.956,
						0.94,
						854.591,
						392.313,
						1.0,
						1031.999,
						412.118,
						0.99,
						860.422,
						469.563,
						1.0,
						1014.108,
						339.695,
						0.96,
						899.85,
						404.976,
						0.94,
						952.746,
						554.307,
						0.82,
						892.987,
						556.687,
						0.79,
						950.663,
						675.634,
						1.0,
						899.091,
						675.986,
						0.94,
						945.051,
						781.134,
						0.95,
						899.525,
						787.018,
						0.99
					],
					"area": 26825.708,
					"b_score": 0.982,
					"object_id": 0
				}
			]
		},
		{
			"frame_num": 24,
			"objects": [
				{
					"category_id": 1,
					"bbox": [
						841.05,
						265.78,
						213.08,
						563.98
					],
					"score": 0.979,
					"keypoints": [
						898.195,
						309.999,
						1.0,
						909.147,
						298.858,
						1.0,
						886.5,
						304.122,
						1.0,
						926.848,
						313.523,
						1.0,
						870.458,
						321.915,
						1.0,
						962.756,
						366.497,
						0.97,
						855.327,
						392.224,
						1.0,
						1036.088,
						390.143,
						0.97,
						867.688,
						469.035,
						1.0,
						1011.237,
						323.89,
						0.99,
						898.422,
						404.029,
						0.98,
						954.174,
						552.903,
						0.84,
						894.817,
						556.646,
						0.81,
						952.968,
						675.029,
						1.0,
						900.811,
						675.187,
						0.94,
						948.389,
						780.423,
						0.95,
						901.763,
						786.303,
						1.0
					],
					"area": 27008.486,
					"b_score": 0.981,
					"object_id": 0
				}
			]
		},
		{
			"frame_num": 25,
			"objects": [
				{
					"category_id": 1,
					"bbox": [
						843.17,
						255.74,
						205.87,
						575.38
					],
					"score": 0.895,
					"keypoints": [
						896.728,
						308.376,
						0.98,
						908.189,
						296.745,
						0.98,
						884.906,
						302.49,
						0.98,
						926.036,
						313.122,
						0.99,
						870.787,
						320.464,
						0.97,
						962.131,
						363.287,
						0.88,
						856.695,
						391.593,
						0.9,
						1034.267,
						369.016,
						1.0,
						869.532,
						465.813,
						0.9,
						1005.932,
						298.144,
						0.96,
						900.196,
						402.859,
						0.88,
						954.533,
						552.715,
						0.79,
						894.951,
						554.96,
						0.72,
						953.834,
						673.939,
						0.91,
						900.942,
						676.406,
						0.81,
						948.817,
						780.286,
						0.9,
						901.429,
						786.232,
						0.92
					],
					"area": 26622.447,
					"b_score": 0.983,
					"object_id": 0
				}
			]
		},
		{
			"frame_num": 26,
			"objects": [
				{
					"category_id": 1,
					"bbox": [
						842.79,
						214.34,
						198.76,
						617.55
					],
					"score": 1.052,
					"keypoints": [
						895.369,
						308.008,
						1.0,
						904.287,
						295.743,
						1.0,
						883.044,
						301.873,
						1.0,
						926.061,
						313.55,
						1.0,
						869.595,
						323.086,
						1.0,
						960.602,
						364.454,
						1.0,
						856.203,
						393.696,
						1.0,
						1031.313,
						352.429,
						1.0,
						872.241,
						467.048,
						1.0,
						1004.213,
						272.282,
						1.0,
						896.559,
						403.829,
						1.0,
						953.524,
						552.461,
						0.94,
						894.559,
						556.281,
						0.91,
						953.045,
						674.073,
						1.0,
						900.722,
						675.553,
						1.0,
						946.918,
						782.063,
						1.0,
						900.866,
						788.29,
						1.0
					],
					"area": 27585.954,
					"b_score": 0.983,
					"object_id": 0
				}
			]
		},
		{
			"frame_num": 27,
			"objects": [
				{
					"category_id": 1,
					"bbox": [
						843.42,
						195.12,
						185.41,
						636.09
					],
					"score": 1.011,
					"keypoints": [
						897.33,
						306.282,
						1.0,
						905.256,
						293.436,
						1.0,
						884.598,
						299.935,
						1.0,
						926.119,
						312.406,
						1.0,
						871.149,
						320.777,
						1.0,
						960.093,
						364.262,
						1.0,
						857.514,
						392.562,
						1.0,
						1025.049,
						331.568,
						1.0,
						876.359,
						468.417,
						1.0,
						1005.133,
						241.745,
						1.0,
						898.427,
						403.837,
						1.0,
						955.854,
						551.322,
						0.89,
						896.633,
						556.266,
						0.91,
						955.684,
						674.614,
						1.0,
						900.337,
						675.532,
						0.97,
						950.402,
						781.781,
						1.0,
						904.038,
						788.21,
						1.0
					],
					"area": 26505.947,
					"b_score": 0.981,
					"object_id": 0
				}
			]
		},
		{
			"frame_num": 28,
			"objects": [
				{
					"category_id": 1,
					"bbox": [
						844.7,
						172.87,
						178.22,
						659.67
					],
					"score": 1.065,
					"keypoints": [
						896.733,
						306.559,
						1.0,
						904.124,
						293.279,
						1.0,
						883.527,
						299.966,
						1.0,
						924.931,
						313.003,
						1.0,
						870.0,
						320.706,
						1.0,
						959.191,
						366.416,
						1.0,
						856.547,
						393.824,
						1.0,
						1017.222,
						318.283,
						1.0,
						875.853,
						469.843,
						1.0,
						1001.209,
						226.289,
						1.0,
						897.069,
						403.271,
						1.0,
						956.672,
						552.426,
						0.96,
						896.386,
						557.952,
						0.92,
						956.609,
						675.794,
						1.0,
						898.834,
						676.439,
						1.0,
						950.752,
						781.379,
						1.0,
						903.395,
						788.038,
						1.0
					],
					"area": 26422.29,
					"b_score": 0.973,
					"object_id": 0
				}
			]
		},
		{
			"frame_num": 29,
			"objects": [
				{
					"category_id": 1,
					"bbox": [
						843.97,
						170.38,
						177.47,
						661.74
					],
					"score": 1.057,
					"keypoints": [
						892.477,
						305.729,
						1.0,
						902.956,
						292.157,
						1.0,
						882.359,
						299.002,
						1.0,
						923.758,
						312.414,
						1.0,
						868.766,
						319.8,
						1.0,
						958.22,
						363.184,
						1.0,
						855.389,
						394.026,
						1.0,
						1012.917,
						308.252,
						1.0,
						874.967,
						470.004,
						1.0,
						999.232,
						216.473,
						1.0,
						895.866,
						406.675,
						1.0,
						956.735,
						552.617,
						0.95,
						895.775,
						556.095,
						0.92,
						956.701,
						676.22,
						1.0,
						897.331,
						676.655,
						1.0,
						950.279,
						780.869,
						1.0,
						898.486,
						787.665,
						1.0
					],
					"area": 26393.438,
					"b_score": 0.972,
					"object_id": 0
				}
			]
		},
		{
			"frame_num": 30,
			"objects": [
				{
					"category_id": 1,
					"bbox": [
						839.95,
						176.21,
						182.16,
						658.18
					],
					"score": 1.061,
					"keypoints": [
						889.505,
						304.467,
						1.0,
						901.626,
						294.039,
						1.0,
						877.633,
						297.683,
						1.0,
						922.373,
						311.285,
						1.0,
						867.48,
						321.323,
						1.0,
						956.874,
						363.938,
						1.0,
						854.149,
						395.926,
						1.0,
						1011.788,
						314.361,
						1.0,
						873.891,
						471.716,
						1.0,
						992.341,
						231.708,
						1.0,
						890.228,
						410.501,
						1.0,
						956.073,
						554.03,
						0.94,
						897.553,
						556.323,
						0.92,
						956.026,
						677.646,
						1.0,
						895.763,
						677.865,
						1.0,
						949.14,
						781.974,
						1.0,
						895.344,
						788.825,
						1.0
					],
					"area": 26946.106,
					"b_score": 0.977,
					"object_id": 0
				}
			]
		},
		{
			"frame_num": 31,
			"objects": [
				{
					"category_id": 1,
					"bbox": [
						839.66,
						200.75,
						189.16,
						631.84
					],
					"score": 1.03,
					"keypoints": [
						887.187,
						303.667,
						1.0,
						899.893,
						294.997,
						1.0,
						874.648,
						296.983,
						1.0,
						920.209,
						310.411,
						1.0,
						866.42,
						321.784,
						1.0,
						957.038,
						363.01,
						0.98,
						853.287,
						395.55,
						1.0,
						1013.428,
						324.391,
						1.0,
						870.049,
						472.514,
						1.0,
						986.071,
						246.201,
						1.0,
						886.852,
						412.899,
						1.0,
						959.386,
						553.618,
						0.9,
						897.748,
						557.4,
						0.92,
						956.53,
						675.349,
						1.0,
						896.616,
						677.884,
						1.0,
						950.0,
						782.645,
						0.99,
						896.88,
						789.356,
						1.0
					],
					"area": 26861.943,
					"b_score": 0.981,
					"object_id": 0
				}
			]
		},
		{
			"frame_num": 32,
			"objects": [
				{
					"category_id": 1,
					"bbox": [
						839.54,
						217.44,
						194.63,
						614.56
					],
					"score": 1.049,
					"keypoints": [
						887.985,
						303.756,
						1.0,
						900.71,
						296.049,
						1.0,
						875.326,
						297.199,
						1.0,
						920.503,
						310.344,
						1.0,
						864.967,
						322.268,
						1.0,
						955.248,
						362.284,
						1.0,
						854.601,
						394.817,
						1.0,
						1017.408,
						331.787,
						1.0,
						869.874,
						471.678,
						1.0,
						980.529,
						262.855,
						1.0,
						888.041,
						412.78,
						1.0,
						959.333,
						551.093,
						0.94,
						899.373,
						555.98,
						0.94,
						957.662,
						675.281,
						1.0,
						898.36,
						676.893,
						1.0,
						951.652,
						783.384,
						1.0,
						899.354,
						789.926,
						1.0
					],
					"area": 26881.877,
					"b_score": 0.981,
					"object_id": 0
				}
			]
		},
		{
			"frame_num": 33,
			"objects": [
				{
					"category_id": 1,
					"bbox": [
						838.99,
						236.77,
						198.72,
						594.91
					],
					"score": 1.006,
					"keypoints": [
						886.875,
						302.88,
						1.0,
						899.477,
						293.065,
						1.0,
						874.335,
						296.494,
						1.0,
						921.536,
						309.316,
						1.0,
						863.068,
						318.912,
						1.0,
						954.645,
						356.767,
						1.0,
						854.634,
						392.505,
						1.0,
						1019.353,
						332.433,
						1.0,
						868.736,
						470.691,
						1.0,
						974.535,
						270.461,
						1.0,
						886.609,
						413.113,
						1.0,
						962.408,
						547.874,
						0.82,
						901.501,
						553.469,
						0.86,
						961.521,
						674.676,
						0.96,
						898.26,
						675.657,
						0.98,
						957.011,
						784.406,
						0.95,
						902.169,
						787.394,
						1.0
					],
					"area": 26569.258,
					"b_score": 0.982,
					"object_id": 0
				}
			]
		},
		{
			"frame_num": 34,
			"objects": [
				{
					"category_id": 1,
					"bbox": [
						838.69,
						251.97,
						198.08,
						578.9
					],
					"score": 1.019,
					"keypoints": [
						886.683,
						305.545,
						1.0,
						896.083,
						294.814,
						1.0,
						874.371,
						299.26,
						1.0,
						919.307,
						311.744,
						1.0,
						859.8,
						319.872,
						1.0,
						953.856,
						357.128,
						0.98,
						852.937,
						392.93,
						1.0,
						1019.264,
						336.575,
						1.0,
						866.4,
						471.213,
						1.0,
						971.873,
						280.138,
						1.0,
						882.65,
						415.609,
						1.0,
						960.911,
						548.925,
						0.86,
						900.277,
						554.616,
						0.88,
						960.372,
						673.272,
						1.0,
						898.354,
						676.19,
						0.99,
						954.549,
						781.884,
						0.99,
						900.27,
						786.426,
						1.0
					],
					"area": 25771.547,
					"b_score": 0.983,
					"object_id": 0
				}
			]
		},
		{
			"frame_num": 35,
			"objects": [
				{
					"category_id": 1,
					"bbox": [
						837.75,
						237.73,
						197.88,
						593.5
					],
					"score": 1.0,
					"keypoints": [
						885.479,
						304.312,
						1.0,
						896.281,
						295.485,
						1.0,
						875.976,
						298.086,
						1.0,
						920.145,
						310.531,
						1.0,
						859.615,
						317.833,
						1.0,
						953.116,
						357.682,
						0.97,
						853.05,
						393.775,
						1.0,
						1019.63,
						334.807,
						1.0,
						863.835,
						470.581,
						1.0,
						975.294,
						275.349,
						0.97,
						879.568,
						414.744,
						1.0,
						962.462,
						549.325,
						0.83,
						901.283,
						555.167,
						0.87,
						959.532,
						673.39,
						0.99,
						897.699,
						675.193,
						0.98,
						953.225,
						780.09,
						0.97,
						901.592,
						785.545,
						1.0
					],
					"area": 26393.886,
					"b_score": 0.983,
					"object_id": 0
				}
			]
		},
		{
			"frame_num": 36,
			"objects": [
				{
					"category_id": 1,
					"bbox": [
						837.68,
						215.07,
						193.59,
						616.86
					],
					"score": 1.065,
					"keypoints": [
						885.847,
						305.878,
						1.0,
						897.571,
						295.447,
						1.0,
						874.829,
						299.55,
						1.0,
						919.388,
						312.136,
						1.0,
						860.06,
						319.122,
						1.0,
						951.992,
						361.276,
						1.0,
						853.466,
						395.412,
						1.0,
						1017.79,
						330.506,
						1.0,
						862.586,
						472.25,
						1.0,
						975.916,
						263.382,
						1.0,
						879.754,
						416.221,
						1.0,
						960.291,
						550.472,
						0.97,
						900.423,
						556.437,
						0.98,
						958.529,
						673.805,
						1.0,
						898.195,
						677.165,
						1.0,
						951.85,
						781.968,
						1.0,
						900.335,
						787.965,
						1.0
					],
					"area": 26838.842,
					"b_score": 0.981,
					"object_id": 0
				}
			]
		},
		{
			"frame_num": 37,
			"objects": [
				{
					"category_id": 1,
					"bbox": [
						836.32,
						192.41,
						186.91,
						639.03
					],
					"score": 1.061,
					"keypoints": [
						886.144,
						307.016,
						1.0,
						898.547,
						295.5,
						1.0,
						874.097,
						300.555,
						1.0,
						919.559,
						313.378,
						1.0,
						862.788,
						320.275,
						1.0,
						952.453,
						361.64,
						1.0,
						853.378,
						395.418,
						1.0,
						1016.117,
						325.559,
						1.0,
						861.521,
						473.335,
						1.0,
						978.226,
						247.817,
						1.0,
						879.819,
						419.703,
						1.0,
						960.074,
						552.11,
						1.0,
						900.19,
						558.481,
						0.97,
						959.002,
						674.243,
						1.0,
						898.774,
						678.834,
						1.0,
						952.497,
						781.732,
						1.0,
						900.074,
						788.072,
						1.0
					],
					"area": 26844.288,
					"b_score": 0.98,
					"object_id": 0
				}
			]
		},
		{
			"frame_num": 38,
			"objects": [
				{
					"category_id": 1,
					"bbox": [
						838.61,
						165.84,
						182.83,
						666.71
					],
					"score": 1.056,
					"keypoints": [
						888.48,
						307.454,
						1.0,
						898.641,
						295.029,
						1.0,
						875.716,
						300.817,
						1.0,
						919.576,
						311.353,
						1.0,
						863.299,
						320.932,
						1.0,
						953.217,
						362.491,
						1.0,
						854.673,
						394.08,
						1.0,
						1013.768,
						314.769,
						1.0,
						862.469,
						476.759,
						1.0,
						980.395,
						223.73,
						1.0,
						878.649,
						419.487,
						1.0,
						960.541,
						551.827,
						1.0,
						899.65,
						558.387,
						1.0,
						959.914,
						674.957,
						1.0,
						898.773,
						680.569,
						1.0,
						953.497,
						784.987,
						1.0,
						899.38,
						791.779,
						1.0
					],
					"area": 27394.733,
					"b_score": 0.974,
					"object_id": 0
				}
			]
		},
		{
			"frame_num": 39,
			"objects": [
				{
					"category_id": 1,
					"bbox": [
						836.78,
						153.73,
						185.79,
						678.82
					],
					"score": 1.063,
					"keypoints": [
						889.389,
						303.828,
						1.0,
						898.313,
						293.621,
						1.0,
						876.096,
						300.011,
						1.0,
						922.054,
						309.019,
						1.0,
						865.601,
						320.556,
						1.0,
						953.696,
						359.365,
						1.0,
						854.934,
						392.806,
						1.0,
						1012.684,
						299.641,
						1.0,
						859.568,
						476.252,
						1.0,
						985.833,
						203.749,
						1.0,
						881.467,
						423.541,
						1.0,
						960.916,
						549.679,
						0.98,
						898.994,
						556.596,
						0.97,
						960.556,
						674.418,
						1.0,
						898.456,
						680.55,
						1.0,
						954.011,
						785.917,
						1.0,
						898.549,
						792.899,
						1.0
					],
					"area": 28344.349,
					"b_score": 0.97,
					"object_id": 0
				}
			]
		},
		{
			"frame_num": 40,
			"objects": [
				{
					"category_id": 1,
					"bbox": [
						835.62,
						148.75,
						190.59,
						683.71
					],
					"score": 1.049,
					"keypoints": [
						887.413,
						303.01,
						1.0,
						898.542,
						294.073,
						1.0,
						876.654,
						297.89,
						1.0,
						921.352,
						309.007,
						1.0,
						864.714,
						318.833,
						1.0,
						954.507,
						359.145,
						1.0,
						855.359,
						393.393,
						1.0,
						1012.737,
						296.48,
						1.0,
						858.116,
						477.741,
						1.0,
						989.311,
						202.458,
						1.0,
						879.132,
						427.836,
						1.0,
						961.731,
						547.372,
						0.9,
						898.949,
						554.52,
						0.96,
						958.795,
						673.601,
						1.0,
						895.897,
						680.092,
						1.0,
						955.042,
						786.061,
						1.0,
						898.722,
						789.432,
						1.0
					],
					"area": 29286.287,
					"b_score": 0.97,
					"object_id": 0
				}
			]
		},
		{
			"frame_num": 41,
			"objects": [
				{
					"category_id": 1,
					"bbox": [
						838.13,
						158.03,
						190.26,
						674.37
					],
					"score": 1.046,
					"keypoints": [
						887.489,
						302.607,
						1.0,
						899.75,
						294.438,
						1.0,
						875.383,
						299.445,
						1.0,
						921.863,
						309.029,
						1.0,
						865.373,
						320.37,
						1.0,
						955.695,
						358.761,
						1.0,
						854.339,
						393.381,
						1.0,
						1015.71,
						295.549,
						1.0,
						855.613,
						477.709,
						1.0,
						987.379,
						208.807,
						1.0,
						879.941,
						433.103,
						1.0,
						960.288,
						547.583,
						0.94,
						899.969,
						554.673,
						0.92,
						958.45,
						673.873,
						1.0,
						895.405,
						680.581,
						1.0,
						956.682,
						786.448,
						1.0,
						896.355,
						787.96,
						1.0
					],
					"area": 28835.802,
					"b_score": 0.972,
					"object_id": 0
				}
			]
		},
		{
			"frame_num": 42,
			"objects": [
				{
					"category_id": 1,
					"bbox": [
						836.74,
						173.2,
						197.13,
						658.48
					],
					"score": 1.064,
					"keypoints": [
						888.73,
						304.289,
						1.0,
						898.889,
						293.968,
						1.0,
						876.022,
						299.686,
						1.0,
						920.412,
						308.179,
						1.0,
						864.588,
						320.48,
						1.0,
						956.982,
						357.107,
						1.0,
						855.062,
						394.348,
						1.0,
						1017.772,
						298.311,
						1.0,
						855.962,
						478.001,
						1.0,
						987.029,
						219.478,
						1.0,
						881.96,
						441.067,
						1.0,
						959.933,
						544.378,
						0.96,
						899.108,
						551.51,
						0.96,
						958.767,
						672.584,
						1.0,
						896.208,
						679.418,
						1.0,
						954.454,
						786.818,
						1.0,
						897.034,
						787.486,
						1.0
					],
					"area": 29173.115,
					"b_score": 0.976,
					"object_id": 0
				}
			]
		},
		{
			"frame_num": 43,
			"objects": [
				{
					"category_id": 1,
					"bbox": [
						838.56,
						196.33,
						198.21,
						635.23
					],
					"score": 1.023,
					"keypoints": [
						890.774,
						304.748,
						1.0,
						899.791,
						293.293,
						1.0,
						877.962,
						299.391,
						1.0,
						922.931,
						307.062,
						1.0,
						865.851,
						319.844,
						1.0,
						958.435,
						357.67,
						1.0,
						857.573,
						393.35,
						1.0,
						1021.752,
						302.434,
						1.0,
						858.181,
						477.824,
						1.0,
						987.173,
						230.657,
						1.0,
						885.497,
						443.493,
						1.0,
						960.262,
						544.096,
						0.88,
						899.912,
						551.021,
						0.91,
						959.547,
						673.822,
						1.0,
						895.626,
						678.239,
						1.0,
						954.327,
						784.263,
						0.98,
						899.269,
						788.047,
						1.0
					],
					"area": 28296.961,
					"b_score": 0.979,
					"object_id": 0
				}
			]
		},
		{
			"frame_num": 44,
			"objects": [
				{
					"category_id": 1,
					"bbox": [
						840.42,
						210.66,
						195.11,
						620.39
					],
					"score": 1.019,
					"keypoints": [
						892.72,
						306.889,
						1.0,
						900.74,
						297.288,
						1.0,
						879.8,
						301.13,
						1.0,
						924.944,
						310.688,
						1.0,
						867.405,
						321.205,
						1.0,
						959.273,
						359.563,
						1.0,
						860.099,
						396.39,
						1.0,
						1023.28,
						310.013,
						1.0,
						860.15,
						481.019,
						1.0,
						986.784,
						246.269,
						0.98,
						887.936,
						450.48,
						1.0,
						960.386,
						546.374,
						0.91,
						900.879,
						553.057,
						0.91,
						959.948,
						673.422,
						1.0,
						895.754,
						678.562,
						1.0,
						954.225,
						783.352,
						1.0,
						901.041,
						788.56,
						1.0
					],
					"area": 27203.998,
					"b_score": 0.979,
					"object_id": 0
				}
			]
		},
		{
			"frame_num": 45,
			"objects": [
				{
					"category_id": 1,
					"bbox": [
						842.6,
						218.64,
						191.54,
						613.98
					],
					"score": 1.024,
					"keypoints": [
						894.331,
						311.383,
						1.0,
						901.584,
						300.389,
						1.0,
						881.414,
						305.31,
						1.0,
						926.455,
						313.36,
						1.0,
						868.868,
						324.967,
						1.0,
						959.851,
						360.659,
						0.98,
						862.14,
						398.216,
						1.0,
						1023.908,
						313.637,
						1.0,
						861.825,
						482.336,
						1.0,
						986.544,
						256.689,
						1.0,
						893.79,
						451.631,
						1.0,
						960.52,
						549.179,
						0.87,
						901.788,
						555.842,
						0.89,
						960.255,
						674.285,
						1.0,
						896.133,
						679.941,
						0.99,
						954.295,
						784.028,
						1.0,
						902.277,
						789.894,
						1.0
					],
					"area": 26430.539,
					"b_score": 0.975,
					"object_id": 0
				}
			]
		},
		{
			"frame_num": 46,
			"objects": [
				{
					"category_id": 1,
					"bbox": [
						842.2,
						207.02,
						187.94,
						623.71
					],
					"score": 1.032,
					"keypoints": [
						894.179,
						312.579,
						1.0,
						901.18,
						300.728,
						1.0,
						881.235,
						306.31,
						1.0,
						926.441,
						313.686,
						1.0,
						868.523,
						325.884,
						1.0,
						959.492,
						362.631,
						0.98,
						861.849,
						398.402,
						1.0,
						1021.308,
						316.645,
						1.0,
						864.232,
						482.683,
						1.0,
						981.75,
						247.607,
						1.0,
						898.323,
						446.743,
						1.0,
						959.948,
						548.81,
						0.89,
						901.27,
						555.41,
						0.91,
						959.756,
						675.661,
						1.0,
						897.653,
						679.273,
						1.0,
						953.296,
						782.926,
						1.0,
						901.27,
						789.174,
						1.0
					],
					"area": 26345.141,
					"b_score": 0.975,
					"object_id": 0
				}
			]
		},
		{
			"frame_num": 47,
			"objects": [
				{
					"category_id": 1,
					"bbox": [
						843.2,
						184.74,
						182.25,
						648.56
					],
					"score": 1.03,
					"keypoints": [
						895.377,
						314.268,
						1.0,
						902.152,
						301.641,
						1.0,
						882.177,
						307.764,
						1.0,
						925.601,
						314.777,
						1.0,
						869.141,
						324.852,
						1.0,
						958.929,
						363.039,
						1.0,
						862.501,
						398.065,
						1.0,
						1018.065,
						316.572,
						1.0,
						866.712,
						483.856,
						1.0,
						983.509,
						241.316,
						1.0,
						902.205,
						441.888,
						1.0,
						959.264,
						550.325,
						0.93,
						902.311,
						557.014,
						0.93,
						959.117,
						677.889,
						1.0,
						897.484,
						680.009,
						1.0,
						952.146,
						786.551,
						0.99,
						899.082,
						789.281,
						1.0
					],
					"area": 26564.263,
					"b_score": 0.973,
					"object_id": 0
				}
			]
		},
		{
			"frame_num": 48,
			"objects": [
				{
					"category_id": 1,
					"bbox": [
						845.1,
						171.13,
						176.2,
						661.52
					],
					"score": 1.049,
					"keypoints": [
						895.347,
						313.489,
						1.0,
						904.884,
						300.472,
						1.0,
						881.923,
						306.845,
						1.0,
						924.631,
						313.888,
						1.0,
						868.618,
						322.895,
						1.0,
						958.351,
						362.208,
						1.0,
						861.824,
						396.964,
						1.0,
						1015.914,
						314.765,
						1.0,
						867.138,
						481.438,
						1.0,
						988.299,
						228.904,
						1.0,
						902.195,
						434.419,
						1.0,
						961.1,
						551.576,
						0.95,
						902.264,
						555.805,
						0.94,
						958.493,
						677.78,
						1.0,
						896.715,
						679.174,
						1.0,
						951.174,
						787.3,
						1.0,
						896.921,
						788.542,
						1.0
					],
					"area": 26195.913,
					"b_score": 0.966,
					"object_id": 0
				}
			]
		},
		{
			"frame_num": 49,
			"objects": [
				{
					"category_id": 1,
					"bbox": [
						846.11,
						164.41,
						175.53,
						669.24
					],
					"score": 1.045,
					"keypoints": [
						892.97,
						311.16,
						1.0,
						903.99,
						300.425,
						1.0,
						881.798,
						304.47,
						1.0,
						924.213,
						311.544,
						1.0,
						868.268,
						322.332,
						1.0,
						958.325,
						362.517,
						1.0,
						861.371,
						394.829,
						1.0,
						1008.674,
						307.721,
						1.0,
						867.35,
						481.506,
						1.0,
						991.261,
						214.632,
						1.0,
						898.185,
						428.784,
						1.0,
						960.107,
						551.479,
						0.98,
						899.951,
						556.716,
						0.96,
						958.42,
						677.408,
						1.0,
						896.294,
						678.332,
						1.0,
						951.249,
						787.892,
						1.0,
						896.126,
						788.436,
						1.0
					],
					"area": 26401.741,
					"b_score": 0.964,
					"object_id": 0
				}
			]
		},
		{
			"frame_num": 50,
			"objects": [
				{
					"category_id": 1,
					"bbox": [
						845.79,
						159.95,
						177.35,
						673.65
					],
					"score": 1.052,
					"keypoints": [
						894.037,
						311.034,
						1.0,
						903.587,
						299.122,
						1.0,
						881.814,
						304.229,
						1.0,
						924.119,
						311.284,
						1.0,
						868.101,
						323.231,
						1.0,
						958.575,
						361.605,
						1.0,
						861.142,
						394.896,
						1.0,
						1005.045,
						305.787,
						1.0,
						867.535,
						480.648,
						1.0,
						997.871,
						218.096,
						1.0,
						896.872,
						424.943,
						1.0,
						959.732,
						550.723,
						0.96,
						901.014,
						556.609,
						0.94,
						958.628,
						676.785,
						1.0,
						896.142,
						677.363,
						1.0,
						951.659,
						787.941,
						1.0,
						895.98,
						788.195,
						1.0
					],
					"area": 26851.155,
					"b_score": 0.968,
					"object_id": 0
				}
			]
		},
		{
			"frame_num": 51,
			"objects": [
				{
					"category_id": 1,
					"bbox": [
						845.81,
						156.87,
						177.86,
						676.78
					],
					"score": 1.062,
					"keypoints": [
						892.227,
						310.115,
						1.0,
						903.382,
						297.395,
						1.0,
						881.835,
						303.244,
						1.0,
						924.137,
						310.216,
						1.0,
						867.983,
						322.988,
						1.0,
						958.881,
						360.171,
						1.0,
						860.981,
						394.219,
						1.0,
						1003.435,
						303.593,
						1.0,
						867.631,
						479.578,
						1.0,
						1000.466,
						212.099,
						1.0,
						896.377,
						422.435,
						1.0,
						959.625,
						549.829,
						0.97,
						901.76,
						556.109,
						0.94,
						958.907,
						676.164,
						1.0,
						896.08,
						676.474,
						1.0,
						952.032,
						787.88,
						1.0,
						895.975,
						788.002,
						1.0
					],
					"area": 27052.828,
					"b_score": 0.971,
					"object_id": 0
				}
			]
		},
		{
			"frame_num": 52,
			"objects": [
				{
					"category_id": 1,
					"bbox": [
						845.64,
						160.15,
						180.55,
						673.85
					],
					"score": 1.065,
					"keypoints": [
						894.085,
						310.454,
						1.0,
						903.725,
						297.259,
						1.0,
						882.375,
						303.519,
						1.0,
						924.574,
						310.526,
						1.0,
						868.433,
						323.756,
						1.0,
						959.473,
						360.182,
						1.0,
						861.454,
						394.601,
						1.0,
						1008.88,
						303.81,
						1.0,
						868.286,
						479.558,
						1.0,
						1001.883,
						212.578,
						1.0,
						896.887,
						423.044,
						1.0,
						962.693,
						549.792,
						0.98,
						902.744,
						556.333,
						0.95,
						962.353,
						676.127,
						1.0,
						896.507,
						676.317,
						1.0,
						957.043,
						788.15,
						1.0,
						896.687,
						788.194,
						1.0
					],
					"area": 27342.813,
					"b_score": 0.972,
					"object_id": 0
				}
			]
		},
		{
			"frame_num": 53,
			"objects": [
				{
					"category_id": 1,
					"bbox": [
						846.34,
						163.94,
						182.46,
						669.4
					],
					"score": 1.05,
					"keypoints": [
						893.438,
						309.195,
						1.0,
						904.656,
						295.595,
						1.0,
						883.504,
						302.204,
						1.0,
						925.503,
						309.117,
						1.0,
						869.524,
						322.75,
						1.0,
						960.428,
						358.405,
						1.0,
						862.606,
						395.628,
						1.0,
						1014.809,
						305.229,
						1.0,
						869.563,
						480.158,
						1.0,
						998.805,
						214.953,
						1.0,
						898.219,
						419.995,
						1.0,
						965.313,
						550.192,
						0.96,
						904.121,
						554.351,
						0.94,
						962.202,
						676.241,
						1.0,
						897.47,
						676.367,
						1.0,
						955.898,
						788.074,
						1.0,
						898.008,
						788.098,
						1.0
					],
					"area": 27450.793,
					"b_score": 0.972,
					"object_id": 0
				}
			]
		},
		{
			"frame_num": 54,
			"objects": [
				{
					"category_id": 1,
					"bbox": [
						844.83,
						175.17,
						185.06,
						654.17
					],
					"score": 1.061,
					"keypoints": [
						893.306,
						311.296,
						1.0,
						903.005,
						297.558,
						1.0,
						882.032,
						304.316,
						1.0,
						923.661,
						311.117,
						1.0,
						868.22,
						322.375,
						1.0,
						958.345,
						359.931,
						1.0,
						861.259,
						395.985,
						1.0,
						1015.152,
						306.469,
						1.0,
						868.087,
						479.545,
						1.0,
						993.204,
						220.864,
						1.0,
						891.107,
						422.392,
						1.0,
						963.711,
						548.885,
						0.95,
						902.549,
						553.984,
						0.96,
						961.821,
						676.164,
						1.0,
						895.877,
						676.237,
						1.0,
						955.09,
						786.494,
						1.0,
						895.23,
						786.404,
						1.0
					],
					"area": 27207.561,
					"b_score": 0.974,
					"object_id": 0
				}
			]
		},
		{
			"frame_num": 55,
			"objects": [
				{
					"category_id": 1,
					"bbox": [
						845.45,
						191.28,
						187.03,
						638.6
					],
					"score": 1.042,
					"keypoints": [
						891.761,
						312.475,
						1.0,
						902.785,
						298.818,
						1.0,
						882.173,
						305.597,
						1.0,
						923.179,
						312.28,
						1.0,
						868.537,
						324.327,
						1.0,
						959.773,
						360.282,
						0.99,
						861.712,
						397.84,
						1.0,
						1018.017,
						309.554,
						1.0,
						868.491,
						479.939,
						1.0,
						990.668,
						229.561,
						1.0,
						889.884,
						425.172,
						1.0,
						963.155,
						548.254,
						0.95,
						902.483,
						553.923,
						0.95,
						961.981,
						675.244,
						1.0,
						898.267,
						675.2,
						1.0,
						955.359,
						782.655,
						1.0,
						899.187,
						786.533,
						1.0
					],
					"area": 26842.769,
					"b_score": 0.978,
					"object_id": 0
				}
			]
		},
		{
			"frame_num": 56,
			"objects": [
				{
					"category_id": 1,
					"bbox": [
						845.41,
						202.01,
						188.04,
						627.37
					],
					"score": 1.059,
					"keypoints": [
						891.264,
						314.047,
						1.0,
						900.563,
						300.549,
						1.0,
						880.454,
						307.294,
						1.0,
						923.147,
						313.844,
						1.0,
						867.007,
						326.356,
						1.0,
						958.381,
						360.918,
						0.99,
						860.323,
						399.234,
						1.0,
						1019.326,
						311.915,
						1.0,
						866.951,
						482.429,
						1.0,
						985.026,
						240.154,
						1.0,
						890.196,
						430.284,
						1.0,
						962.839,
						549.421,
						0.91,
						900.509,
						555.396,
						0.98,
						962.103,
						675.438,
						1.0,
						897.796,
						675.428,
						1.0,
						955.58,
						781.279,
						1.0,
						898.022,
						786.73,
						1.0
					],
					"area": 26513.466,
					"b_score": 0.98,
					"object_id": 0
				}
			]
		},
		{
			"frame_num": 57,
			"objects": [
				{
					"category_id": 1,
					"bbox": [
						845.19,
						205.04,
						188.23,
						624.4
					],
					"score": 1.037,
					"keypoints": [
						890.987,
						313.39,
						1.0,
						899.16,
						300.099,
						1.0,
						879.356,
						306.739,
						1.0,
						923.108,
						313.295,
						1.0,
						866.072,
						325.975,
						1.0,
						957.352,
						359.814,
						0.97,
						859.503,
						398.351,
						1.0,
						1019.867,
						312.068,
						1.0,
						866.097,
						482.062,
						1.0,
						982.782,
						240.614,
						1.0,
						890.38,
						433.787,
						1.0,
						962.56,
						548.365,
						0.88,
						899.2,
						554.551,
						0.93,
						962.09,
						675.84,
						0.98,
						897.526,
						675.862,
						1.0,
						951.889,
						780.918,
						0.99,
						897.509,
						786.962,
						1.0
					],
					"area": 26414.317,
					"b_score": 0.979,
					"object_id": 0
				}
			]
		},
		{
			"frame_num": 58,
			"objects": [
				{
					"category_id": 1,
					"bbox": [
						845.17,
						199.97,
						189.21,
						630.25
					],
					"score": 1.041,
					"keypoints": [
						890.82,
						313.964,
						1.0,
						898.332,
						300.718,
						1.0,
						878.613,
						307.347,
						1.0,
						923.202,
						313.881,
						1.0,
						865.39,
						326.769,
						1.0,
						956.922,
						360.169,
						0.99,
						858.856,
						399.07,
						1.0,
						1020.706,
						313.073,
						1.0,
						865.459,
						483.453,
						1.0,
						982.571,
						237.702,
						1.0,
						890.469,
						437.548,
						1.0,
						962.632,
						549.341,
						0.88,
						898.394,
						555.684,
						0.94,
						960.03,
						675.875,
						1.0,
						897.381,
						675.89,
						1.0,
						950.578,
						780.954,
						0.99,
						897.301,
						787.261,
						1.0
					],
					"area": 26801.123,
					"b_score": 0.979,
					"object_id": 0
				}
			]
		},
		{
			"frame_num": 59,
			"objects": [
				{
					"category_id": 1,
					"bbox": [
						844.7,
						187.88,
						190.44,
						642.61
					],
					"score": 1.026,
					"keypoints": [
						892.788,
						310.817,
						1.0,
						900.104,
						299.847,
						1.0,
						880.163,
						306.479,
						1.0,
						923.198,
						313.101,
						1.0,
						866.882,
						323.861,
						1.0,
						959.235,
						359.589,
						0.99,
						860.292,
						396.645,
						1.0,
						1021.953,
						312.598,
						1.0,
						866.975,
						481.832,
						1.0,
						983.097,
						234.119,
						1.0,
						890.051,
						438.413,
						1.0,
						962.894,
						548.124,
						0.92,
						900.059,
						554.627,
						0.92,
						961.224,
						674.91,
						1.0,
						899.567,
						674.858,
						1.0,
						953.759,
						780.572,
						0.99,
						900.612,
						787.115,
						1.0
					],
					"area": 27504.093,
					"b_score": 0.976,
					"object_id": 0
				}
			]
		},
		{
			"frame_num": 60,
			"objects": [
				{
					"category_id": 1,
					"bbox": [
						844.43,
						177.65,
						188.07,
						652.31
					],
					"score": 1.047,
					"keypoints": [
						893.333,
						307.871,
						1.0,
						900.465,
						295.959,
						1.0,
						880.353,
						302.747,
						1.0,
						922.57,
						309.332,
						1.0,
						866.965,
						321.175,
						1.0,
						960.369,
						356.021,
						1.0,
						860.305,
						394.787,
						1.0,
						1022.578,
						308.976,
						1.0,
						867.027,
						481.188,
						1.0,
						986.469,
						226.747,
						1.0,
						888.584,
						435.018,
						1.0,
						962.663,
						548.068,
						0.98,
						900.419,
						552.017,
						0.98,
						961.598,
						673.133,
						1.0,
						900.161,
						675.664,
						1.0,
						954.675,
						779.652,
						1.0,
						900.889,
						786.407,
						1.0
					],
					"area": 27572.183,
					"b_score": 0.972,
					"object_id": 0
				}
			]
		},
		{
			"frame_num": 61,
			"objects": [
				{
					"category_id": 1,
					"bbox": [
						846.43,
						173.06,
						184.92,
						659.55
					],
					"score": 1.067,
					"keypoints": [
						891.15,
						307.539,
						1.0,
						900.692,
						294.9,
						1.0,
						880.401,
						301.743,
						1.0,
						922.253,
						308.421,
						1.0,
						866.89,
						321.019,
						1.0,
						958.874,
						355.651,
						1.0,
						860.158,
						392.65,
						1.0,
						1020.7,
						305.156,
						1.0,
						866.928,
						480.353,
						1.0,
						988.607,
						225.441,
						1.0,
						887.875,
						432.8,
						1.0,
						962.759,
						547.857,
						0.99,
						900.654,
						550.152,
						0.93,
						962.091,
						674.848,
						1.0,
						898.097,
						676.484,
						1.0,
						955.44,
						780.446,
						1.0,
						897.265,
						787.196,
						1.0
					],
					"area": 27410.149,
					"b_score": 0.972,
					"object_id": 0
				}
			]
		},
		{
			"frame_num": 62,
			"objects": [
				{
					"category_id": 1,
					"bbox": [
						845.57,
						168.12,
						183.82,
						665.33
					],
					"score": 1.069,
					"keypoints": [
						888.913,
						308.538,
						1.0,
						900.207,
						295.453,
						1.0,
						879.746,
						302.316,
						1.0,
						921.457,
						309.099,
						1.0,
						866.098,
						322.13,
						1.0,
						957.383,
						356.838,
						1.0,
						859.314,
						392.933,
						1.0,
						1017.0,
						304.335,
						1.0,
						866.165,
						478.935,
						1.0,
						993.379,
						226.358,
						1.0,
						886.47,
						430.089,
						1.0,
						962.397,
						547.101,
						0.97,
						900.201,
						551.178,
						0.97,
						961.959,
						675.794,
						1.0,
						895.975,
						676.843,
						1.0,
						955.095,
						781.002,
						1.0,
						894.419,
						787.836,
						1.0
					],
					"area": 27487.18,
					"b_score": 0.973,
					"object_id": 0
				}
			]
		},
		{
			"frame_num": 63,
			"objects": [
				{
					"category_id": 1,
					"bbox": [
						845.19,
						166.33,
						184.1,
						666.6
					],
					"score": 1.073,
					"keypoints": [
						890.106,
						308.587,
						1.0,
						899.78,
						295.198,
						1.0,
						879.188,
						302.096,
						1.0,
						920.851,
						308.936,
						1.0,
						865.44,
						322.285,
						1.0,
						958.836,
						357.007,
						1.0,
						858.61,
						392.566,
						1.0,
						1017.032,
						303.189,
						1.0,
						865.513,
						477.528,
						1.0,
						995.172,
						221.308,
						1.0,
						885.694,
						428.096,
						1.0,
						962.101,
						546.199,
						1.0,
						899.791,
						551.383,
						1.0,
						961.808,
						676.115,
						1.0,
						897.06,
						676.79,
						1.0,
						958.959,
						780.92,
						1.0,
						896.858,
						787.812,
						1.0
					],
					"area": 27580.961,
					"b_score": 0.972,
					"object_id": 0
				}
			]
		},
		{
			"frame_num": 64,
			"objects": [
				{
					"category_id": 1,
					"bbox": [
						845.02,
						165.68,
						185.94,
						666.75
					],
					"score": 1.063,
					"keypoints": [
						888.448,
						308.391,
						1.0,
						899.784,
						294.801,
						1.0,
						879.105,
						301.726,
						1.0,
						920.767,
						308.601,
						1.0,
						865.299,
						322.164,
						1.0,
						957.58,
						356.883,
						1.0,
						858.431,
						392.108,
						1.0,
						1017.319,
						302.275,
						1.0,
						865.352,
						476.416,
						1.0,
						992.326,
						219.027,
						1.0,
						885.813,
						426.921,
						1.0,
						962.17,
						545.413,
						0.97,
						899.791,
						551.294,
						0.95,
						961.986,
						676.131,
						1.0,
						895.471,
						676.572,
						1.0,
						956.974,
						780.608,
						1.0,
						894.578,
						787.543,
						1.0
					],
					"area": 27863.109,
					"b_score": 0.971,
					"object_id": 0
				}
			]
		},
		{
			"frame_num": 65,
			"objects": [
				{
					"category_id": 1,
					"bbox": [
						842.79,
						170.54,
						188.01,
						659.47
					],
					"score": 1.049,
					"keypoints": [
						889.809,
						309.439,
						1.0,
						899.498,
						295.837,
						1.0,
						878.846,
						302.722,
						1.0,
						920.325,
						306.955,
						1.0,
						867.523,
						320.663,
						1.0,
						958.714,
						355.163,
						1.0,
						860.683,
						392.754,
						1.0,
						1016.775,
						303.216,
						1.0,
						865.103,
						476.346,
						1.0,
						990.237,
						220.861,
						1.0,
						885.502,
						427.625,
						1.0,
						961.701,
						545.224,
						0.99,
						899.51,
						551.484,
						0.97,
						961.577,
						675.891,
						1.0,
						896.721,
						676.176,
						1.0,
						955.424,
						783.216,
						1.0,
						896.862,
						786.379,
						1.0
					],
					"area": 27865.896,
					"b_score": 0.973,
					"object_id": 0
				}
			]
		},
		{
			"frame_num": 66,
			"objects": [
				{
					"category_id": 1,
					"bbox": [
						842.94,
						180.59,
						189.57,
						649.52
					],
					"score": 1.027,
					"keypoints": [
						891.17,
						310.535,
						1.0,
						899.863,
						296.923,
						1.0,
						879.336,
						303.782,
						1.0,
						922.865,
						308.984,
						1.0,
						869.837,
						320.131,
						0.99,
						959.698,
						356.903,
						1.0,
						863.054,
						393.11,
						1.0,
						1018.803,
						304.241,
						1.0,
						868.274,
						478.268,
						1.0,
						985.059,
						222.909,
						1.0,
						886.312,
						431.224,
						1.0,
						961.599,
						546.715,
						0.98,
						899.862,
						553.073,
						0.94,
						961.518,
						676.614,
						1.0,
						898.081,
						676.765,
						1.0,
						955.013,
						784.885,
						1.0,
						898.895,
						786.246,
						1.0
					],
					"area": 27672.777,
					"b_score": 0.976,
					"object_id": 0
				}
			]
		},
		{
			"frame_num": 67,
			"objects": [
				{
					"category_id": 1,
					"bbox": [
						842.85,
						196.14,
						189.35,
						634.36
					],
					"score": 1.043,
					"keypoints": [
						890.011,
						310.986,
						1.0,
						900.329,
						297.505,
						1.0,
						877.586,
						304.278,
						1.0,
						922.217,
						309.949,
						1.0,
						869.201,
						321.856,
						1.0,
						957.668,
						357.312,
						0.99,
						862.476,
						394.689,
						1.0,
						1019.297,
						306.912,
						1.0,
						868.227,
						480.19,
						1.0,
						982.173,
						228.522,
						1.0,
						887.178,
						430.958,
						1.0,
						961.265,
						547.733,
						0.97,
						900.32,
						554.232,
						0.98,
						961.222,
						676.119,
						1.0,
						899.25,
						676.218,
						1.0,
						954.498,
						782.841,
						1.0,
						900.212,
						786.917,
						1.0
					],
					"area": 26996.049,
					"b_score": 0.978,
					"object_id": 0
				}
			]
		},
		{
			"frame_num": 68,
			"objects": [
				{
					"category_id": 1,
					"bbox": [
						844.05,
						202.73,
						188.28,
						628.31
					],
					"score": 1.038,
					"keypoints": [
						887.01,
						313.475,
						1.0,
						898.558,
						297.549,
						1.0,
						874.158,
						304.239,
						1.0,
						922.081,
						310.217,
						1.0,
						866.988,
						322.533,
						0.98,
						956.494,
						357.028,
						0.99,
						860.365,
						395.081,
						1.0,
						1019.56,
						308.275,
						1.0,
						866.386,
						480.445,
						1.0,
						976.828,
						235.211,
						1.0,
						884.536,
						433.305,
						1.0,
						958.619,
						547.239,
						0.9,
						898.587,
						553.755,
						0.95,
						958.671,
						676.517,
						1.0,
						897.985,
						676.567,
						1.0,
						950.623,
						782.38,
						1.0,
						897.878,
						787.754,
						1.0
					],
					"area": 26586.679,
					"b_score": 0.976,
					"object_id": 0
				}
			]
		},
		{
			"frame_num": 69,
			"objects": [
				{
					"category_id": 1,
					"bbox": [
						844.23,
						209.89,
						185.65,
						622.38
					],
					"score": 1.042,
					"keypoints": [
						884.866,
						317.839,
						1.0,
						897.118,
						302.984,
						1.0,
						871.875,
						309.59,
						1.0,
						921.64,
						312.784,
						1.0,
						865.289,
						325.376,
						0.83,
						955.227,
						361.663,
						1.0,
						858.746,
						397.428,
						1.0,
						1016.659,
						311.757,
						1.0,
						864.946,
						482.389,
						1.0,
						974.047,
						252.721,
						1.0,
						886.553,
						437.496,
						1.0,
						956.379,
						548.313,
						0.94,
						897.158,
						554.859,
						0.97,
						956.461,
						677.803,
						1.0,
						896.894,
						677.787,
						1.0,
						948.249,
						783.044,
						1.0,
						896.26,
						789.069,
						1.0
					],
					"area": 25968.367,
					"b_score": 0.975,
					"object_id": 0
				}
			]
		},
		{
			"frame_num": 70,
			"objects": [
				{
					"category_id": 1,
					"bbox": [
						844.34,
						210.32,
						182.86,
						621.44
					],
					"score": 1.018,
					"keypoints": [
						885.819,
						320.489,
						1.0,
						895.714,
						306.463,
						1.0,
						872.884,
						313.006,
						1.0,
						923.222,
						314.55,
						1.0,
						866.194,
						327.309,
						0.69,
						956.406,
						364.777,
						1.0,
						859.658,
						398.986,
						1.0,
						1016.667,
						314.055,
						1.0,
						865.947,
						483.619,
						1.0,
						976.433,
						252.488,
						1.0,
						890.732,
						439.143,
						1.0,
						957.197,
						548.992,
						0.93,
						898.263,
						555.532,
						0.95,
						957.229,
						678.51,
						1.0,
						898.047,
						678.478,
						1.0,
						950.352,
						783.131,
						1.0,
						898.325,
						789.407,
						1.0
					],
					"area": 25538.803,
					"b_score": 0.973,
					"object_id": 0
				}
			]
		},
		{
			"frame_num": 71,
			"objects": [
				{
					"category_id": 1,
					"bbox": [
						844.62,
						202.44,
						179.8,
						628.62
					],
					"score": 1.03,
					"keypoints": [
						885.655,
						321.925,
						1.0,
						894.126,
						308.325,
						1.0,
						872.644,
						314.87,
						1.0,
						921.385,
						315.581,
						1.0,
						866.041,
						328.493,
						0.73,
						954.209,
						366.839,
						1.0,
						859.502,
						400.306,
						1.0,
						1013.927,
						315.354,
						1.0,
						865.885,
						485.151,
						1.0,
						972.57,
						247.521,
						1.0,
						891.452,
						440.596,
						1.0,
						957.293,
						550.448,
						0.97,
						898.353,
						557.032,
						0.96,
						957.311,
						678.013,
						1.0,
						898.211,
						678.007,
						1.0,
						950.65,
						782.52,
						1.0,
						898.423,
						788.921,
						1.0
					],
					"area": 25402.493,
					"b_score": 0.973,
					"object_id": 0
				}
			]
		},
		{
			"frame_num": 72,
			"objects": [
				{
					"category_id": 1,
					"bbox": [
						844.64,
						188.2,
						175.52,
						643.0
					],
					"score": 1.014,
					"keypoints": [
						886.872,
						320.552,
						1.0,
						894.712,
						307.048,
						1.0,
						873.764,
						313.655,
						1.0,
						921.73,
						314.23,
						1.0,
						866.981,
						327.307,
						0.64,
						954.84,
						366.349,
						1.0,
						860.397,
						399.855,
						1.0,
						1012.044,
						314.02,
						1.0,
						866.91,
						483.023,
						1.0,
						974.629,
						239.128,
						1.0,
						893.965,
						439.856,
						1.0,
						959.18,
						551.557,
						0.98,
						897.294,
						555.63,
						0.94,
						956.739,
						676.559,
						1.0,
						899.743,
						676.523,
						1.0,
						953.454,
						785.438,
						1.0,
						900.605,
						788.274,
						1.0
					],
					"area": 25365.192,
					"b_score": 0.967,
					"object_id": 0
				}
			]
		},
		{
			"frame_num": 73,
			"objects": [
				{
					"category_id": 1,
					"bbox": [
						844.11,
						175.63,
						172.22,
						655.52
					],
					"score": 1.022,
					"keypoints": [
						886.479,
						321.386,
						1.0,
						893.867,
						307.81,
						1.0,
						873.13,
						314.518,
						1.0,
						921.093,
						314.772,
						1.0,
						866.405,
						325.532,
						0.64,
						954.563,
						365.149,
						1.0,
						859.738,
						398.966,
						1.0,
						1007.385,
						314.678,
						1.0,
						866.373,
						484.328,
						1.0,
						974.618,
						231.245,
						1.0,
						893.207,
						443.343,
						1.0,
						957.218,
						552.801,
						0.96,
						895.437,
						557.951,
						0.93,
						955.688,
						676.893,
						1.0,
						897.226,
						676.864,
						1.0,
						949.992,
						786.194,
						1.0,
						899.994,
						787.477,
						1.0
					],
					"area": 25371.999,
					"b_score": 0.961,
					"object_id": 0
				}
			]
		},
		{
			"frame_num": 74,
			"objects": [
				{
					"category_id": 1,
					"bbox": [
						846.59,
						174.22,
						165.61,
						657.86
					],
					"score": 0.97,
					"keypoints": [
						885.848,
						321.457,
						1.0,
						895.658,
						307.823,
						1.0,
						874.921,
						314.597,
						1.0,
						922.823,
						314.744,
						1.0,
						865.633,
						324.141,
						0.58,
						956.529,
						367.007,
						0.95,
						858.901,
						398.212,
						1.0,
						1004.503,
						314.687,
						1.0,
						868.153,
						485.001,
						1.0,
						982.205,
						227.509,
						1.0,
						896.527,
						444.324,
						1.0,
						958.321,
						553.518,
						0.91,
						896.618,
						559.372,
						0.9,
						957.371,
						677.248,
						1.0,
						897.685,
						677.221,
						1.0,
						951.732,
						786.963,
						1.0,
						903.224,
						787.505,
						1.0
					],
					"area": 24485.245,
					"b_score": 0.957,
					"object_id": 0
				}
			]
		},
		{
			"frame_num": 75,
			"objects": [
				{
					"category_id": 1,
					"bbox": [
						846.94,
						179.33,
						165.25,
						652.28
					],
					"score": 0.98,
					"keypoints": [
						885.675,
						320.286,
						1.0,
						896.855,
						306.675,
						1.0,
						876.193,
						313.454,
						1.0,
						924.076,
						316.315,
						1.0,
						865.408,
						324.584,
						0.49,
						957.841,
						366.665,
						0.97,
						861.121,
						396.516,
						1.0,
						1002.773,
						313.582,
						1.0,
						869.585,
						483.754,
						1.0,
						990.12,
						229.243,
						1.0,
						898.068,
						442.336,
						1.0,
						958.963,
						552.024,
						0.93,
						897.476,
						558.22,
						0.95,
						958.344,
						677.792,
						1.0,
						898.141,
						677.764,
						1.0,
						952.59,
						787.241,
						1.0,
						904.774,
						787.476,
						1.0
					],
					"area": 24225.644,
					"b_score": 0.959,
					"object_id": 0
				}
			]
		},
		{
			"frame_num": 76,
			"objects": [
				{
					"category_id": 1,
					"bbox": [
						846.7,
						185.64,
						166.71,
						645.1
					],
					"score": 0.981,
					"keypoints": [
						883.181,
						318.886,
						1.0,
						895.428,
						308.057,
						1.0,
						875.012,
						312.094,
						1.0,
						922.656,
						316.458,
						1.0,
						863.054,
						324.168,
						0.53,
						953.536,
						365.506,
						0.97,
						860.552,
						396.789,
						1.0,
						998.289,
						314.817,
						1.0,
						868.347,
						484.101,
						1.0,
						988.285,
						232.924,
						1.0,
						895.266,
						439.886,
						1.0,
						956.895,
						551.965,
						0.91,
						895.788,
						558.364,
						0.9,
						956.538,
						676.023,
						1.0,
						896.278,
						678.416,
						0.99,
						949.36,
						783.493,
						1.0,
						902.086,
						787.258,
						1.0
					],
					"area": 24170.772,
					"b_score": 0.965,
					"object_id": 0
				}
			]
		}
	],
	"categories": [
		{
			"supercategory": "person",
			"id": 1,
			"name": "person",
			"keypoints": [
				"nose",
				"left_eye",
				"right_eye",
				"left_ear",
				"right_ear",
				"left_shoulder",
				"right_shoulder",
				"left_elbow",
				"right_elbow",
				"left_wrist",
				"right_wrist",
				"left_hip",
				"right_hip",
				"left_knee",
				"right_knee",
				"left_ankle",
				"right_ankle"
			],
			"skeleton": [
				[
					0,
					1
				],
				[
					0,
					2
				],
				[
					1,
					3
				],
				[
					2,
					4
				],
				[
					0,
					5
				],
				[
					0,
					6
				],
				[
					5,
					7
				],
				[
					6,
					8
				],
				[
					7,
					9
				],
				[
					8,
					10
				],
				[
					5,
					11
				],
				[
					6,
					12
				],
				[
					11,
					13
				],
				[
					12,
					14
				],
				[
					13,
					15
				],
				[
					14,
					16
				]
			]
		}
	]
}