{
	"info": {
		"description": "2D pose estimation outputs from Hawaii 2D Pose (based on MultiPoseNet)",
		"url": "",
		"version": "191128",
		"year": 2020,
		"contributor": "KakaoBrain-HumanCV",
		"date_created": "2020-01-15 18:25:17"
	},
	"video": {
		"path": "S005C002P016R002A022_rgb.avi",
		"width": 1920,
		"height": 1080,
		"original_length": 62,
		"fps": 30.0
	},
	"annotations": [
		{
			"frame_num": 0,
			"objects": [
				{
					"category_id": 1,
					"bbox": [
						908.15,
						275.6,
						232.75,
						737.67
					],
					"score": 0.919,
					"keypoints": [
						1020.68,
						348.6,
						1.0,
						1036.05,
						340.91,
						1.0,
						1013.0,
						340.91,
						1.0,
						1066.79,
						348.6,
						1.0,
						997.63,
						340.91,
						0.2,
						1105.21,
						440.8,
						0.9,
						966.89,
						433.12,
						1.0,
						1120.57,
						556.06,
						1.0,
						951.52,
						548.38,
						1.0,
						1128.26,
						663.64,
						1.0,
						928.47,
						648.27,
						1.0,
						1066.79,
						640.59,
						0.81,
						982.26,
						640.59,
						0.77,
						1059.1,
						794.27,
						0.86,
						989.94,
						794.27,
						0.88,
						1043.73,
						947.95,
						1.0,
						989.94,
						940.27,
						1.0
					],
					"area": 38587.198,
					"b_score": 0.966,
					"object_id": 0
				}
			]
		},
		{
			"frame_num": 1,
			"objects": [
				{
					"category_id": 1,
					"bbox": [
						902.64,
						276.55,
						239.64,
						738.78
					],
					"score": 0.979,
					"keypoints": [
						1022.808,
						348.971,
						1.0,
						1038.186,
						341.278,
						1.0,
						1015.119,
						341.278,
						1.0,
						1068.942,
						352.064,
						1.0,
						999.741,
						344.369,
						0.77,
						1104.516,
						441.225,
						0.97,
						966.122,
						433.538,
						1.0,
						1119.891,
						556.546,
						1.0,
						950.745,
						548.859,
						1.0,
						1127.238,
						664.457,
						1.0,
						927.285,
						649.076,
						1.0,
						1066.078,
						641.12,
						0.83,
						981.503,
						641.12,
						0.79,
						1058.384,
						794.883,
						0.89,
						989.187,
						794.883,
						0.92,
						1042.641,
						949.006,
						1.0,
						988.806,
						941.314,
						1.0
					],
					"area": 39789.653,
					"b_score": 0.969,
					"object_id": 0
				}
			]
		},
		{
			"frame_num": 2,
			"objects": [
				{
					"category_id": 1,
					"bbox": [
						899.96,
						277.28,
						244.1,
						738.78
					],
					"score": 0.987,
					"keypoints": [
						1031.404,
						349.48,
						1.0,
						1046.79,
						341.784,
						1.0,
						1019.75,
						341.784,
						1.0,
						1070.15,
						354.605,
						1.0,
						1000.924,
						346.912,
						1.0,
						1103.893,
						441.77,
						0.95,
						965.45,
						434.078,
						1.0,
						1119.274,
						557.133,
						1.0,
						950.067,
						549.441,
						1.0,
						1130.836,
						665.248,
						1.0,
						921.578,
						649.862,
						1.0,
						1068.271,
						641.736,
						0.83,
						983.662,
						641.736,
						0.78,
						1057.742,
						795.557,
						0.89,
						988.521,
						795.557,
						0.91,
						1046.2,
						949.905,
						1.0,
						988.017,
						942.215,
						1.0
					],
					"area": 40529.131,
					"b_score": 0.972,
					"object_id": 0
				}
			]
		},
		{
			"frame_num": 3,
			"objects": [
				{
					"category_id": 1,
					"bbox": [
						895.65,
						277.03,
						249.42,
						738.94
					],
					"score": 0.979,
					"keypoints": [
						1039.648,
						352.869,
						1.0,
						1055.038,
						342.028,
						1.0,
						1025.564,
						342.028,
						1.0,
						1073.56,
						356.006,
						0.94,
						1004.303,
						348.315,
						1.0,
						1102.864,
						442.043,
						0.95,
						964.374,
						434.351,
						1.0,
						1118.249,
						557.442,
						1.0,
						948.984,
						549.747,
						1.0,
						1131.482,
						665.516,
						1.0,
						918.261,
						650.128,
						1.0,
						1069.075,
						642.071,
						0.81,
						984.44,
						642.071,
						0.78,
						1056.697,
						795.942,
						0.9,
						987.454,
						795.942,
						0.9,
						1046.825,
						950.255,
						1.0,
						986.712,
						942.565,
						1.0
					],
					"area": 41422.085,
					"b_score": 0.972,
					"object_id": 0
				}
			]
		},
		{
			"frame_num": 4,
			"objects": [
				{
					"category_id": 1,
					"bbox": [
						892.94,
						276.21,
						250.85,
						739.24
					],
					"score": 1.0,
					"keypoints": [
						1042.626,
						354.634,
						1.0,
						1058.022,
						341.897,
						1.0,
						1027.675,
						341.897,
						1.0,
						1074.669,
						356.459,
						0.91,
						1005.39,
						348.764,
						1.0,
						1101.42,
						441.945,
						0.98,
						962.873,
						434.25,
						1.0,
						1116.812,
						557.38,
						1.0,
						947.478,
						549.683,
						1.0,
						1130.686,
						665.283,
						1.0,
						915.74,
						649.889,
						1.0,
						1068.827,
						642.038,
						0.83,
						984.169,
						642.038,
						0.8,
						1055.232,
						795.96,
						0.9,
						988.854,
						795.96,
						0.92,
						1046.003,
						950.117,
						1.0,
						984.944,
						942.416,
						1.0
					],
					"area": 41675.856,
					"b_score": 0.97,
					"object_id": 0
				}
			]
		},
		{
			"frame_num": 5,
			"objects": [
				{
					"category_id": 1,
					"bbox": [
						891.96,
						275.95,
						251.06,
						739.68
					],
					"score": 1.0,
					"keypoints": [
						1043.579,
						352.521,
						1.0,
						1058.982,
						341.735,
						1.0,
						1028.336,
						341.735,
						1.0,
						1074.932,
						356.629,
						0.87,
						1005.626,
						348.928,
						1.0,
						1100.188,
						441.825,
						0.99,
						961.573,
						434.129,
						1.0,
						1115.588,
						557.312,
						1.0,
						942.594,
						549.61,
						1.0,
						1129.921,
						665.165,
						1.0,
						914.267,
						649.763,
						1.0,
						1068.376,
						642.003,
						0.84,
						983.684,
						642.003,
						0.81,
						1053.98,
						795.989,
						0.91,
						989.432,
						795.989,
						0.92,
						1045.202,
						950.129,
						1.0,
						983.676,
						942.429,
						1.0
					],
					"area": 41736.809,
					"b_score": 0.972,
					"object_id": 0
				}
			]
		},
		{
			"frame_num": 6,
			"objects": [
				{
					"category_id": 1,
					"bbox": [
						889.92,
						275.85,
						251.14,
						738.97
					],
					"score": 1.008,
					"keypoints": [
						1043.001,
						351.244,
						1.0,
						1058.403,
						341.576,
						1.0,
						1027.734,
						338.6,
						1.0,
						1074.226,
						356.646,
						0.92,
						1004.933,
						348.949,
						1.0,
						1098.554,
						441.658,
						1.0,
						959.954,
						433.961,
						1.0,
						1113.952,
						557.134,
						1.0,
						938.832,
						546.498,
						1.0,
						1128.409,
						664.862,
						1.0,
						907.033,
						649.461,
						1.0,
						1067.395,
						641.82,
						0.84,
						982.701,
						641.82,
						0.82,
						1052.351,
						795.791,
						0.93,
						989.125,
						795.791,
						0.93,
						1043.706,
						949.742,
						1.0,
						981.954,
						942.047,
						1.0
					],
					"area": 41710.009,
					"b_score": 0.974,
					"object_id": 0
				}
			]
		},
		{
			"frame_num": 7,
			"objects": [
				{
					"category_id": 1,
					"bbox": [
						890.66,
						276.04,
						247.6,
						738.66
					],
					"score": 0.945,
					"keypoints": [
						1042.22,
						350.516,
						1.0,
						1057.616,
						341.529,
						1.0,
						1030.6,
						336.624,
						1.0,
						1076.689,
						356.722,
						0.86,
						1007.411,
						349.028,
						0.98,
						1100.279,
						441.592,
						0.92,
						961.726,
						433.894,
						1.0,
						1115.673,
						557.044,
						1.0,
						939.983,
						544.473,
						1.0,
						1127.076,
						664.728,
						1.0,
						909.357,
						644.75,
						1.0,
						1069.171,
						641.714,
						0.8,
						984.491,
						641.714,
						0.77,
						1054.092,
						795.655,
						0.9,
						988.555,
						795.655,
						0.88,
						1046.683,
						949.514,
						1.0,
						984.958,
						941.816,
						1.0
					],
					"area": 41104.731,
					"b_score": 0.974,
					"object_id": 0
				}
			]
		},
		{
			"frame_num": 8,
			"objects": [
				{
					"category_id": 1,
					"bbox": [
						892.51,
						276.58,
						243.43,
						737.27
					],
					"score": 0.986,
					"keypoints": [
						1041.699,
						350.176,
						1.0,
						1057.078,
						341.645,
						1.0,
						1028.423,
						335.611,
						1.0,
						1077.936,
						356.926,
						1.0,
						1008.728,
						349.238,
						1.0,
						1101.128,
						441.63,
						0.98,
						962.695,
						433.938,
						1.0,
						1116.508,
						556.994,
						1.0,
						940.548,
						543.257,
						1.0,
						1126.226,
						659.967,
						1.0,
						910.104,
						642.691,
						1.0,
						1070.194,
						641.597,
						0.83,
						985.591,
						641.597,
						0.79,
						1054.984,
						795.418,
						0.92,
						988.116,
						795.418,
						0.9,
						1047.881,
						949.023,
						1.0,
						986.199,
						941.335,
						1.0
					],
					"area": 40335.696,
					"b_score": 0.975,
					"object_id": 0
				}
			]
		},
		{
			"frame_num": 9,
			"objects": [
				{
					"category_id": 1,
					"bbox": [
						895.76,
						277.01,
						238.03,
						737.29
					],
					"score": 1.026,
					"keypoints": [
						1038.424,
						350.104,
						1.0,
						1053.796,
						341.873,
						1.0,
						1024.592,
						335.197,
						1.0,
						1075.675,
						357.221,
						1.0,
						1006.5,
						349.536,
						1.0,
						1098.816,
						441.806,
						1.0,
						960.468,
						434.119,
						1.0,
						1114.188,
						557.112,
						1.0,
						941.084,
						542.723,
						1.0,
						1121.338,
						662.563,
						1.0,
						910.698,
						642.158,
						1.0,
						1068.279,
						641.672,
						0.85,
						983.714,
						641.672,
						0.82,
						1052.701,
						795.416,
						0.93,
						988.034,
						795.416,
						0.95,
						1044.532,
						949.016,
						1.0,
						982.761,
						941.332,
						1.0
					],
					"area": 39442.339,
					"b_score": 0.973,
					"object_id": 0
				}
			]
		},
		{
			"frame_num": 10,
			"objects": [
				{
					"category_id": 1,
					"bbox": [
						902.21,
						278.15,
						231.53,
						736.64
					],
					"score": 0.991,
					"keypoints": [
						1037.905,
						350.427,
						1.0,
						1053.268,
						342.414,
						1.0,
						1026.613,
						335.401,
						1.0,
						1075.617,
						357.835,
						1.0,
						1006.488,
						350.152,
						1.0,
						1098.71,
						442.279,
						1.0,
						960.453,
						434.598,
						1.0,
						1114.069,
						557.509,
						1.0,
						942.671,
						542.787,
						1.0,
						1121.48,
						659.914,
						1.0,
						917.077,
						642.435,
						1.0,
						1068.131,
						642.013,
						0.81,
						983.623,
						642.013,
						0.76,
						1055.359,
						795.658,
						0.87,
						989.099,
						795.658,
						0.92,
						1044.69,
						949.3,
						1.0,
						987.411,
						941.619,
						1.0
					],
					"area": 38331.348,
					"b_score": 0.97,
					"object_id": 0
				}
			]
		},
		{
			"frame_num": 11,
			"objects": [
				{
					"category_id": 1,
					"bbox": [
						905.73,
						278.57,
						230.4,
						737.02
					],
					"score": 0.999,
					"keypoints": [
						1038.827,
						347.901,
						1.0,
						1054.188,
						340.119,
						1.0,
						1025.881,
						332.388,
						1.0,
						1073.856,
						355.5,
						1.0,
						1004.735,
						347.818,
						1.0,
						1099.784,
						439.948,
						0.99,
						958.452,
						432.268,
						1.0,
						1112.028,
						555.139,
						1.0,
						941.719,
						539.706,
						1.0,
						1123.232,
						654.121,
						1.0,
						917.196,
						642.892,
						1.0,
						1069.107,
						639.613,
						0.76,
						984.625,
						642.458,
						0.77,
						1055.402,
						796.061,
						0.93,
						988.122,
						796.061,
						0.94,
						1046.354,
						949.842,
						1.0,
						986.857,
						942.161,
						1.0
					],
					"area": 38163.197,
					"b_score": 0.969,
					"object_id": 0
				}
			]
		},
		{
			"frame_num": 12,
			"objects": [
				{
					"category_id": 1,
					"bbox": [
						904.04,
						278.35,
						236.56,
						737.86
					],
					"score": 1.017,
					"keypoints": [
						1036.917,
						349.141,
						1.0,
						1052.286,
						341.348,
						1.0,
						1023.299,
						333.861,
						1.0,
						1070.35,
						356.873,
						1.0,
						1001.214,
						349.188,
						1.0,
						1097.997,
						441.204,
						1.0,
						957.834,
						433.521,
						1.0,
						1107.911,
						553.601,
						1.0,
						938.301,
						541.27,
						1.0,
						1124.73,
						646.715,
						1.0,
						913.716,
						643.189,
						1.0,
						1067.5,
						640.933,
						0.82,
						983.0,
						642.815,
						0.82,
						1052.997,
						796.459,
						0.91,
						984.857,
						796.459,
						0.94,
						1043.7,
						950.392,
						1.0,
						982.974,
						942.712,
						1.0
					],
					"area": 39228.04,
					"b_score": 0.969,
					"object_id": 0
				}
			]
		},
		{
			"frame_num": 13,
			"objects": [
				{
					"category_id": 1,
					"bbox": [
						895.12,
						276.6,
						265.88,
						739.65
					],
					"score": 0.992,
					"keypoints": [
						1035.17,
						349.373,
						1.0,
						1050.553,
						341.608,
						1.0,
						1020.715,
						334.073,
						1.0,
						1070.383,
						357.116,
						1.0,
						997.952,
						349.425,
						1.0,
						1096.132,
						441.575,
						1.0,
						956.566,
						433.882,
						1.0,
						1108.376,
						552.19,
						1.0,
						935.286,
						541.729,
						1.0,
						1134.433,
						631.927,
						1.0,
						910.697,
						632.38,
						1.0,
						1065.678,
						641.513,
						0.74,
						981.076,
						642.729,
						0.78,
						1053.756,
						796.536,
						0.9,
						985.186,
						796.536,
						0.92,
						1041.309,
						950.589,
						1.0,
						979.941,
						942.899,
						1.0
					],
					"area": 44198.361,
					"b_score": 0.965,
					"object_id": 0
				}
			]
		},
		{
			"frame_num": 14,
			"objects": [
				{
					"category_id": 1,
					"bbox": [
						877.22,
						275.27,
						310.61,
						741.92
					],
					"score": 0.931,
					"keypoints": [
						1035.605,
						349.13,
						1.0,
						1051.016,
						341.384,
						1.0,
						1020.8,
						333.736,
						1.0,
						1071.985,
						356.848,
						1.0,
						1000.73,
						349.147,
						0.87,
						1096.972,
						441.524,
						0.94,
						960.312,
						433.818,
						1.0,
						1110.544,
						547.55,
						1.0,
						935.575,
						541.792,
						1.0,
						1153.764,
						602.287,
						1.0,
						907.113,
						610.152,
						0.98,
						1069.098,
						641.815,
						0.7,
						981.532,
						642.597,
						0.74,
						1055.81,
						796.679,
						0.87,
						986.934,
						796.679,
						0.87,
						1047.3,
						951.078,
						0.98,
						985.401,
						943.371,
						1.0
					],
					"area": 51792.109,
					"b_score": 0.968,
					"object_id": 0
				}
			]
		},
		{
			"frame_num": 15,
			"objects": [
				{
					"category_id": 1,
					"bbox": [
						859.48,
						275.99,
						350.93,
						737.25
					],
					"score": 0.949,
					"keypoints": [
						1033.982,
						349.066,
						1.0,
						1049.376,
						341.345,
						1.0,
						1018.773,
						333.678,
						1.0,
						1071.093,
						356.763,
						1.0,
						1000.605,
						349.073,
						0.85,
						1098.202,
						441.377,
						0.95,
						960.903,
						433.681,
						1.0,
						1115.115,
						544.437,
						1.0,
						937.006,
						538.098,
						1.0,
						1172.359,
						555.335,
						1.0,
						897.102,
						577.927,
						1.0,
						1069.245,
						641.451,
						0.69,
						982.751,
						638.917,
						0.71,
						1055.232,
						795.871,
						0.9,
						989.033,
						795.871,
						0.87,
						1046.838,
						949.443,
						1.0,
						985.203,
						941.75,
						1.0
					],
					"area": 58147.154,
					"b_score": 0.955,
					"object_id": 0
				}
			]
		},
		{
			"frame_num": 16,
			"objects": [
				{
					"category_id": 1,
					"bbox": [
						851.28,
						276.16,
						378.98,
						737.69
					],
					"score": 0.908,
					"keypoints": [
						1028.682,
						349.099,
						1.0,
						1047.534,
						338.411,
						1.0,
						1016.705,
						333.722,
						1.0,
						1069.795,
						354.004,
						1.0,
						996.495,
						349.105,
						0.72,
						1098.276,
						441.375,
						0.91,
						960.61,
						433.684,
						1.0,
						1125.28,
						542.934,
						1.0,
						933.534,
						536.083,
						1.0,
						1187.275,
						508.196,
						0.88,
						892.7,
						532.201,
						0.98,
						1068.684,
						641.353,
						0.73,
						982.886,
						639.751,
						0.73,
						1054.161,
						795.518,
						0.9,
						989.698,
						795.518,
						0.87,
						1045.685,
						948.962,
						1.0,
						984.13,
						941.27,
						1.0
					],
					"area": 62832.928,
					"b_score": 0.943,
					"object_id": 0
				}
			]
		},
		{
			"frame_num": 17,
			"objects": [
				{
					"category_id": 1,
					"bbox": [
						842.19,
						277.14,
						393.64,
						732.51
					],
					"score": 0.913,
					"keypoints": [
						1024.656,
						349.285,
						1.0,
						1045.614,
						336.769,
						1.0,
						1014.786,
						333.97,
						1.0,
						1068.175,
						352.313,
						1.0,
						996.723,
						349.301,
						0.44,
						1097.495,
						441.311,
						0.96,
						962.788,
						433.641,
						1.0,
						1138.622,
						537.801,
						1.0,
						927.165,
						530.764,
						1.0,
						1193.898,
						461.044,
						1.0,
						885.267,
						491.67,
						0.98,
						1070.461,
						640.729,
						0.73,
						982.496,
						639.688,
						0.73,
						1055.536,
						794.299,
						0.89,
						989.592,
						794.299,
						0.91,
						1048.409,
						950.822,
						1.0,
						987.118,
						943.166,
						1.0
					],
					"area": 64804.691,
					"b_score": 0.954,
					"object_id": 0
				}
			]
		},
		{
			"frame_num": 18,
			"objects": [
				{
					"category_id": 1,
					"bbox": [
						846.27,
						277.54,
						390.07,
						729.02
					],
					"score": 0.932,
					"keypoints": [
						1019.763,
						349.422,
						1.0,
						1038.141,
						335.828,
						1.0,
						1011.234,
						334.166,
						1.0,
						1064.753,
						351.267,
						1.0,
						994.671,
						349.442,
						0.33,
						1094.647,
						441.138,
						0.96,
						962.347,
						430.508,
						1.0,
						1150.683,
						525.964,
						1.0,
						921.283,
						518.859,
						1.0,
						1190.382,
						421.606,
						1.0,
						879.9,
						438.3,
						0.99,
						1069.526,
						639.82,
						0.78,
						980.28,
						639.149,
						0.75,
						1054.522,
						792.68,
						0.88,
						987.731,
						795.478,
						0.93,
						1046.676,
						950.19,
						1.0,
						985.658,
						942.566,
						1.0
					],
					"area": 63910.069,
					"b_score": 0.963,
					"object_id": 0
				}
			]
		},
		{
			"frame_num": 19,
			"objects": [
				{
					"category_id": 1,
					"bbox": [
						861.95,
						277.12,
						364.71,
						735.71
					],
					"score": 0.911,
					"keypoints": [
						1018.644,
						349.593,
						1.0,
						1035.543,
						335.316,
						1.0,
						1006.77,
						337.11,
						1.0,
						1064.198,
						350.728,
						1.0,
						991.076,
						349.62,
						0.28,
						1094.429,
						438.458,
						0.89,
						962.894,
						428.898,
						1.0,
						1163.211,
						501.574,
						1.0,
						915.181,
						494.334,
						1.0,
						1192.961,
						390.994,
						0.95,
						884.888,
						392.216,
						1.0,
						1067.319,
						640.29,
						0.78,
						979.849,
						639.866,
						0.74,
						1054.966,
						793.328,
						0.86,
						987.407,
						795.104,
						0.91,
						1047.465,
						948.84,
						0.98,
						986.288,
						941.199,
						1.0
					],
					"area": 60303.088,
					"b_score": 0.971,
					"object_id": 0
				}
			]
		},
		{
			"frame_num": 20,
			"objects": [
				{
					"category_id": 1,
					"bbox": [
						873.84,
						271.07,
						339.55,
						744.45
					],
					"score": 0.928,
					"keypoints": [
						1017.588,
						347.782,
						1.0,
						1033.8,
						332.653,
						1.0,
						1007.692,
						337.063,
						1.0,
						1063.687,
						348.177,
						1.0,
						992.014,
						347.922,
						0.21,
						1094.262,
						434.858,
						0.89,
						965.746,
						426.015,
						1.0,
						1173.557,
						467.584,
						1.0,
						915.442,
						465.999,
						1.0,
						1188.731,
						355.579,
						1.0,
						893.006,
						340.991,
						1.0,
						1068.51,
						636.798,
						0.78,
						981.818,
						636.54,
						0.76,
						1055.064,
						793.759,
						0.89,
						986.688,
						794.895,
						0.92,
						1047.484,
						949.239,
						1.0,
						985.855,
						941.541,
						1.0
					],
					"area": 56810.842,
					"b_score": 0.976,
					"object_id": 0
				}
			]
		},
		{
			"frame_num": 21,
			"objects": [
				{
					"category_id": 1,
					"bbox": [
						886.06,
						256.45,
						316.06,
						760.31
					],
					"score": 0.98,
					"keypoints": [
						1017.001,
						347.688,
						1.0,
						1033.027,
						332.235,
						1.0,
						1004.169,
						335.121,
						1.0,
						1063.773,
						347.904,
						1.0,
						988.609,
						347.785,
						0.22,
						1094.781,
						431.13,
						1.0,
						967.039,
						426.319,
						1.0,
						1179.437,
						443.566,
						1.0,
						914.374,
						437.476,
						1.0,
						1180.265,
						333.687,
						1.0,
						900.793,
						325.128,
						1.0,
						1066.801,
						638.225,
						0.87,
						979.897,
						638.062,
						0.88,
						1055.379,
						795.617,
						0.9,
						985.932,
						796.361,
						1.0,
						1047.788,
						949.343,
						1.0,
						985.253,
						941.53,
						1.0
					],
					"area": 54006.711,
					"b_score": 0.981,
					"object_id": 0
				}
			]
		},
		{
			"frame_num": 22,
			"objects": [
				{
					"category_id": 1,
					"bbox": [
						893.57,
						236.39,
						306.3,
						780.49
					],
					"score": 0.971,
					"keypoints": [
						1017.588,
						347.106,
						1.0,
						1033.727,
						331.207,
						1.0,
						1003.108,
						333.08,
						1.0,
						1065.075,
						343.338,
						1.0,
						987.267,
						347.197,
						0.16,
						1093.411,
						429.417,
						1.0,
						971.895,
						426.785,
						0.98,
						1180.341,
						412.96,
						1.0,
						917.487,
						411.741,
						1.0,
						1176.413,
						307.893,
						1.0,
						921.949,
						299.618,
						1.0,
						1066.889,
						638.45,
						0.88,
						981.918,
						638.346,
						0.88,
						1053.687,
						794.819,
						0.89,
						985.859,
						795.302,
						0.95,
						1049.483,
						948.504,
						1.0,
						985.503,
						940.508,
						1.0
					],
					"area": 53729.673,
					"b_score": 0.985,
					"object_id": 0
				}
			]
		},
		{
			"frame_num": 23,
			"objects": [
				{
					"category_id": 1,
					"bbox": [
						897.0,
						217.29,
						301.04,
						807.88
					],
					"score": 0.977,
					"keypoints": [
						1017.807,
						347.338,
						1.0,
						1034.26,
						331.074,
						1.0,
						1002.2,
						335.254,
						1.0,
						1066.379,
						345.236,
						1.0,
						985.924,
						347.386,
						0.14,
						1093.572,
						430.513,
						0.99,
						973.812,
						428.711,
						0.99,
						1178.89,
						395.324,
						1.0,
						921.067,
						395.204,
						1.0,
						1172.384,
						290.534,
						1.0,
						931.184,
						282.056,
						1.0,
						1067.48,
						639.771,
						0.86,
						979.679,
						639.696,
						0.89,
						1052.949,
						797.651,
						0.86,
						985.306,
						797.922,
						0.97,
						1046.162,
						951.34,
						0.99,
						984.93,
						943.064,
						1.0
					],
					"area": 54659.05,
					"b_score": 0.988,
					"object_id": 0
				}
			]
		},
		{
			"frame_num": 24,
			"objects": [
				{
					"category_id": 1,
					"bbox": [
						902.99,
						200.14,
						292.31,
						823.7
					],
					"score": 1.0,
					"keypoints": [
						1018.379,
						348.374,
						1.0,
						1035.136,
						331.926,
						1.0,
						1002.081,
						337.696,
						1.0,
						1064.649,
						347.252,
						1.0,
						985.396,
						348.408,
						0.13,
						1094.628,
						429.16,
						0.99,
						974.936,
						428.252,
						1.0,
						1175.798,
						380.594,
						1.0,
						922.608,
						374.007,
						1.0,
						1167.663,
						274.732,
						1.0,
						932.79,
						266.1,
						1.0,
						1065.373,
						640.571,
						0.88,
						978.311,
						640.529,
						0.93,
						1053.128,
						797.204,
						0.93,
						985.109,
						797.381,
						0.99,
						1045.441,
						951.102,
						1.0,
						984.857,
						942.671,
						1.0
					],
					"area": 54113.583,
					"b_score": 0.989,
					"object_id": 0
				}
			]
		},
		{
			"frame_num": 25,
			"objects": [
				{
					"category_id": 1,
					"bbox": [
						910.12,
						175.23,
						286.92,
						846.69
					],
					"score": 0.979,
					"keypoints": [
						1016.353,
						347.958,
						1.0,
						1033.53,
						334.334,
						1.0,
						1003.439,
						337.959,
						1.0,
						1065.468,
						347.236,
						1.0,
						986.309,
						351.424,
						0.14,
						1094.104,
						427.994,
						0.97,
						976.684,
						427.608,
						0.98,
						1174.047,
						361.694,
						1.0,
						926.732,
						360.266,
						1.0,
						1170.541,
						244.452,
						1.0,
						940.891,
						243.686,
						1.0,
						1065.909,
						643.128,
						0.83,
						978.431,
						639.748,
						0.9,
						1051.578,
						797.132,
						0.88,
						985.958,
						797.245,
						0.94,
						1047.401,
						948.867,
						1.0,
						986.236,
						940.163,
						1.0
					],
					"area": 54598.206,
					"b_score": 0.988,
					"object_id": 0
				}
			]
		},
		{
			"frame_num": 26,
			"objects": [
				{
					"category_id": 1,
					"bbox": [
						908.67,
						145.91,
						292.55,
						887.76
					],
					"score": 0.98,
					"keypoints": [
						1018.927,
						346.745,
						1.0,
						1032.774,
						334.75,
						1.0,
						1003.726,
						337.064,
						1.0,
						1066.662,
						346.225,
						1.0,
						985.991,
						352.455,
						0.18,
						1095.008,
						423.497,
						0.99,
						976.529,
						423.778,
						0.98,
						1167.69,
						348.655,
						1.0,
						931.954,
						348.414,
						1.0,
						1170.541,
						226.425,
						1.0,
						946.822,
						226.379,
						1.0,
						1063.337,
						642.2,
						0.84,
						977.608,
						640.062,
						0.9,
						1051.086,
						797.404,
						0.91,
						985.824,
						797.471,
						0.97,
						1049.032,
						952.351,
						1.0,
						985.899,
						943.25,
						1.0
					],
					"area": 58370.127,
					"b_score": 0.988,
					"object_id": 0
				}
			]
		},
		{
			"frame_num": 27,
			"objects": [
				{
					"category_id": 1,
					"bbox": [
						910.33,
						128.82,
						294.04,
						911.11
					],
					"score": 0.978,
					"keypoints": [
						1017.088,
						348.515,
						1.0,
						1033.144,
						334.05,
						1.0,
						1004.333,
						335.579,
						1.0,
						1064.919,
						344.608,
						1.0,
						986.069,
						352.219,
						0.17,
						1096.792,
						420.923,
						0.93,
						976.598,
						421.313,
						0.97,
						1162.972,
						336.547,
						1.0,
						934.939,
						336.577,
						1.0,
						1173.427,
						211.203,
						1.0,
						947.864,
						219.79,
						1.0,
						1062.833,
						643.723,
						0.88,
						977.24,
						638.805,
						0.92,
						1051.667,
						797.596,
						0.97,
						985.949,
						797.636,
						0.95,
						1045.813,
						950.997,
						1.0,
						986.041,
						941.707,
						1.0
					],
					"area": 60210.73,
					"b_score": 0.987,
					"object_id": 0
				}
			]
		},
		{
			"frame_num": 28,
			"objects": [
				{
					"category_id": 1,
					"bbox": [
						910.9,
						124.54,
						294.61,
						915.57
					],
					"score": 0.99,
					"keypoints": [
						1016.314,
						348.565,
						1.0,
						1033.658,
						335.819,
						1.0,
						1004.921,
						336.842,
						1.0,
						1064.164,
						346.19,
						1.0,
						986.327,
						354.749,
						0.12,
						1098.433,
						422.806,
						0.95,
						976.841,
						422.856,
						0.93,
						1161.074,
						331.266,
						1.0,
						936.775,
						338.468,
						1.0,
						1170.315,
						206.234,
						1.0,
						948.351,
						215.704,
						1.0,
						1062.892,
						643.953,
						0.9,
						977.201,
						640.8,
						0.95,
						1052.318,
						797.341,
						0.97,
						986.208,
						797.37,
						0.92,
						1044.741,
						950.219,
						1.0,
						986.379,
						940.765,
						1.0
					],
					"area": 60622.608,
					"b_score": 0.987,
					"object_id": 0
				}
			]
		},
		{
			"frame_num": 29,
			"objects": [
				{
					"category_id": 1,
					"bbox": [
						911.93,
						130.97,
						287.49,
						907.16
					],
					"score": 0.988,
					"keypoints": [
						1014.926,
						346.713,
						1.0,
						1032.981,
						335.228,
						1.0,
						1004.417,
						335.895,
						1.0,
						1062.636,
						345.144,
						1.0,
						985.685,
						358.251,
						0.08,
						1098.346,
						421.094,
						0.98,
						980.621,
						421.259,
						0.98,
						1158.786,
						326.333,
						1.0,
						937.126,
						342.16,
						1.0,
						1166.674,
						210.605,
						1.0,
						954.361,
						227.921,
						1.0,
						1061.873,
						644.758,
						0.9,
						976.468,
						639.287,
						0.94,
						1051.808,
						797.275,
						0.98,
						985.702,
						797.295,
						0.95,
						1048.125,
						949.208,
						1.0,
						985.569,
						939.729,
						1.0
					],
					"area": 58614.177,
					"b_score": 0.989,
					"object_id": 0
				}
			]
		},
		{
			"frame_num": 30,
			"objects": [
				{
					"category_id": 1,
					"bbox": [
						913.05,
						142.64,
						276.48,
						892.53
					],
					"score": 1.003,
					"keypoints": [
						1016.501,
						348.504,
						1.0,
						1034.69,
						334.506,
						1.0,
						1006.325,
						338.411,
						1.0,
						1063.642,
						347.531,
						1.0,
						987.698,
						359.563,
						0.08,
						1099.956,
						423.337,
						0.98,
						981.06,
						423.244,
						0.98,
						1162.415,
						331.339,
						1.0,
						936.249,
						342.421,
						1.0,
						1167.166,
						219.781,
						1.0,
						960.827,
						237.774,
						1.0,
						1063.169,
						646.675,
						0.92,
						978.321,
						639.549,
						0.9,
						1053.234,
						797.574,
						0.97,
						984.108,
						797.582,
						0.94,
						1047.35,
						953.148,
						1.0,
						983.317,
						943.708,
						1.0
					],
					"area": 55460.134,
					"b_score": 0.989,
					"object_id": 0
				}
			]
		},
		{
			"frame_num": 31,
			"objects": [
				{
					"category_id": 1,
					"bbox": [
						913.56,
						154.94,
						273.99,
						880.22
					],
					"score": 0.995,
					"keypoints": [
						1017.275,
						346.416,
						1.0,
						1035.481,
						334.223,
						1.0,
						1007.386,
						336.784,
						1.0,
						1067.231,
						345.757,
						1.0,
						988.892,
						356.477,
						0.06,
						1100.361,
						424.215,
						0.96,
						981.397,
						424.081,
						0.97,
						1163.583,
						333.029,
						1.0,
						936.119,
						342.751,
						1.0,
						1159.757,
						222.922,
						1.0,
						962.763,
						241.031,
						1.0,
						1063.597,
						646.19,
						0.91,
						979.525,
						641.78,
						0.91,
						1053.909,
						799.032,
						0.98,
						983.195,
						799.022,
						0.96,
						1046.632,
						950.476,
						1.0,
						982.447,
						946.288,
						1.0
					],
					"area": 54202.436,
					"b_score": 0.986,
					"object_id": 0
				}
			]
		},
		{
			"frame_num": 32,
			"objects": [
				{
					"category_id": 1,
					"bbox": [
						917.62,
						173.19,
						268.02,
						845.5
					],
					"score": 0.979,
					"keypoints": [
						1018.586,
						345.854,
						1.0,
						1036.522,
						331.449,
						1.0,
						1009.045,
						336.559,
						1.0,
						1069.795,
						345.439,
						1.0,
						990.858,
						355.406,
						0.07,
						1100.252,
						424.209,
						0.96,
						983.365,
						424.126,
						0.97,
						1162.828,
						335.157,
						1.0,
						938.505,
						338.231,
						1.0,
						1148.381,
						228.591,
						1.0,
						966.598,
						239.701,
						1.0,
						1064.053,
						645.483,
						0.87,
						981.844,
						642.789,
						0.86,
						1054.69,
						800.598,
						0.98,
						984.092,
						800.578,
						0.93,
						1046.938,
						951.619,
						1.0,
						984.092,
						944.918,
						1.0
					],
					"area": 50930.73,
					"b_score": 0.985,
					"object_id": 0
				}
			]
		},
		{
			"frame_num": 33,
			"objects": [
				{
					"category_id": 1,
					"bbox": [
						917.8,
						173.0,
						265.2,
						845.26
					],
					"score": 0.966,
					"keypoints": [
						1018.95,
						345.413,
						1.0,
						1036.759,
						329.621,
						1.0,
						1009.684,
						336.326,
						1.0,
						1070.868,
						345.155,
						1.0,
						991.714,
						354.689,
						0.08,
						1099.715,
						424.098,
						0.96,
						983.832,
						420.308,
						0.96,
						1161.91,
						335.647,
						1.0,
						939.318,
						336.662,
						1.0,
						1144.359,
						235.722,
						0.97,
						966.714,
						232.53,
						1.0,
						1063.891,
						644.945,
						0.88,
						982.838,
						643.286,
						0.86,
						1054.734,
						801.396,
						0.99,
						984.195,
						801.379,
						0.94,
						1046.447,
						951.945,
						1.0,
						984.237,
						944.125,
						1.0
					],
					"area": 50380.567,
					"b_score": 0.982,
					"object_id": 0
				}
			]
		},
		{
			"frame_num": 34,
			"objects": [
				{
					"category_id": 1,
					"bbox": [
						918.61,
						158.63,
						259.53,
						859.08
					],
					"score": 0.993,
					"keypoints": [
						1021.561,
						344.089,
						1.0,
						1036.108,
						331.005,
						1.0,
						1009.123,
						335.151,
						1.0,
						1070.82,
						347.186,
						1.0,
						991.175,
						353.404,
						0.09,
						1098.947,
						426.805,
						0.97,
						982.691,
						417.322,
						0.99,
						1158.016,
						333.994,
						1.0,
						942.154,
						328.239,
						1.0,
						1136.134,
						228.599,
						1.0,
						964.453,
						220.2,
						1.0,
						1063.106,
						645.479,
						0.92,
						982.238,
						644.519,
						0.91,
						1054.072,
						800.263,
						0.98,
						983.063,
						800.26,
						0.97,
						1045.043,
						951.251,
						1.0,
						982.591,
						942.826,
						1.0
					],
					"area": 50109.168,
					"b_score": 0.983,
					"object_id": 0
				}
			]
		},
		{
			"frame_num": 35,
			"objects": [
				{
					"category_id": 1,
					"bbox": [
						915.73,
						132.29,
						258.91,
						905.37
					],
					"score": 0.998,
					"keypoints": [
						1021.576,
						344.242,
						1.0,
						1037.659,
						332.488,
						1.0,
						1006.752,
						335.114,
						1.0,
						1070.025,
						346.205,
						1.0,
						991.965,
						353.583,
						0.11,
						1098.287,
						427.685,
						0.97,
						979.448,
						414.108,
						0.99,
						1151.964,
						328.501,
						1.0,
						944.033,
						320.067,
						1.0,
						1141.696,
						216.363,
						1.0,
						959.27,
						206.379,
						1.0,
						1061.618,
						645.783,
						0.92,
						979.449,
						645.233,
						0.94,
						1052.558,
						802.907,
						0.98,
						983.371,
						799.139,
						1.0,
						1042.334,
						949.499,
						1.0,
						983.276,
						945.769,
						1.0
					],
					"area": 52682.106,
					"b_score": 0.987,
					"object_id": 0
				}
			]
		},
		{
			"frame_num": 36,
			"objects": [
				{
					"category_id": 1,
					"bbox": [
						915.07,
						115.64,
						266.0,
						921.77
					],
					"score": 0.995,
					"keypoints": [
						1022.521,
						343.054,
						1.0,
						1039.837,
						332.19,
						1.0,
						1009.574,
						333.795,
						1.0,
						1075.171,
						347.873,
						1.0,
						993.24,
						352.636,
						0.12,
						1099.23,
						423.846,
						0.94,
						982.064,
						411.391,
						1.0,
						1154.554,
						324.317,
						1.0,
						945.554,
						314.951,
						1.0,
						1150.507,
						201.234,
						1.0,
						957.943,
						199.055,
						1.0,
						1065.389,
						646.874,
						0.87,
						981.737,
						642.925,
						0.94,
						1056.389,
						802.607,
						0.96,
						984.193,
						800.288,
						0.99,
						1048.271,
						952.998,
						1.0,
						984.522,
						946.01,
						1.0
					],
					"area": 55105.771,
					"b_score": 0.986,
					"object_id": 0
				}
			]
		},
		{
			"frame_num": 37,
			"objects": [
				{
					"category_id": 1,
					"bbox": [
						914.01,
						99.75,
						275.98,
						936.25
					],
					"score": 0.995,
					"keypoints": [
						1024.583,
						345.032,
						1.0,
						1038.921,
						330.936,
						1.0,
						1009.054,
						335.514,
						1.0,
						1075.698,
						348.08,
						1.0,
						991.59,
						351.061,
						0.11,
						1098.069,
						420.768,
						1.0,
						980.784,
						409.214,
						1.0,
						1154.494,
						314.458,
						1.0,
						943.056,
						311.273,
						1.0,
						1152.64,
						194.237,
						1.0,
						953.124,
						193.754,
						1.0,
						1065.84,
						644.787,
						0.91,
						980.73,
						642.256,
						0.9,
						1056.574,
						800.555,
						0.98,
						982.108,
						799.141,
						0.94,
						1047.646,
						953.06,
						1.0,
						981.307,
						944.631,
						1.0
					],
					"area": 58070.803,
					"b_score": 0.985,
					"object_id": 0
				}
			]
		},
		{
			"frame_num": 38,
			"objects": [
				{
					"category_id": 1,
					"bbox": [
						911.61,
						98.76,
						280.76,
						934.33
					],
					"score": 1.011,
					"keypoints": [
						1022.175,
						341.839,
						1.0,
						1038.372,
						329.545,
						1.0,
						1008.753,
						332.318,
						1.0,
						1072.199,
						347.681,
						1.0,
						990.586,
						349.427,
						0.13,
						1097.248,
						418.195,
						1.0,
						976.6,
						407.289,
						1.0,
						1154.371,
						310.215,
						1.0,
						938.471,
						309.13,
						1.0,
						1153.501,
						191.891,
						1.0,
						944.387,
						191.776,
						1.0,
						1066.117,
						642.629,
						0.87,
						980.125,
						641.068,
						0.95,
						1056.684,
						798.45,
						0.99,
						980.855,
						797.519,
						1.0,
						1047.367,
						951.676,
						1.0,
						979.966,
						942.421,
						1.0
					],
					"area": 58956.042,
					"b_score": 0.985,
					"object_id": 0
				}
			]
		},
		{
			"frame_num": 39,
			"objects": [
				{
					"category_id": 1,
					"bbox": [
						908.57,
						103.27,
						283.75,
						930.8
					],
					"score": 0.997,
					"keypoints": [
						1023.724,
						341.419,
						1.0,
						1041.253,
						325.992,
						1.0,
						1011.808,
						327.446,
						1.0,
						1073.182,
						345.071,
						1.0,
						993.05,
						345.672,
						0.15,
						1096.051,
						418.277,
						0.99,
						977.0,
						403.014,
						1.0,
						1156.999,
						311.183,
						1.0,
						934.924,
						310.782,
						1.0,
						1152.829,
						194.481,
						1.0,
						947.016,
						187.049,
						1.0,
						1065.711,
						642.163,
						0.93,
						982.914,
						637.238,
						0.89,
						1056.166,
						797.743,
						1.0,
						979.56,
						797.155,
						0.96,
						1046.453,
						951.663,
						1.0,
						978.642,
						942.167,
						1.0
					],
					"area": 59358.662,
					"b_score": 0.986,
					"object_id": 0
				}
			]
		},
		{
			"frame_num": 40,
			"objects": [
				{
					"category_id": 1,
					"bbox": [
						906.69,
						112.49,
						282.08,
						921.72
					],
					"score": 1.018,
					"keypoints": [
						1023.726,
						340.035,
						1.0,
						1041.928,
						322.725,
						1.0,
						1012.737,
						327.912,
						1.0,
						1072.627,
						342.191,
						1.0,
						993.769,
						342.177,
						0.26,
						1097.61,
						416.773,
						1.0,
						976.538,
						404.159,
						1.0,
						1157.402,
						315.869,
						1.0,
						931.897,
						309.872,
						1.0,
						1155.955,
						200.696,
						1.0,
						946.958,
						192.17,
						1.0,
						1068.078,
						639.563,
						0.88,
						983.858,
						636.631,
						0.94,
						1058.567,
						798.184,
						0.97,
						981.73,
						797.796,
						0.99,
						1049.952,
						952.152,
						1.0,
						976.87,
						942.613,
						1.0
					],
					"area": 58434.064,
					"b_score": 0.988,
					"object_id": 0
				}
			]
		},
		{
			"frame_num": 41,
			"objects": [
				{
					"category_id": 1,
					"bbox": [
						905.81,
						126.33,
						283.04,
						906.56
					],
					"score": 1.004,
					"keypoints": [
						1027.761,
						339.517,
						1.0,
						1042.202,
						321.422,
						1.0,
						1013.362,
						328.518,
						1.0,
						1075.884,
						344.463,
						1.0,
						994.402,
						344.758,
						0.24,
						1098.193,
						415.678,
						0.99,
						976.528,
						404.519,
						0.98,
						1160.58,
						323.334,
						1.0,
						930.786,
						315.721,
						1.0,
						1155.94,
						208.559,
						1.0,
						952.842,
						201.03,
						1.0,
						1069.236,
						640.124,
						0.9,
						984.694,
						634.444,
						0.92,
						1059.778,
						795.796,
						0.97,
						983.199,
						795.596,
						0.99,
						1051.182,
						946.774,
						1.0,
						981.694,
						942.91,
						1.0
					],
					"area": 57667.113,
					"b_score": 0.989,
					"object_id": 0
				}
			]
		},
		{
			"frame_num": 42,
			"objects": [
				{
					"category_id": 1,
					"bbox": [
						906.74,
						135.91,
						283.03,
						893.99
					],
					"score": 1.001,
					"keypoints": [
						1026.632,
						333.524,
						1.0,
						1042.766,
						319.57,
						1.0,
						1014.309,
						323.404,
						1.0,
						1074.188,
						340.984,
						1.0,
						995.458,
						345.041,
						0.19,
						1098.65,
						413.328,
						0.98,
						977.18,
						402.971,
						1.0,
						1162.275,
						325.17,
						1.0,
						931.226,
						316.721,
						1.0,
						1150.298,
						212.355,
						1.0,
						957.094,
						203.643,
						1.0,
						1070.183,
						637.601,
						0.87,
						985.941,
						634.307,
						0.87,
						1060.802,
						794.432,
						0.98,
						984.865,
						794.334,
						0.97,
						1052.204,
						943.403,
						1.0,
						979.934,
						942.111,
						1.0
					],
					"area": 56866.858,
					"b_score": 0.989,
					"object_id": 0
				}
			]
		},
		{
			"frame_num": 43,
			"objects": [
				{
					"category_id": 1,
					"bbox": [
						908.94,
						145.95,
						279.82,
						882.48
					],
					"score": 0.945,
					"keypoints": [
						1026.33,
						329.4,
						1.0,
						1043.369,
						317.872,
						1.0,
						1015.3,
						319.813,
						1.0,
						1073.309,
						338.065,
						1.0,
						996.621,
						344.437,
						0.15,
						1098.925,
						414.996,
						0.96,
						978.158,
						405.209,
						0.96,
						1162.894,
						329.606,
						1.0,
						932.294,
						316.33,
						1.0,
						1152.481,
						213.872,
						1.0,
						959.897,
						204.718,
						1.0,
						1070.865,
						637.662,
						0.84,
						987.272,
						635.684,
						0.86,
						1061.578,
						794.266,
						0.96,
						986.517,
						794.21,
						0.94,
						1052.941,
						947.187,
						1.0,
						985.37,
						946.866,
						0.96
					],
					"area": 55497.722,
					"b_score": 0.988,
					"object_id": 0
				}
			]
		},
		{
			"frame_num": 44,
			"objects": [
				{
					"category_id": 1,
					"bbox": [
						911.79,
						142.56,
						274.66,
						885.53
					],
					"score": 1.008,
					"keypoints": [
						1026.225,
						330.474,
						1.0,
						1043.834,
						319.912,
						1.0,
						1012.459,
						321.032,
						1.0,
						1072.899,
						339.256,
						1.0,
						997.353,
						346.587,
						0.12,
						1099.267,
						414.859,
						0.98,
						978.813,
						408.942,
						1.0,
						1163.537,
						330.554,
						1.0,
						932.874,
						319.482,
						1.0,
						1160.003,
						218.424,
						1.0,
						955.746,
						208.808,
						1.0,
						1071.41,
						636.997,
						0.9,
						988.073,
						635.832,
						0.92,
						1062.162,
						793.705,
						1.0,
						987.575,
						796.925,
						0.92,
						1053.404,
						948.472,
						1.0,
						982.537,
						948.553,
						1.0
					],
					"area": 54663.67,
					"b_score": 0.988,
					"object_id": 0
				}
			]
		},
		{
			"frame_num": 45,
			"objects": [
				{
					"category_id": 1,
					"bbox": [
						913.38,
						125.07,
						277.17,
						903.87
					],
					"score": 1.004,
					"keypoints": [
						1023.74,
						333.283,
						1.0,
						1041.629,
						319.098,
						1.0,
						1007.622,
						323.775,
						1.0,
						1070.393,
						341.919,
						1.0,
						998.547,
						349.957,
						0.08,
						1097.519,
						417.505,
						0.99,
						976.308,
						410.165,
						1.0,
						1159.108,
						329.132,
						1.0,
						933.393,
						318.774,
						1.0,
						1160.149,
						211.269,
						1.0,
						948.36,
						206.841,
						1.0,
						1069.391,
						637.486,
						0.9,
						985.509,
						636.724,
						0.97,
						1060.039,
						795.411,
						1.0,
						985.337,
						797.398,
						1.0,
						1050.223,
						948.698,
						1.0,
						976.035,
						948.763,
						1.0
					],
					"area": 56305.06,
					"b_score": 0.988,
					"object_id": 0
				}
			]
		},
		{
			"frame_num": 46,
			"objects": [
				{
					"category_id": 1,
					"bbox": [
						913.11,
						105.8,
						293.43,
						923.42
					],
					"score": 0.998,
					"keypoints": [
						1020.951,
						332.66,
						1.0,
						1039.534,
						320.424,
						1.0,
						1007.346,
						323.118,
						1.0,
						1071.726,
						341.75,
						1.0,
						998.037,
						350.375,
						0.06,
						1099.579,
						417.853,
						0.99,
						976.924,
						409.651,
						1.0,
						1159.707,
						325.787,
						1.0,
						935.62,
						315.576,
						1.0,
						1174.509,
						194.472,
						1.0,
						942.546,
						193.927,
						1.0,
						1071.351,
						638.321,
						0.9,
						982.864,
						637.762,
						0.9,
						1061.911,
						794.705,
						0.94,
						982.614,
						796.015,
						0.93,
						1047.469,
						948.05,
						1.0,
						977.211,
						948.029,
						1.0
					],
					"area": 60896.341,
					"b_score": 0.986,
					"object_id": 0
				}
			]
		},
		{
			"frame_num": 47,
			"objects": [
				{
					"category_id": 1,
					"bbox": [
						908.93,
						99.83,
						306.77,
						926.85
					],
					"score": 0.979,
					"keypoints": [
						1020.129,
						334.177,
						1.0,
						1039.036,
						318.967,
						1.0,
						1008.051,
						324.553,
						1.0,
						1073.631,
						343.232,
						1.0,
						995.13,
						352.495,
						0.05,
						1102.058,
						416.149,
						0.97,
						978.112,
						407.342,
						1.0,
						1157.591,
						321.357,
						1.0,
						937.98,
						311.208,
						1.0,
						1180.755,
						192.422,
						1.0,
						941.951,
						192.346,
						1.0,
						1073.668,
						637.265,
						0.91,
						985.513,
						636.992,
						0.97,
						1064.154,
						792.863,
						0.94,
						985.245,
						797.344,
						0.95,
						1047.67,
						946.12,
						1.0,
						978.843,
						946.268,
						1.0
					],
					"area": 63901.37,
					"b_score": 0.983,
					"object_id": 0
				}
			]
		},
		{
			"frame_num": 48,
			"objects": [
				{
					"category_id": 1,
					"bbox": [
						904.92,
						99.79,
						320.18,
						928.74
					],
					"score": 0.972,
					"keypoints": [
						1016.519,
						335.201,
						1.0,
						1035.823,
						322.09,
						1.0,
						1005.636,
						325.533,
						1.0,
						1072.306,
						344.404,
						1.0,
						990.138,
						354.012,
						0.04,
						1100.852,
						415.357,
						1.0,
						976.295,
						406.176,
						0.99,
						1157.34,
						319.37,
						1.0,
						936.667,
						314.326,
						1.0,
						1184.562,
						191.921,
						1.0,
						936.821,
						191.919,
						1.0,
						1072.143,
						637.046,
						0.92,
						984.537,
						636.889,
						0.98,
						1062.555,
						792.31,
						0.95,
						984.397,
						795.17,
						0.95,
						1043.457,
						946.214,
						1.0,
						975.441,
						946.279,
						1.0
					],
					"area": 66832.236,
					"b_score": 0.976,
					"object_id": 0
				}
			]
		},
		{
			"frame_num": 49,
			"objects": [
				{
					"category_id": 1,
					"bbox": [
						906.45,
						108.39,
						318.06,
						917.63
					],
					"score": 0.986,
					"keypoints": [
						1014.92,
						334.335,
						1.0,
						1034.22,
						322.599,
						1.0,
						1004.689,
						324.727,
						1.0,
						1071.589,
						343.77,
						1.0,
						987.603,
						353.267,
						0.04,
						1100.153,
						416.762,
						0.99,
						975.692,
						407.471,
						1.0,
						1156.944,
						325.388,
						1.0,
						936.584,
						318.426,
						1.0,
						1184.846,
						196.373,
						1.0,
						936.569,
						196.066,
						1.0,
						1071.42,
						637.751,
						0.92,
						984.428,
						637.596,
						0.92,
						1061.839,
						792.117,
						0.98,
						984.339,
						793.872,
						0.99,
						1047.454,
						945.404,
						1.0,
						974.988,
						945.483,
						1.0
					],
					"area": 65594.702,
					"b_score": 0.981,
					"object_id": 0
				}
			]
		},
		{
			"frame_num": 50,
			"objects": [
				{
					"category_id": 1,
					"bbox": [
						903.07,
						117.58,
						318.16,
						907.96
					],
					"score": 0.994,
					"keypoints": [
						1016.844,
						336.319,
						1.0,
						1035.903,
						321.963,
						1.0,
						1002.967,
						326.712,
						1.0,
						1073.332,
						342.338,
						1.0,
						989.062,
						355.58,
						0.04,
						1101.923,
						416.277,
						1.0,
						977.857,
						410.275,
						0.99,
						1162.484,
						330.505,
						1.0,
						932.02,
						322.95,
						1.0,
						1188.41,
						202.433,
						1.0,
						935.19,
						202.767,
						1.0,
						1073.424,
						639.401,
						0.92,
						987.096,
						635.868,
						0.95,
						1063.904,
						792.778,
						0.99,
						986.984,
						793.852,
						0.98,
						1047.713,
						945.258,
						1.0,
						978.54,
						945.301,
						1.0
					],
					"area": 64924.483,
					"b_score": 0.985,
					"object_id": 0
				}
			]
		},
		{
			"frame_num": 51,
			"objects": [
				{
					"category_id": 1,
					"bbox": [
						902.16,
						131.48,
						312.47,
						893.31
					],
					"score": 0.961,
					"keypoints": [
						1020.031,
						334.47,
						1.0,
						1035.604,
						322.067,
						1.0,
						1004.665,
						325.024,
						1.0,
						1072.983,
						341.785,
						1.0,
						992.127,
						353.486,
						0.03,
						1105.175,
						415.896,
						0.97,
						978.383,
						408.71,
						0.96,
						1173.06,
						334.601,
						1.0,
						932.313,
						326.084,
						1.0,
						1191.934,
						214.312,
						1.0,
						939.199,
						214.695,
						1.0,
						1077.07,
						639.126,
						0.89,
						987.697,
						633.172,
						0.89,
						1063.563,
						790.6,
						0.9,
						987.618,
						794.928,
						0.96,
						1051.206,
						945.493,
						1.0,
						984.798,
						945.504,
						1.0
					],
					"area": 62734.303,
					"b_score": 0.987,
					"object_id": 0
				}
			]
		},
		{
			"frame_num": 52,
			"objects": [
				{
					"category_id": 1,
					"bbox": [
						902.28,
						145.23,
						308.55,
						877.85
					],
					"score": 0.93,
					"keypoints": [
						1021.671,
						333.767,
						1.0,
						1034.845,
						318.895,
						1.0,
						1005.284,
						324.456,
						1.0,
						1072.045,
						341.802,
						1.0,
						993.984,
						344.655,
						0.02,
						1105.889,
						415.541,
						0.92,
						978.546,
						410.987,
						0.94,
						1176.58,
						337.7,
						1.0,
						928.759,
						328.725,
						1.0,
						1184.562,
						220.421,
						1.0,
						946.372,
						220.613,
						1.0,
						1078.117,
						637.345,
						0.84,
						987.808,
						633.677,
						0.86,
						1062.636,
						790.313,
						0.92,
						987.758,
						792.962,
						0.94,
						1051.658,
						945.416,
						1.0,
						986.807,
						945.424,
						0.99
					],
					"area": 60875.305,
					"b_score": 0.988,
					"object_id": 0
				}
			]
		},
		{
			"frame_num": 53,
			"objects": [
				{
					"category_id": 1,
					"bbox": [
						903.72,
						158.71,
						302.33,
						858.59
					],
					"score": 0.978,
					"keypoints": [
						1019.065,
						333.509,
						1.0,
						1033.905,
						320.887,
						1.0,
						1005.442,
						324.343,
						1.0,
						1070.661,
						341.892,
						1.0,
						991.784,
						339.222,
						0.02,
						1105.147,
						417.963,
						1.0,
						978.665,
						411.971,
						0.99,
						1180.761,
						349.145,
						1.0,
						922.812,
						334.857,
						1.0,
						1179.966,
						231.113,
						1.0,
						944.594,
						238.58,
						1.0,
						1077.742,
						637.287,
						0.89,
						987.809,
						634.991,
						0.94,
						1061.463,
						793.145,
						0.92,
						987.778,
						794.821,
						0.99,
						1050.973,
						948.04,
						1.0,
						982.536,
						943.075,
						1.0
					],
					"area": 58339.388,
					"b_score": 0.988,
					"object_id": 0
				}
			]
		},
		{
			"frame_num": 54,
			"objects": [
				{
					"category_id": 1,
					"bbox": [
						903.25,
						174.45,
						298.79,
						843.47
					],
					"score": 0.976,
					"keypoints": [
						1016.674,
						334.79,
						1.0,
						1032.564,
						320.324,
						1.0,
						1005.016,
						322.35,
						1.0,
						1072.026,
						343.248,
						1.0,
						993.121,
						338.172,
						0.02,
						1103.557,
						420.628,
						0.98,
						978.415,
						413.598,
						1.0,
						1180.4,
						351.969,
						1.0,
						923.922,
						340.274,
						1.0,
						1174.7,
						238.105,
						1.0,
						948.848,
						239.92,
						1.0,
						1076.462,
						636.686,
						0.86,
						987.411,
						635.258,
						0.92,
						1059.878,
						793.402,
						0.94,
						987.397,
						794.478,
						0.99,
						1049.579,
						950.357,
						1.0,
						980.047,
						943.161,
						1.0
					],
					"area": 56641.331,
					"b_score": 0.989,
					"object_id": 0
				}
			]
		},
		{
			"frame_num": 55,
			"objects": [
				{
					"category_id": 1,
					"bbox": [
						905.09,
						175.19,
						295.16,
						841.14
					],
					"score": 0.979,
					"keypoints": [
						1018.624,
						335.662,
						1.0,
						1035.157,
						320.108,
						1.0,
						1004.808,
						321.28,
						1.0,
						1072.943,
						344.269,
						1.0,
						994.08,
						337.758,
						0.02,
						1102.577,
						422.364,
						0.98,
						978.335,
						414.629,
						1.0,
						1180.059,
						353.443,
						1.0,
						924.666,
						343.194,
						1.0,
						1172.364,
						240.187,
						1.0,
						950.736,
						240.647,
						1.0,
						1075.716,
						636.105,
						0.87,
						987.239,
						635.233,
						0.92,
						1058.82,
						793.223,
						0.95,
						987.232,
						793.896,
						1.0,
						1048.896,
						950.502,
						1.0,
						979.007,
						942.422,
						1.0
					],
					"area": 55797.437,
					"b_score": 0.989,
					"object_id": 0
				}
			]
		},
		{
			"frame_num": 56,
			"objects": [
				{
					"category_id": 1,
					"bbox": [
						905.03,
						159.12,
						293.76,
						866.17
					],
					"score": 0.992,
					"keypoints": [
						1015.659,
						335.449,
						1.0,
						1032.819,
						322.147,
						1.0,
						1003.818,
						323.094,
						1.0,
						1070.132,
						344.2,
						1.0,
						993.782,
						343.547,
						0.02,
						1098.673,
						423.582,
						0.99,
						977.238,
						415.296,
						1.0,
						1177.171,
						353.275,
						1.0,
						923.062,
						343.635,
						1.0,
						1167.279,
						237.114,
						1.0,
						944.396,
						231.728,
						1.0,
						1072.02,
						638.11,
						0.9,
						986.182,
						637.642,
						0.9,
						1057.896,
						793.908,
						1.0,
						986.189,
						794.367,
						1.0,
						1048.086,
						949.468,
						1.0,
						976.772,
						945.769,
						1.0
					],
					"area": 57186.699,
					"b_score": 0.988,
					"object_id": 0
				}
			]
		},
		{
			"frame_num": 57,
			"objects": [
				{
					"category_id": 1,
					"bbox": [
						905.64,
						137.85,
						295.16,
						887.99
					],
					"score": 0.981,
					"keypoints": [
						1017.581,
						335.891,
						1.0,
						1035.167,
						320.706,
						1.0,
						1003.232,
						324.636,
						1.0,
						1068.948,
						344.861,
						1.0,
						993.535,
						340.742,
						0.02,
						1100.578,
						422.171,
						0.97,
						979.725,
						413.566,
						0.96,
						1173.789,
						349.891,
						1.0,
						925.242,
						336.945,
						1.0,
						1168.266,
						230.263,
						1.0,
						945.648,
						223.259,
						1.0,
						1073.559,
						639.507,
						0.9,
						985.361,
						635.895,
						0.9,
						1057.875,
						795.911,
						0.94,
						985.357,
						796.117,
						0.95,
						1048.353,
						948.316,
						1.0,
						980.485,
						946.572,
						1.0
					],
					"area": 58906.306,
					"b_score": 0.99,
					"object_id": 0
				}
			]
		},
		{
			"frame_num": 58,
			"objects": [
				{
					"category_id": 1,
					"bbox": [
						905.19,
						127.1,
						298.33,
						900.2
					],
					"score": 0.986,
					"keypoints": [
						1018.943,
						333.109,
						1.0,
						1037.015,
						320.192,
						1.0,
						1006.344,
						322.607,
						1.0,
						1068.743,
						342.42,
						1.0,
						993.491,
						343.215,
						0.03,
						1102.556,
						422.291,
						0.98,
						981.437,
						413.392,
						1.0,
						1172.927,
						345.211,
						1.0,
						926.237,
						333.966,
						1.0,
						1175.133,
						221.976,
						1.0,
						940.533,
						212.101,
						1.0,
						1075.172,
						639.03,
						0.89,
						984.884,
						636.679,
						0.91,
						1058.311,
						796.543,
						0.95,
						984.878,
						796.647,
						0.97,
						1049.028,
						947.943,
						1.0,
						982.482,
						947.145,
						1.0
					],
					"area": 60357.287,
					"b_score": 0.99,
					"object_id": 0
				}
			]
		},
		{
			"frame_num": 59,
			"objects": [
				{
					"category_id": 1,
					"bbox": [
						902.75,
						131.58,
						301.24,
						897.05
					],
					"score": 0.955,
					"keypoints": [
						1019.555,
						336.222,
						1.0,
						1037.891,
						321.233,
						1.0,
						1008.226,
						322.807,
						1.0,
						1071.551,
						342.206,
						1.0,
						996.91,
						346.167,
						0.04,
						1103.398,
						420.294,
						0.95,
						982.184,
						414.633,
						1.0,
						1171.914,
						343.951,
						1.0,
						929.964,
						333.448,
						1.0,
						1177.689,
						221.013,
						1.0,
						943.392,
						217.019,
						1.0,
						1075.773,
						639.689,
						0.89,
						987.812,
						638.234,
						0.9,
						1061.708,
						797.798,
						0.93,
						987.788,
						797.817,
						0.97,
						1048.859,
						948.601,
						1.0,
						982.937,
						948.326,
						1.0
					],
					"area": 60731.98,
					"b_score": 0.989,
					"object_id": 0
				}
			]
		},
		{
			"frame_num": 60,
			"objects": [
				{
					"category_id": 1,
					"bbox": [
						902.25,
						137.74,
						300.73,
						888.12
					],
					"score": 0.989,
					"keypoints": [
						1019.8,
						336.375,
						1.0,
						1038.21,
						323.529,
						1.0,
						1009.306,
						324.388,
						1.0,
						1073.131,
						343.498,
						1.0,
						995.262,
						346.069,
						0.04,
						1103.436,
						420.16,
						0.99,
						979.312,
						413.2,
						0.98,
						1170.659,
						344.694,
						1.0,
						925.407,
						334.632,
						1.0,
						1172.411,
						223.463,
						1.0,
						944.897,
						216.642,
						1.0,
						1075.764,
						637.098,
						0.85,
						986.222,
						636.285,
						0.95,
						1060.174,
						798.363,
						0.95,
						986.217,
						798.357,
						0.96,
						1048.402,
						947.885,
						1.0,
						983.101,
						947.722,
						1.0
					],
					"area": 60026.319,
					"b_score": 0.989,
					"object_id": 0
				}
			]
		},
		{
			"frame_num": 61,
			"objects": [
				{
					"category_id": 1,
					"bbox": [
						900.77,
						146.76,
						300.12,
						879.51
					],
					"score": 0.998,
					"keypoints": [
						1019.439,
						335.751,
						1.0,
						1037.8,
						324.246,
						1.0,
						1009.424,
						324.745,
						1.0,
						1073.36,
						343.579,
						1.0,
						997.334,
						341.561,
						0.03,
						1102.636,
						419.033,
						0.98,
						976.919,
						414.662,
						0.98,
						1172.078,
						348.156,
						1.0,
						922.215,
						338.429,
						1.0,
						1168.055,
						224.067,
						1.0,
						945.208,
						227.346,
						1.0,
						1075.022,
						637.025,
						0.85,
						984.72,
						636.498,
						0.93,
						1058.403,
						799.789,
						0.97,
						984.709,
						796.362,
						0.99,
						1047.228,
						948.15,
						1.0,
						982.571,
						948.096,
						1.0
					],
					"area": 59324.027,
					"b_score": 0.989,
					"object_id": 0
				}
			]
		}
	],
	"categories": [
		{
			"supercategory": "person",
			"id": 1,
			"name": "person",
			"keypoints": [
				"nose",
				"left_eye",
				"right_eye",
				"left_ear",
				"right_ear",
				"left_shoulder",
				"right_shoulder",
				"left_elbow",
				"right_elbow",
				"left_wrist",
				"right_wrist",
				"left_hip",
				"right_hip",
				"left_knee",
				"right_knee",
				"left_ankle",
				"right_ankle"
			],
			"skeleton": [
				[
					0,
					1
				],
				[
					0,
					2
				],
				[
					1,
					3
				],
				[
					2,
					4
				],
				[
					0,
					5
				],
				[
					0,
					6
				],
				[
					5,
					7
				],
				[
					6,
					8
				],
				[
					7,
					9
				],
				[
					8,
					10
				],
				[
					5,
					11
				],
				[
					6,
					12
				],
				[
					11,
					13
				],
				[
					12,
					14
				],
				[
					13,
					15
				],
				[
					14,
					16
				]
			]
		}
	]
}