{
	"info": {
		"description": "2D pose estimation outputs from Hawaii 2D Pose (based on MultiPoseNet)",
		"url": "",
		"version": "191128",
		"year": 2020,
		"contributor": "KakaoBrain-HumanCV",
		"date_created": "2020-01-15 18:50:11"
	},
	"video": {
		"path": "S008C001P034R002A022_rgb.avi",
		"width": 1920,
		"height": 1080,
		"original_length": 73,
		"fps": 30.0
	},
	"annotations": [
		{
			"frame_num": 0,
			"objects": [
				{
					"category_id": 1,
					"bbox": [
						1043.15,
						513.7,
						141.63,
						450.67
					],
					"score": 0.847,
					"keypoints": [
						1125.7,
						567.69,
						1.0,
						1130.4,
						558.3,
						1.0,
						1111.62,
						558.3,
						1.0,
						1116.32,
						558.3,
						0.01,
						1088.15,
						567.69,
						1.0,
						1139.79,
						614.63,
						0.9,
						1069.37,
						619.33,
						0.95,
						1153.87,
						675.66,
						0.96,
						1064.68,
						685.05,
						1.0,
						1167.96,
						732.0,
						0.94,
						1083.45,
						746.08,
						0.93,
						1130.4,
						755.47,
						0.77,
						1088.15,
						755.47,
						0.75,
						1130.4,
						825.89,
						0.89,
						1088.15,
						835.28,
						0.9,
						1130.4,
						901.0,
						1.0,
						1088.15,
						915.08,
						0.93
					],
					"area": 14345.196,
					"b_score": 0.951,
					"object_id": 0
				}
			]
		},
		{
			"frame_num": 1,
			"objects": [
				{
					"category_id": 1,
					"bbox": [
						1042.3,
						513.69,
						141.58,
						450.5
					],
					"score": 0.857,
					"keypoints": [
						1123.597,
						567.68,
						1.0,
						1128.293,
						558.29,
						1.0,
						1111.316,
						560.039,
						1.0,
						1116.013,
						562.032,
						0.01,
						1086.051,
						567.68,
						1.0,
						1139.479,
						616.361,
						0.94,
						1069.07,
						621.057,
						0.96,
						1153.559,
						675.636,
						0.98,
						1064.38,
						685.026,
						1.0,
						1167.489,
						731.949,
						0.96,
						1083.001,
						746.029,
						0.94,
						1130.093,
						755.436,
						0.78,
						1087.846,
						755.436,
						0.75,
						1130.093,
						825.845,
						0.9,
						1087.846,
						835.232,
						0.9,
						1129.94,
						900.918,
						1.0,
						1087.695,
						914.998,
						0.93
					],
					"area": 14334.876,
					"b_score": 0.952,
					"object_id": 0
				}
			]
		},
		{
			"frame_num": 2,
			"objects": [
				{
					"category_id": 1,
					"bbox": [
						1041.17,
						513.89,
						142.14,
						450.01
					],
					"score": 0.87,
					"keypoints": [
						1121.872,
						567.721,
						1.0,
						1126.565,
						558.335,
						1.0,
						1110.81,
						559.456,
						1.0,
						0.0,
						0.0,
						0.0,
						1084.345,
						567.721,
						1.0,
						1138.957,
						617.521,
						0.97,
						1068.584,
						620.447,
						0.98,
						1153.03,
						675.627,
						1.0,
						1063.894,
						685.014,
						1.0,
						1166.77,
						729.237,
						0.99,
						1082.342,
						745.973,
						0.95,
						1129.577,
						755.389,
						0.79,
						1085.507,
						755.389,
						0.75,
						1129.577,
						825.764,
						0.91,
						1087.351,
						835.148,
						0.93,
						1129.248,
						900.764,
						1.0,
						1087.034,
						914.833,
						0.94
					],
					"area": 14375.728,
					"b_score": 0.949,
					"object_id": 0
				}
			]
		},
		{
			"frame_num": 3,
			"objects": [
				{
					"category_id": 1,
					"bbox": [
						1039.63,
						514.21,
						143.1,
						449.57
					],
					"score": 0.897,
					"keypoints": [
						1120.354,
						567.842,
						1.0,
						1122.914,
						558.461,
						1.0,
						1110.085,
						559.189,
						1.0,
						0.0,
						0.0,
						0.0,
						1080.734,
						567.842,
						1.0,
						1138.213,
						618.333,
						0.94,
						1067.888,
						620.141,
						1.0,
						1152.277,
						675.68,
						1.0,
						1061.304,
						685.057,
						1.0,
						1162.928,
						730.684,
						1.0,
						1078.597,
						743.347,
						1.0,
						1126.934,
						755.389,
						0.79,
						1083.566,
						755.389,
						0.78,
						1128.837,
						825.721,
						0.91,
						1086.641,
						835.097,
						0.96,
						1128.323,
						900.663,
						1.0,
						1086.146,
						914.717,
						0.95
					],
					"area": 14458.627,
					"b_score": 0.951,
					"object_id": 0
				}
			]
		},
		{
			"frame_num": 4,
			"objects": [
				{
					"category_id": 1,
					"bbox": [
						1038.8,
						514.04,
						143.94,
						449.46
					],
					"score": 0.897,
					"keypoints": [
						1119.276,
						567.855,
						1.0,
						1120.594,
						558.482,
						1.0,
						1109.463,
						558.955,
						1.0,
						0.0,
						0.0,
						0.0,
						1078.437,
						567.855,
						1.0,
						1135.649,
						618.747,
						0.95,
						1067.29,
						619.877,
						1.0,
						1151.63,
						675.642,
						1.0,
						1059.498,
						685.013,
						1.0,
						1161.094,
						731.23,
						1.0,
						1076.8,
						742.048,
						1.0,
						1125.084,
						755.31,
						0.79,
						1082.216,
						755.31,
						0.78,
						1128.202,
						825.606,
						0.91,
						1086.033,
						834.976,
						0.96,
						1127.669,
						900.474,
						1.0,
						1085.52,
						914.52,
						0.97
					],
					"area": 14540.106,
					"b_score": 0.947,
					"object_id": 0
				}
			]
		},
		{
			"frame_num": 5,
			"objects": [
				{
					"category_id": 1,
					"bbox": [
						1038.28,
						513.94,
						143.12,
						449.27
					],
					"score": 0.907,
					"keypoints": [
						1118.247,
						567.822,
						1.0,
						1118.874,
						558.453,
						1.0,
						1108.709,
						558.764,
						1.0,
						0.0,
						0.0,
						0.0,
						1076.737,
						567.822,
						1.0,
						1133.641,
						618.941,
						0.97,
						1066.559,
						619.658,
						1.0,
						1150.852,
						675.558,
						1.0,
						1058.021,
						684.926,
						1.0,
						1159.787,
						731.4,
						1.0,
						1075.537,
						743.935,
						1.0,
						1123.574,
						755.188,
						0.8,
						1081.024,
						755.188,
						0.8,
						1127.436,
						825.449,
						0.92,
						1085.292,
						834.816,
						0.96,
						1123.936,
						900.246,
						1.0,
						1084.718,
						914.289,
						0.99
					],
					"area": 14450.803,
					"b_score": 0.944,
					"object_id": 0
				}
			]
		},
		{
			"frame_num": 6,
			"objects": [
				{
					"category_id": 1,
					"bbox": [
						1037.95,
						514.1,
						141.21,
						448.03
					],
					"score": 0.861,
					"keypoints": [
						1119.054,
						567.804,
						1.0,
						1119.473,
						558.445,
						1.0,
						1109.508,
						558.649,
						1.0,
						0.0,
						0.0,
						0.0,
						1077.391,
						567.804,
						1.0,
						1135.674,
						617.306,
						0.91,
						1065.637,
						619.463,
						1.0,
						1149.809,
						675.402,
						0.96,
						1058.648,
						684.756,
						1.0,
						1163.536,
						728.601,
						0.91,
						1077.071,
						744.538,
						1.0,
						1125.891,
						754.928,
						0.75,
						1081.785,
						754.928,
						0.73,
						1128.215,
						825.093,
						0.84,
						1086.12,
						834.45,
						0.95,
						1124.49,
						899.647,
						0.94,
						1086.201,
						913.666,
						0.97
					],
					"area": 14218.814,
					"b_score": 0.943,
					"object_id": 0
				}
			]
		},
		{
			"frame_num": 7,
			"objects": [
				{
					"category_id": 1,
					"bbox": [
						1038.04,
						513.92,
						139.44,
						447.47
					],
					"score": 0.839,
					"keypoints": [
						1119.197,
						567.706,
						1.0,
						1119.446,
						558.361,
						1.0,
						1109.718,
						558.493,
						1.0,
						0.0,
						0.0,
						0.0,
						1077.421,
						567.706,
						1.0,
						1134.773,
						617.859,
						0.93,
						1064.774,
						619.23,
						1.0,
						1148.826,
						676.856,
						0.94,
						1058.717,
						684.507,
						1.0,
						1164.851,
						729.7,
						0.9,
						1074.49,
						744.595,
						0.96,
						1126.933,
						756.257,
						0.74,
						1083.665,
						756.257,
						0.73,
						1130.047,
						824.657,
						0.81,
						1086.358,
						835.658,
						0.9,
						1121.341,
						898.999,
						0.94,
						1086.498,
						918.383,
						0.93
					],
					"area": 14023.165,
					"b_score": 0.939,
					"object_id": 0
				}
			]
		},
		{
			"frame_num": 8,
			"objects": [
				{
					"category_id": 1,
					"bbox": [
						1038.2,
						513.72,
						139.04,
						448.1
					],
					"score": 0.845,
					"keypoints": [
						1119.269,
						567.6,
						1.0,
						1119.417,
						558.257,
						1.0,
						1108.045,
						558.341,
						1.0,
						0.0,
						0.0,
						0.0,
						1077.399,
						567.6,
						1.0,
						1134.221,
						618.188,
						0.94,
						1064.209,
						619.056,
						1.0,
						1148.241,
						677.824,
						0.94,
						1058.71,
						686.047,
						1.0,
						1165.504,
						730.253,
						0.9,
						1070.348,
						744.685,
						0.94,
						1127.566,
						757.193,
						0.75,
						1084.747,
						757.193,
						0.75,
						1129.59,
						826.114,
						0.84,
						1086.483,
						836.567,
						0.91,
						1117.012,
						898.896,
						0.96,
						1086.607,
						920.666,
						0.91
					],
					"area": 14002.273,
					"b_score": 0.941,
					"object_id": 0
				}
			]
		},
		{
			"frame_num": 9,
			"objects": [
				{
					"category_id": 1,
					"bbox": [
						1038.11,
						513.85,
						139.81,
						447.32
					],
					"score": 0.85,
					"keypoints": [
						1119.421,
						567.541,
						1.0,
						1119.52,
						558.206,
						1.0,
						1107.11,
						558.26,
						1.0,
						0.0,
						0.0,
						0.0,
						1077.534,
						567.541,
						1.0,
						1133.99,
						618.376,
						0.92,
						1064.025,
						618.926,
						1.0,
						1149.773,
						678.374,
						0.93,
						1058.859,
						685.309,
						1.0,
						1165.916,
						730.39,
						0.89,
						1069.109,
						744.585,
						0.97,
						1128.053,
						757.675,
						0.76,
						1085.544,
						757.675,
						0.79,
						1129.378,
						826.939,
						0.87,
						1086.679,
						836.985,
						0.93,
						1112.488,
						898.55,
						0.98,
						1086.831,
						921.203,
						0.9
					],
					"area": 14055.707,
					"b_score": 0.944,
					"object_id": 0
				}
			]
		},
		{
			"frame_num": 10,
			"objects": [
				{
					"category_id": 1,
					"bbox": [
						1037.53,
						514.4,
						140.85,
						445.89
					],
					"score": 0.788,
					"keypoints": [
						1119.474,
						567.634,
						1.0,
						1121.349,
						558.314,
						0.97,
						1108.288,
						558.351,
						0.97,
						0.0,
						0.0,
						0.0,
						1079.42,
						567.634,
						1.0,
						1135.521,
						618.572,
						0.88,
						1065.669,
						618.917,
						0.89,
						1150.609,
						678.726,
						0.9,
						1058.983,
						684.827,
						0.91,
						1165.967,
						730.385,
						0.9,
						1068.709,
						744.443,
						0.86,
						1126.639,
						757.892,
						0.72,
						1086.081,
						756.25,
						0.7,
						1129.193,
						827.301,
						0.82,
						1088.519,
						837.068,
						0.85,
						1110.999,
						898.022,
						0.92,
						1086.945,
						920.973,
						0.81
					],
					"area": 14114.997,
					"b_score": 0.947,
					"object_id": 0
				}
			]
		},
		{
			"frame_num": 11,
			"objects": [
				{
					"category_id": 1,
					"bbox": [
						1038.4,
						514.7,
						141.08,
						445.64
					],
					"score": 0.832,
					"keypoints": [
						1119.873,
						566.084,
						1.0,
						1121.033,
						556.779,
						1.0,
						1107.655,
						556.785,
						1.0,
						0.0,
						0.0,
						0.0,
						1079.169,
						566.084,
						1.0,
						1136.757,
						617.165,
						0.91,
						1065.36,
						617.243,
						0.99,
						1151.449,
						677.342,
						0.92,
						1057.612,
						682.799,
						0.97,
						1166.515,
						727.867,
						0.97,
						1066.231,
						744.467,
						0.9,
						1126.097,
						756.451,
						0.74,
						1085.15,
						755.372,
						0.73,
						1127.696,
						827.576,
						0.82,
						1088.349,
						835.553,
						0.86,
						1108.028,
						897.834,
						0.98,
						1085.008,
						920.926,
						0.92
					],
					"area": 14130.099,
					"b_score": 0.948,
					"object_id": 0
				}
			]
		},
		{
			"frame_num": 12,
			"objects": [
				{
					"category_id": 1,
					"bbox": [
						1038.82,
						514.94,
						140.67,
						445.85
					],
					"score": 0.826,
					"keypoints": [
						1120.202,
						565.173,
						1.0,
						1120.931,
						555.876,
						1.0,
						1107.34,
						555.872,
						1.0,
						0.0,
						0.0,
						0.0,
						1079.092,
						565.173,
						1.0,
						1137.685,
						616.319,
						0.92,
						1065.241,
						616.285,
						0.99,
						1153.916,
						676.591,
						0.93,
						1058.668,
						681.621,
						0.95,
						1166.897,
						726.941,
						0.96,
						1065.478,
						744.654,
						0.9,
						1125.839,
						755.624,
						0.75,
						1086.266,
						753.084,
						0.73,
						1124.86,
						826.264,
						0.83,
						1088.317,
						834.656,
						0.87,
						1107.231,
						897.972,
						0.96,
						1084.229,
						921.143,
						0.91
					],
					"area": 14095.708,
					"b_score": 0.945,
					"object_id": 0
				}
			]
		},
		{
			"frame_num": 13,
			"objects": [
				{
					"category_id": 1,
					"bbox": [
						1040.66,
						515.22,
						139.76,
						445.22
					],
					"score": 0.794,
					"keypoints": [
						1120.881,
						564.686,
						1.0,
						1121.383,
						555.401,
						0.99,
						1107.668,
						555.394,
						0.99,
						0.0,
						0.0,
						0.0,
						1079.576,
						564.686,
						1.0,
						1138.81,
						615.814,
						0.87,
						1065.689,
						615.751,
						0.97,
						1154.177,
						676.107,
						0.86,
						1058.102,
						680.918,
						0.95,
						1167.801,
						726.536,
						0.89,
						1063.139,
						742.122,
						0.88,
						1124.379,
						755.058,
						0.71,
						1087.551,
						751.604,
						0.73,
						1123.719,
						825.32,
						0.79,
						1088.813,
						832.12,
						0.86,
						1104.786,
						897.896,
						0.9,
						1084.662,
						921.075,
						0.88
					],
					"area": 13984.728,
					"b_score": 0.942,
					"object_id": 0
				}
			]
		},
		{
			"frame_num": 14,
			"objects": [
				{
					"category_id": 1,
					"bbox": [
						1041.44,
						515.17,
						139.17,
						444.01
					],
					"score": 0.813,
					"keypoints": [
						1121.473,
						564.32,
						1.0,
						1121.826,
						555.049,
						1.0,
						1108.047,
						555.042,
						1.0,
						0.0,
						0.0,
						0.0,
						1080.077,
						564.32,
						1.0,
						1139.69,
						613.512,
						0.89,
						1066.181,
						615.3,
						0.97,
						1156.386,
						675.614,
						0.94,
						1059.652,
						682.077,
						0.97,
						1171.242,
						726.013,
						0.9,
						1065.481,
						740.593,
						0.92,
						1125.439,
						754.433,
						0.72,
						1088.587,
						750.419,
						0.73,
						1121.186,
						824.358,
						0.83,
						1089.334,
						830.139,
						0.89,
						1107.225,
						899.752,
						0.92,
						1085.149,
						920.429,
						0.9
					],
					"area": 13888.012,
					"b_score": 0.939,
					"object_id": 0
				}
			]
		},
		{
			"frame_num": 15,
			"objects": [
				{
					"category_id": 1,
					"bbox": [
						1042.29,
						514.98,
						138.82,
						443.43
					],
					"score": 0.78,
					"keypoints": [
						1122.109,
						563.994,
						0.99,
						1122.333,
						554.736,
						0.96,
						1108.522,
						554.73,
						0.99,
						1118.781,
						559.32,
						0.01,
						1080.638,
						563.994,
						1.0,
						1140.492,
						611.932,
						0.86,
						1066.75,
						614.899,
						0.95,
						1157.996,
						673.297,
						0.86,
						1060.912,
						682.626,
						0.96,
						1170.203,
						725.521,
						0.86,
						1066.784,
						739.666,
						0.9,
						1124.6,
						753.84,
						0.69,
						1089.517,
						749.506,
						0.7,
						1117.853,
						823.513,
						0.79,
						1089.936,
						828.698,
						0.86,
						1108.496,
						900.249,
						0.87,
						1085.742,
						917.117,
						0.88
					],
					"area": 13834.575,
					"b_score": 0.937,
					"object_id": 0
				}
			]
		},
		{
			"frame_num": 16,
			"objects": [
				{
					"category_id": 1,
					"bbox": [
						1043.14,
						514.97,
						139.09,
						442.8
					],
					"score": 0.837,
					"keypoints": [
						1121.242,
						563.764,
						1.0,
						1122.983,
						554.521,
						1.0,
						1109.166,
						554.516,
						1.0,
						1117.433,
						557.411,
						0.01,
						1081.365,
						563.764,
						1.0,
						1139.58,
						610.929,
						0.96,
						1067.513,
						614.598,
						0.99,
						1157.39,
						671.739,
						0.99,
						1062.165,
						681.118,
						0.98,
						1170.287,
						725.134,
						0.99,
						1067.88,
						739.09,
						0.95,
						1122.57,
						753.336,
						0.71,
						1088.679,
						748.831,
						0.73,
						1116.52,
						822.807,
						0.86,
						1090.708,
						827.67,
						0.9,
						1106.858,
						900.18,
						0.95,
						1084.088,
						915.263,
						0.92
					],
					"area": 13842.25,
					"b_score": 0.936,
					"object_id": 0
				}
			]
		},
		{
			"frame_num": 17,
			"objects": [
				{
					"category_id": 1,
					"bbox": [
						1043.39,
						515.02,
						139.68,
						442.84
					],
					"score": 0.838,
					"keypoints": [
						1120.856,
						563.643,
						1.0,
						1123.614,
						554.409,
						1.0,
						1109.792,
						554.406,
						1.0,
						1116.778,
						556.179,
						0.01,
						1082.043,
						563.643,
						1.0,
						1139.221,
						610.364,
						0.97,
						1068.211,
						614.438,
						0.99,
						1157.254,
						670.831,
						0.99,
						1061.451,
						680.19,
						0.99,
						1170.628,
						725.003,
						0.99,
						1071.387,
						738.888,
						0.92,
						1121.568,
						753.047,
						0.72,
						1088.37,
						748.471,
						0.72,
						1113.826,
						822.401,
						0.87,
						1091.401,
						827.118,
						0.9,
						1106.533,
						900.185,
						0.96,
						1083.622,
						914.54,
						0.91
					],
					"area": 13901.48,
					"b_score": 0.935,
					"object_id": 0
				}
			]
		},
		{
			"frame_num": 18,
			"objects": [
				{
					"category_id": 1,
					"bbox": [
						1041.6,
						515.26,
						141.95,
						442.26
					],
					"score": 0.874,
					"keypoints": [
						1120.359,
						563.638,
						1.0,
						1122.131,
						554.413,
						1.0,
						1109.963,
						554.411,
						1.0,
						0.0,
						0.0,
						0.0,
						1082.257,
						563.638,
						1.0,
						1138.753,
						610.088,
						0.97,
						1068.433,
						614.388,
						1.0,
						1156.897,
						670.316,
						1.0,
						1060.806,
						679.636,
						1.0,
						1170.37,
						724.929,
						1.0,
						1072.57,
						738.776,
						1.0,
						1120.694,
						752.842,
						0.72,
						1086.347,
						748.238,
						0.74,
						1112.101,
						822.096,
						0.93,
						1089.883,
						826.738,
						0.96,
						1103.1,
						900.057,
						1.0,
						1077.136,
						911.188,
						0.97
					],
					"area": 14109.563,
					"b_score": 0.935,
					"object_id": 0
				}
			]
		},
		{
			"frame_num": 19,
			"objects": [
				{
					"category_id": 1,
					"bbox": [
						1039.88,
						515.32,
						143.68,
						442.59
					],
					"score": 0.883,
					"keypoints": [
						1119.72,
						563.669,
						1.0,
						1122.52,
						554.446,
						1.0,
						1109.768,
						554.445,
						1.0,
						0.0,
						0.0,
						0.0,
						1082.075,
						563.669,
						1.0,
						1138.173,
						609.982,
						0.99,
						1068.246,
						614.408,
						1.0,
						1156.376,
						670.087,
						1.0,
						1060.06,
						679.376,
						1.0,
						1169.826,
						725.012,
						1.0,
						1072.547,
						738.851,
						1.0,
						1119.821,
						752.807,
						0.72,
						1084.604,
						748.194,
						0.73,
						1110.796,
						822.02,
						0.95,
						1088.663,
						826.642,
						0.97,
						1101.256,
						900.169,
						1.0,
						1074.132,
						910.134,
						0.99
					],
					"area": 14291.571,
					"b_score": 0.93,
					"object_id": 0
				}
			]
		},
		{
			"frame_num": 20,
			"objects": [
				{
					"category_id": 1,
					"bbox": [
						1036.59,
						515.74,
						145.8,
						439.42
					],
					"score": 0.814,
					"keypoints": [
						1120.156,
						563.718,
						1.0,
						1121.948,
						554.522,
						1.0,
						1108.867,
						554.522,
						1.0,
						1112.946,
						555.58,
						0.01,
						1081.266,
						563.718,
						1.0,
						1138.548,
						609.814,
						0.91,
						1067.461,
						614.309,
						0.97,
						1155.167,
						667.662,
						0.97,
						1058.863,
						678.919,
						0.96,
						1168.162,
						721.679,
						0.99,
						1077.042,
						738.226,
						0.96,
						1118.318,
						750.39,
						0.68,
						1082.64,
						747.658,
						0.68,
						1111.259,
						821.274,
						0.86,
						1088.741,
						825.82,
						0.88,
						1099.194,
						898.997,
						0.92,
						1071.795,
						908.225,
						0.89
					],
					"area": 14398.803,
					"b_score": 0.933,
					"object_id": 0
				}
			]
		},
		{
			"frame_num": 21,
			"objects": [
				{
					"category_id": 1,
					"bbox": [
						1035.42,
						515.85,
						146.71,
						441.33
					],
					"score": 0.83,
					"keypoints": [
						1120.197,
						563.866,
						1.0,
						1121.33,
						554.672,
						1.0,
						1107.997,
						554.672,
						1.0,
						1110.176,
						555.326,
						0.01,
						1080.416,
						563.866,
						1.0,
						1136.911,
						609.929,
						0.92,
						1066.63,
						614.453,
						0.98,
						1154.214,
						666.609,
						1.0,
						1057.72,
						678.97,
						0.98,
						1167.109,
						717.977,
						1.0,
						1078.203,
						735.846,
						0.99,
						1117.161,
						749.401,
						0.7,
						1081.079,
						745.847,
						0.69,
						1111.176,
						819.496,
						0.86,
						1086.768,
						825.962,
						0.87,
						1097.979,
						896.793,
						0.93,
						1070.426,
						911.21,
						0.9
					],
					"area": 14552.272,
					"b_score": 0.934,
					"object_id": 0
				}
			]
		},
		{
			"frame_num": 22,
			"objects": [
				{
					"category_id": 1,
					"bbox": [
						1035.04,
						515.68,
						150.09,
						442.29
					],
					"score": 0.866,
					"keypoints": [
						1118.996,
						563.933,
						1.0,
						1121.428,
						554.733,
						1.0,
						1107.918,
						554.733,
						1.0,
						1106.993,
						555.136,
						0.01,
						1080.317,
						563.933,
						1.0,
						1136.357,
						610.004,
						0.98,
						1066.52,
						614.556,
						1.0,
						1154.086,
						666.086,
						1.0,
						1055.568,
						677.182,
						1.0,
						1167.411,
						716.786,
						1.0,
						1079.413,
						735.059,
						1.0,
						1117.092,
						748.961,
						0.71,
						1078.646,
						746.861,
						0.73,
						1111.718,
						818.641,
						0.9,
						1084.051,
						826.246,
						0.92,
						1098.343,
						896.21,
						0.98,
						1070.738,
						912.77,
						0.95
					],
					"area": 14919.131,
					"b_score": 0.936,
					"object_id": 0
				}
			]
		},
		{
			"frame_num": 23,
			"objects": [
				{
					"category_id": 1,
					"bbox": [
						1033.8,
						515.99,
						154.19,
						442.32
					],
					"score": 0.864,
					"keypoints": [
						1118.546,
						564.091,
						1.0,
						1121.778,
						554.883,
						1.0,
						1106.401,
						554.884,
						1.0,
						1105.61,
						555.142,
						0.01,
						1080.541,
						564.091,
						1.0,
						1136.314,
						610.173,
						0.97,
						1065.011,
						614.738,
						1.0,
						1154.289,
						665.933,
						1.0,
						1054.621,
						676.25,
						1.0,
						1170.583,
						713.546,
						1.0,
						1083.427,
						732.056,
						1.0,
						1117.394,
						750.621,
						0.71,
						1077.628,
						747.569,
						0.74,
						1110.303,
						820.109,
						0.89,
						1080.64,
						826.542,
						0.9,
						1098.957,
						896.154,
						0.97,
						1068.414,
						913.7,
						0.94
					],
					"area": 15328.257,
					"b_score": 0.938,
					"object_id": 0
				}
			]
		},
		{
			"frame_num": 24,
			"objects": [
				{
					"category_id": 1,
					"bbox": [
						1031.14,
						516.06,
						161.65,
						441.24
					],
					"score": 0.905,
					"keypoints": [
						1118.663,
						564.173,
						1.0,
						1120.69,
						554.968,
						1.0,
						1105.883,
						554.968,
						1.0,
						1103.184,
						555.133,
						0.01,
						1079.407,
						564.173,
						1.0,
						1134.89,
						610.214,
						1.0,
						1064.511,
						614.789,
						1.0,
						1153.092,
						661.403,
						1.0,
						1052.574,
						675.57,
						1.0,
						1169.958,
						702.048,
						1.0,
						1085.567,
						720.685,
						1.0,
						1116.047,
						749.653,
						0.76,
						1077.568,
						747.8,
						0.76,
						1110.016,
						818.899,
						0.97,
						1079.226,
						826.446,
						0.96,
						1099.813,
						895.644,
						1.0,
						1068.343,
						913.663,
						1.0
					],
					"area": 16030.551,
					"b_score": 0.941,
					"object_id": 0
				}
			]
		},
		{
			"frame_num": 25,
			"objects": [
				{
					"category_id": 1,
					"bbox": [
						1028.26,
						515.46,
						167.92,
						442.06
					],
					"score": 0.791,
					"keypoints": [
						1118.836,
						564.043,
						0.98,
						1120.098,
						554.836,
						1.0,
						1105.661,
						554.836,
						0.97,
						1106.09,
						554.93,
						0.01,
						1080.421,
						564.043,
						1.0,
						1134.119,
						610.079,
						0.89,
						1064.266,
						614.673,
						0.92,
						1150.552,
						658.763,
						0.87,
						1051.47,
						670.74,
						0.96,
						1172.523,
						687.814,
						0.98,
						1089.582,
						706.415,
						0.93,
						1115.391,
						748.992,
						0.68,
						1077.616,
						747.876,
						0.66,
						1109.974,
						819.964,
						0.84,
						1078.534,
						826.385,
						0.85,
						1100.304,
						897.885,
						0.89,
						1071.026,
						913.724,
						0.87
					],
					"area": 16683.08,
					"b_score": 0.941,
					"object_id": 0
				}
			]
		},
		{
			"frame_num": 26,
			"objects": [
				{
					"category_id": 1,
					"bbox": [
						1026.42,
						515.19,
						173.89,
						442.43
					],
					"score": 0.868,
					"keypoints": [
						1117.617,
						562.079,
						1.0,
						1120.166,
						554.665,
						1.0,
						1105.96,
						554.665,
						1.0,
						1106.242,
						554.713,
						0.01,
						1079.836,
						563.876,
						1.0,
						1132.201,
						608.044,
						0.98,
						1064.53,
						612.715,
						1.0,
						1147.421,
						652.446,
						0.88,
						1049.232,
						667.985,
						1.0,
						1174.352,
						669.382,
						1.0,
						1094.932,
						687.929,
						0.98,
						1115.508,
						746.586,
						0.72,
						1078.105,
						746.048,
						0.75,
						1110.436,
						818.815,
						0.91,
						1076.541,
						826.341,
						0.92,
						1101.107,
						896.553,
						0.94,
						1070.198,
						913.785,
						0.96
					],
					"area": 17291.199,
					"b_score": 0.954,
					"object_id": 0
				}
			]
		},
		{
			"frame_num": 27,
			"objects": [
				{
					"category_id": 1,
					"bbox": [
						1026.78,
						514.56,
						175.22,
						442.52
					],
					"score": 0.881,
					"keypoints": [
						1117.258,
						564.003,
						1.0,
						1118.804,
						555.964,
						1.0,
						1104.739,
						555.961,
						1.0,
						1106.744,
						557.681,
						0.01,
						1079.826,
						565.176,
						1.0,
						1131.499,
						610.116,
						0.99,
						1065.056,
						613.08,
						1.0,
						1149.838,
						653.783,
						0.88,
						1048.466,
						663.874,
						1.0,
						1178.755,
						653.868,
						0.96,
						1100.619,
						668.406,
						0.97,
						1115.991,
						746.902,
						0.78,
						1078.784,
						746.554,
						0.79,
						1111.111,
						819.679,
						0.91,
						1075.93,
						827.772,
						0.9,
						1102.026,
						895.614,
						0.96,
						1070.417,
						913.531,
						0.98
					],
					"area": 17426.126,
					"b_score": 0.964,
					"object_id": 0
				}
			]
		},
		{
			"frame_num": 28,
			"objects": [
				{
					"category_id": 1,
					"bbox": [
						1028.7,
						516.18,
						171.04,
						441.9
					],
					"score": 0.909,
					"keypoints": [
						1115.061,
						562.47,
						1.0,
						1117.894,
						555.737,
						1.0,
						1103.931,
						555.735,
						1.0,
						1108.685,
						558.509,
						0.01,
						1078.003,
						563.234,
						1.0,
						1128.962,
						608.487,
						1.0,
						1063.612,
						610.103,
						1.0,
						1151.134,
						650.529,
						0.98,
						1048.024,
						660.116,
						1.0,
						1177.313,
						632.858,
						0.97,
						1102.101,
						642.59,
						1.0,
						1114.265,
						743.583,
						0.78,
						1079.14,
						745.551,
						0.77,
						1111.435,
						818.91,
						0.95,
						1075.556,
						827.451,
						0.94,
						1102.394,
						895.79,
						0.98,
						1070.457,
						913.96,
						1.0
					],
					"area": 16987.254,
					"b_score": 0.96,
					"object_id": 0
				}
			]
		},
		{
			"frame_num": 29,
			"objects": [
				{
					"category_id": 1,
					"bbox": [
						1030.43,
						516.59,
						164.5,
						441.5
					],
					"score": 0.903,
					"keypoints": [
						1113.051,
						563.331,
						1.0,
						1116.697,
						555.717,
						1.0,
						1102.803,
						555.716,
						1.0,
						0.0,
						0.0,
						0.0,
						1074.134,
						562.1,
						1.0,
						1126.791,
						607.604,
						1.0,
						1062.08,
						608.456,
						1.0,
						1154.877,
						644.043,
						1.0,
						1049.122,
						653.33,
						1.0,
						1181.592,
						614.087,
						0.93,
						1101.476,
						619.098,
						0.93,
						1112.571,
						743.867,
						0.77,
						1076.841,
						745.025,
						0.79,
						1111.012,
						820.181,
						0.9,
						1074.67,
						827.294,
						0.94,
						1101.772,
						895.902,
						0.96,
						1069.635,
						914.192,
						1.0
					],
					"area": 16323.044,
					"b_score": 0.965,
					"object_id": 0
				}
			]
		},
		{
			"frame_num": 30,
			"objects": [
				{
					"category_id": 1,
					"bbox": [
						1031.78,
						516.29,
						160.47,
						441.77
					],
					"score": 0.943,
					"keypoints": [
						1111.591,
						563.776,
						1.0,
						1115.705,
						555.611,
						1.0,
						1101.848,
						555.611,
						1.0,
						1112.551,
						560.97,
						0.01,
						1073.605,
						561.281,
						1.0,
						1125.287,
						606.971,
						1.0,
						1060.853,
						607.402,
						1.0,
						1161.502,
						635.488,
						1.0,
						1049.446,
						644.64,
						1.0,
						1179.872,
						595.259,
						1.0,
						1095.594,
						607.834,
						1.0,
						1111.31,
						743.958,
						0.79,
						1075.154,
						744.646,
						0.81,
						1110.491,
						820.92,
						0.95,
						1073.873,
						827.154,
						0.96,
						1101.107,
						895.922,
						1.0,
						1068.878,
						914.27,
						1.0
					],
					"area": 15932.678,
					"b_score": 0.97,
					"object_id": 0
				}
			]
		},
		{
			"frame_num": 31,
			"objects": [
				{
					"category_id": 1,
					"bbox": [
						1031.78,
						515.79,
						161.39,
						442.45
					],
					"score": 0.916,
					"keypoints": [
						1110.969,
						563.916,
						1.0,
						1113.28,
						555.385,
						1.0,
						1101.476,
						555.385,
						1.0,
						1115.369,
						562.302,
						0.01,
						1071.419,
						560.602,
						1.0,
						1122.481,
						606.442,
						1.0,
						1058.241,
						606.644,
						0.99,
						1165.625,
						625.923,
						1.0,
						1051.51,
						637.939,
						1.0,
						1179.537,
						580.392,
						1.0,
						1087.773,
						598.076,
						0.93,
						1110.809,
						743.946,
						0.8,
						1074.357,
						744.36,
						0.82,
						1110.363,
						821.395,
						0.92,
						1073.618,
						827.058,
						0.96,
						1098.359,
						895.974,
						0.98,
						1068.773,
						914.37,
						1.0
					],
					"area": 16048.86,
					"b_score": 0.969,
					"object_id": 0
				}
			]
		},
		{
			"frame_num": 32,
			"objects": [
				{
					"category_id": 1,
					"bbox": [
						1032.29,
						516.36,
						161.05,
						441.94
					],
					"score": 0.926,
					"keypoints": [
						1110.771,
						564.188,
						1.0,
						1112.051,
						555.422,
						1.0,
						1099.41,
						555.421,
						1.0,
						1117.232,
						563.312,
						0.01,
						1070.373,
						560.4,
						1.0,
						1123.323,
						606.317,
						1.0,
						1056.927,
						608.307,
						0.91,
						1167.934,
						619.478,
						1.0,
						1054.526,
						626.789,
						0.97,
						1179.55,
						570.897,
						1.0,
						1081.521,
						585.27,
						0.88,
						1110.68,
						745.831,
						0.85,
						1074.068,
						746.016,
						0.88,
						1110.421,
						821.784,
						0.94,
						1073.645,
						827.073,
						0.96,
						1097.392,
						896.066,
						0.99,
						1068.941,
						914.47,
						1.0
					],
					"area": 15995.673,
					"b_score": 0.971,
					"object_id": 0
				}
			]
		},
		{
			"frame_num": 33,
			"objects": [
				{
					"category_id": 1,
					"bbox": [
						1032.82,
						515.32,
						159.29,
						442.75
					],
					"score": 0.935,
					"keypoints": [
						1108.426,
						564.034,
						1.0,
						1111.211,
						555.105,
						1.0,
						1098.055,
						555.104,
						1.0,
						1118.164,
						563.49,
						0.01,
						1069.603,
						559.895,
						1.0,
						1121.491,
						605.889,
						1.0,
						1055.991,
						608.918,
						0.9,
						1168.998,
						613.561,
						1.0,
						1056.428,
						622.009,
						0.98,
						1177.067,
						564.843,
						1.0,
						1075.829,
						574.792,
						0.95,
						1110.457,
						746.709,
						0.87,
						1073.73,
						746.796,
						0.9,
						1110.319,
						821.865,
						0.95,
						1071.39,
						826.909,
						0.96,
						1099.285,
						895.927,
						1.0,
						1068.782,
						914.355,
						1.0
					],
					"area": 15849.831,
					"b_score": 0.973,
					"object_id": 0
				}
			]
		},
		{
			"frame_num": 34,
			"objects": [
				{
					"category_id": 1,
					"bbox": [
						1032.69,
						515.13,
						157.55,
						443.1
					],
					"score": 0.901,
					"keypoints": [
						1108.747,
						563.88,
						1.0,
						1112.295,
						554.84,
						1.0,
						1098.848,
						554.839,
						1.0,
						1118.26,
						561.745,
						0.01,
						1072.518,
						559.527,
						0.86,
						1122.169,
						605.585,
						1.0,
						1055.0,
						610.861,
						0.89,
						1171.363,
						611.242,
						1.0,
						1059.181,
						617.25,
						0.88,
						1172.336,
						559.943,
						1.0,
						1073.349,
						565.301,
						0.9,
						1109.903,
						747.243,
						0.82,
						1073.094,
						747.282,
						0.85,
						1109.863,
						821.934,
						0.95,
						1071.759,
						826.826,
						0.96,
						1099.622,
						895.918,
						0.99,
						1068.139,
						914.363,
						1.0
					],
					"area": 15689.309,
					"b_score": 0.974,
					"object_id": 0
				}
			]
		},
		{
			"frame_num": 35,
			"objects": [
				{
					"category_id": 1,
					"bbox": [
						1032.91,
						514.87,
						155.16,
						443.46
					],
					"score": 0.879,
					"keypoints": [
						1110.405,
						563.702,
						1.0,
						1112.504,
						554.585,
						1.0,
						1098.886,
						554.585,
						1.0,
						1119.912,
						559.07,
						0.01,
						1073.78,
						559.218,
						0.85,
						1124.052,
						605.328,
						0.97,
						1056.011,
						612.031,
						0.88,
						1174.456,
						610.238,
						1.0,
						1060.38,
						615.368,
						0.92,
						1169.787,
						562.706,
						1.0,
						1071.907,
						563.699,
						0.94,
						1111.078,
						747.56,
						0.82,
						1074.205,
						747.585,
						0.85,
						1110.956,
						821.979,
						0.9,
						1071.529,
						826.773,
						0.97,
						1099.261,
						895.945,
						0.95,
						1069.727,
						914.408,
						1.0
					],
					"area": 15463.939,
					"b_score": 0.971,
					"object_id": 0
				}
			]
		},
		{
			"frame_num": 36,
			"objects": [
				{
					"category_id": 1,
					"bbox": [
						1029.68,
						513.63,
						157.35,
						443.88
					],
					"score": 0.874,
					"keypoints": [
						1110.508,
						564.816,
						1.0,
						1111.734,
						555.623,
						0.99,
						1098.005,
						555.622,
						1.0,
						1119.911,
						560.178,
						0.01,
						1073.739,
						561.859,
						0.89,
						1122.257,
						606.492,
						0.95,
						1053.581,
						614.203,
						0.87,
						1172.686,
						614.41,
						1.0,
						1058.339,
						616.73,
						0.91,
						1160.883,
						569.326,
						1.0,
						1069.972,
						569.816,
						0.95,
						1110.91,
						749.088,
						0.83,
						1073.99,
						749.141,
						0.86,
						1109.003,
						823.393,
						0.9,
						1070.443,
						828.027,
						0.96,
						1097.892,
						895.493,
						0.96,
						1069.376,
						913.981,
						1.0
					],
					"area": 15697.438,
					"b_score": 0.969,
					"object_id": 0
				}
			]
		},
		{
			"frame_num": 37,
			"objects": [
				{
					"category_id": 1,
					"bbox": [
						1028.87,
						513.6,
						157.39,
						443.44
					],
					"score": 0.842,
					"keypoints": [
						1110.252,
						565.518,
						1.0,
						1112.828,
						556.291,
						1.0,
						1099.055,
						556.29,
						0.97,
						1121.594,
						562.751,
						0.02,
						1075.069,
						563.657,
						0.89,
						1122.874,
						607.145,
						0.95,
						1055.83,
						615.533,
						0.78,
						1173.571,
						616.087,
						1.0,
						1056.914,
						617.19,
						0.84,
						1157.532,
						570.792,
						1.0,
						1071.85,
						567.411,
						0.87,
						1112.261,
						749.993,
						0.8,
						1075.325,
						750.044,
						0.8,
						1109.339,
						824.162,
						0.88,
						1071.479,
						828.743,
						0.9,
						1099.301,
						895.058,
						0.92,
						1071.32,
						913.55,
						0.98
					],
					"area": 15685.357,
					"b_score": 0.968,
					"object_id": 0
				}
			]
		},
		{
			"frame_num": 38,
			"objects": [
				{
					"category_id": 1,
					"bbox": [
						1028.17,
						514.06,
						157.58,
						443.66
					],
					"score": 0.853,
					"keypoints": [
						1109.859,
						566.154,
						1.0,
						1113.238,
						558.778,
						1.0,
						1099.435,
						556.905,
						0.98,
						1122.274,
						564.592,
						0.02,
						1075.716,
						565.036,
						0.85,
						1122.983,
						607.726,
						0.99,
						1056.849,
						614.723,
						0.78,
						1173.758,
						617.097,
						1.0,
						1055.849,
						615.039,
						0.89,
						1156.131,
						571.519,
						1.0,
						1072.128,
						567.259,
						0.87,
						1112.855,
						750.791,
						0.81,
						1075.904,
						750.835,
						0.82,
						1109.313,
						824.887,
						0.9,
						1071.813,
						829.443,
						0.91,
						1099.679,
						895.202,
						0.93,
						1071.863,
						913.685,
						1.0
					],
					"area": 15712.477,
					"b_score": 0.971,
					"object_id": 0
				}
			]
		},
		{
			"frame_num": 39,
			"objects": [
				{
					"category_id": 1,
					"bbox": [
						1027.84,
						514.03,
						158.73,
						444.11
					],
					"score": 0.849,
					"keypoints": [
						1109.72,
						566.562,
						1.0,
						1113.578,
						560.348,
						1.0,
						1099.749,
						559.173,
						0.98,
						1122.762,
						563.803,
						0.02,
						1076.222,
						564.135,
						0.8,
						1123.147,
						608.116,
						0.98,
						1057.519,
						614.264,
						0.77,
						1173.999,
						615.229,
						0.99,
						1055.193,
						611.496,
						0.93,
						1155.897,
						568.512,
						1.0,
						1072.356,
						567.238,
						0.92,
						1113.311,
						751.368,
						0.81,
						1076.338,
						751.403,
						0.82,
						1109.388,
						825.441,
						0.89,
						1072.091,
						829.996,
						0.9,
						1099.984,
						895.45,
						0.92,
						1072.221,
						913.938,
						1.0
					],
					"area": 15842.905,
					"b_score": 0.972,
					"object_id": 0
				}
			]
		},
		{
			"frame_num": 40,
			"objects": [
				{
					"category_id": 1,
					"bbox": [
						1028.77,
						512.56,
						159.99,
						445.22
					],
					"score": 0.809,
					"keypoints": [
						1110.244,
						566.312,
						0.99,
						1114.353,
						560.717,
						0.95,
						1100.503,
						560.014,
						0.92,
						1123.747,
						564.644,
						0.01,
						1075.449,
						563.125,
						0.77,
						1121.997,
						607.948,
						0.92,
						1058.432,
						615.279,
						0.75,
						1174.926,
						611.19,
						1.0,
						1055.276,
						606.544,
						0.83,
						1161.926,
						559.769,
						1.0,
						1073.282,
						562.843,
						0.81,
						1114.151,
						751.38,
						0.78,
						1077.134,
						751.402,
						0.77,
						1110.007,
						825.504,
						0.85,
						1072.814,
						830.088,
						0.86,
						1100.977,
						895.299,
						0.88,
						1070.745,
						913.826,
						0.93
					],
					"area": 16008.424,
					"b_score": 0.973,
					"object_id": 0
				}
			]
		},
		{
			"frame_num": 41,
			"objects": [
				{
					"category_id": 1,
					"bbox": [
						1028.87,
						505.16,
						161.1,
						453.15
					],
					"score": 0.867,
					"keypoints": [
						1108.973,
						567.3,
						1.0,
						1113.387,
						560.21,
						1.0,
						1099.402,
						559.786,
						1.0,
						1122.686,
						566.422,
						0.02,
						1074.94,
						563.493,
						0.78,
						1121.678,
						609.185,
						0.98,
						1058.925,
						615.588,
						0.78,
						1172.188,
						606.105,
						1.0,
						1056.943,
						601.014,
						0.79,
						1165.509,
						552.441,
						1.0,
						1073.685,
						553.087,
						0.84,
						1113.312,
						752.003,
						0.84,
						1076.013,
						752.022,
						0.84,
						1110.634,
						826.713,
						0.9,
						1073.26,
						831.311,
						0.93,
						1101.726,
						897.505,
						0.93,
						1069.975,
						913.636,
						0.99
					],
					"area": 16406.791,
					"b_score": 0.976,
					"object_id": 0
				}
			]
		},
		{
			"frame_num": 42,
			"objects": [
				{
					"category_id": 1,
					"bbox": [
						1028.85,
						501.52,
						162.58,
						456.52
					],
					"score": 0.857,
					"keypoints": [
						1108.486,
						566.712,
						1.0,
						1113.06,
						558.731,
						1.0,
						1098.96,
						558.458,
						1.0,
						1122.417,
						566.134,
						0.01,
						1074.776,
						562.614,
						0.76,
						1121.82,
						608.948,
						0.96,
						1059.373,
						614.737,
						0.75,
						1171.143,
						599.353,
						1.0,
						1058.19,
						597.003,
						0.79,
						1171.044,
						548.144,
						1.0,
						1076.7,
						540.602,
						0.88,
						1113.028,
						751.688,
						0.83,
						1075.451,
						751.697,
						0.84,
						1109.571,
						826.937,
						0.89,
						1073.702,
						831.591,
						0.92,
						1102.446,
						898.115,
						0.93,
						1069.84,
						915.84,
						0.98
					],
					"area": 16681.342,
					"b_score": 0.975,
					"object_id": 0
				}
			]
		},
		{
			"frame_num": 43,
			"objects": [
				{
					"category_id": 1,
					"bbox": [
						1028.67,
						504.06,
						161.78,
						454.27
					],
					"score": 0.858,
					"keypoints": [
						1107.968,
						567.174,
						1.0,
						1112.63,
						558.639,
						1.0,
						1098.484,
						558.466,
						1.0,
						1122.007,
						564.999,
						0.01,
						1074.523,
						562.819,
						0.77,
						1121.648,
						607.841,
						0.98,
						1059.551,
						614.93,
						0.75,
						1170.214,
						597.647,
						1.0,
						1058.846,
						599.306,
						0.77,
						1172.553,
						548.769,
						1.0,
						1077.885,
						543.362,
						0.83,
						1112.629,
						751.996,
						0.84,
						1074.936,
						752.004,
						0.84,
						1108.667,
						827.446,
						0.9,
						1073.834,
						832.118,
						0.93,
						1102.459,
						898.713,
						0.93,
						1069.574,
						914.563,
						0.99
					],
					"area": 16516.848,
					"b_score": 0.974,
					"object_id": 0
				}
			]
		},
		{
			"frame_num": 44,
			"objects": [
				{
					"category_id": 1,
					"bbox": [
						1028.77,
						510.69,
						160.53,
						447.76
					],
					"score": 0.827,
					"keypoints": [
						1109.257,
						566.161,
						1.0,
						1113.845,
						557.379,
						0.93,
						1099.773,
						557.27,
						0.97,
						1123.388,
						564.745,
						0.01,
						1074.352,
						563.352,
						0.79,
						1123.037,
						607.286,
						0.95,
						1059.731,
						615.19,
						0.78,
						1172.88,
						599.793,
						1.0,
						1059.32,
						600.581,
						0.84,
						1169.603,
						549.848,
						1.0,
						1078.355,
						551.165,
						0.8,
						1113.81,
						751.582,
						0.78,
						1076.249,
						751.584,
						0.79,
						1109.645,
						826.7,
						0.88,
						1073.911,
						831.389,
						0.9,
						1104.959,
						899.53,
						0.91,
						1072.03,
						914.346,
						0.97
					],
					"area": 16154.159,
					"b_score": 0.972,
					"object_id": 0
				}
			]
		},
		{
			"frame_num": 45,
			"objects": [
				{
					"category_id": 1,
					"bbox": [
						1029.3,
						513.21,
						157.27,
						445.16
					],
					"score": 0.846,
					"keypoints": [
						1109.624,
						566.296,
						1.0,
						1114.21,
						557.338,
						0.99,
						1100.199,
						557.266,
						0.99,
						1123.705,
						563.72,
						0.02,
						1073.916,
						564.535,
						0.86,
						1123.447,
						607.633,
						0.97,
						1059.559,
						616.089,
						0.76,
						1173.84,
						603.979,
						1.0,
						1059.289,
						604.472,
						0.91,
						1161.728,
						554.444,
						1.0,
						1075.596,
						559.102,
						0.89,
						1114.192,
						751.746,
						0.8,
						1076.789,
						751.748,
						0.81,
						1109.861,
						826.513,
						0.9,
						1073.641,
						831.188,
						0.91,
						1105.345,
						900.03,
						0.92,
						1072.657,
						914.333,
						0.98
					],
					"area": 15735.106,
					"b_score": 0.971,
					"object_id": 0
				}
			]
		},
		{
			"frame_num": 46,
			"objects": [
				{
					"category_id": 1,
					"bbox": [
						1030.03,
						513.85,
						155.19,
						443.83
					],
					"score": 0.897,
					"keypoints": [
						1107.932,
						566.557,
						1.0,
						1112.605,
						557.49,
						1.0,
						1098.638,
						557.445,
						1.0,
						1121.988,
						564.968,
						0.03,
						1073.559,
						565.487,
						0.86,
						1121.793,
						607.978,
						1.0,
						1057.668,
						616.786,
						0.87,
						1172.348,
						608.088,
						0.98,
						1057.578,
						608.5,
						0.95,
						1151.46,
						561.426,
						1.0,
						1071.215,
						563.846,
						0.95,
						1112.651,
						751.822,
						0.83,
						1075.401,
						750.218,
						0.88,
						1109.885,
						824.71,
						0.93,
						1071.571,
						830.955,
						0.99,
						1102.918,
						897.562,
						1.0,
						1070.369,
						914.04,
						1.0
					],
					"area": 15480.148,
					"b_score": 0.969,
					"object_id": 0
				}
			]
		},
		{
			"frame_num": 47,
			"objects": [
				{
					"category_id": 1,
					"bbox": [
						1029.99,
						513.54,
						155.19,
						443.95
					],
					"score": 0.888,
					"keypoints": [
						1106.865,
						566.616,
						1.0,
						1111.557,
						559.201,
						1.0,
						1097.623,
						557.454,
						1.0,
						1119.326,
						565.643,
						0.04,
						1073.318,
						565.963,
						0.88,
						1120.74,
						608.102,
						1.0,
						1054.423,
						617.099,
						0.89,
						1171.474,
						610.087,
						0.96,
						1058.103,
						610.41,
						0.96,
						1148.282,
						564.604,
						1.0,
						1069.412,
						565.603,
						0.95,
						1111.617,
						751.777,
						0.84,
						1074.468,
						749.082,
						0.88,
						1108.129,
						825.055,
						0.94,
						1070.245,
						830.723,
						0.99,
						1101.712,
						896.191,
						0.99,
						1069.222,
						913.783,
						1.0
					],
					"area": 15484.361,
					"b_score": 0.968,
					"object_id": 0
				}
			]
		},
		{
			"frame_num": 48,
			"objects": [
				{
					"category_id": 1,
					"bbox": [
						1029.68,
						513.78,
						155.29,
						443.91
					],
					"score": 0.892,
					"keypoints": [
						1106.114,
						566.736,
						1.0,
						1110.801,
						558.663,
						1.0,
						1096.891,
						557.543,
						1.0,
						1119.17,
						566.151,
						0.03,
						1071.21,
						566.346,
						0.87,
						1119.993,
						608.265,
						1.0,
						1054.312,
						615.681,
						0.88,
						1170.85,
						609.461,
						1.0,
						1058.35,
						609.619,
						1.0,
						1147.151,
						563.319,
						1.0,
						1068.567,
						566.423,
						0.95,
						1110.856,
						751.826,
						0.83,
						1073.773,
						748.419,
						0.87,
						1106.9,
						825.356,
						0.94,
						1069.338,
						830.651,
						0.97,
						1100.993,
						895.677,
						0.98,
						1068.559,
						913.771,
						1.0
					],
					"area": 15492.711,
					"b_score": 0.97,
					"object_id": 0
				}
			]
		},
		{
			"frame_num": 49,
			"objects": [
				{
					"category_id": 1,
					"bbox": [
						1029.95,
						513.53,
						154.88,
						444.11
					],
					"score": 0.91,
					"keypoints": [
						1103.677,
						566.734,
						1.0,
						1110.365,
						559.971,
						1.0,
						1094.497,
						559.261,
						1.0,
						1119.091,
						566.376,
						0.03,
						1071.781,
						566.495,
						0.87,
						1119.572,
						608.301,
						1.0,
						1054.263,
						616.403,
						0.92,
						1170.492,
						606.971,
						1.0,
						1058.518,
						606.968,
						0.95,
						1146.857,
						560.187,
						1.0,
						1068.262,
						566.606,
						0.94,
						1110.408,
						751.809,
						0.86,
						1073.356,
						749.585,
						0.89,
						1106.167,
						825.515,
						0.95,
						1068.813,
						832.33,
						0.97,
						1100.697,
						895.409,
						1.0,
						1068.282,
						913.734,
						1.0
					],
					"area": 15459.204,
					"b_score": 0.969,
					"object_id": 0
				}
			]
		},
		{
			"frame_num": 50,
			"objects": [
				{
					"category_id": 1,
					"bbox": [
						1029.83,
						508.14,
						157.25,
						449.59
					],
					"score": 0.873,
					"keypoints": [
						1104.68,
						565.029,
						1.0,
						1110.534,
						557.354,
						1.0,
						1095.404,
						558.556,
						1.0,
						1119.469,
						558.797,
						0.02,
						1070.531,
						564.891,
						0.92,
						1119.808,
						606.778,
						0.98,
						1054.396,
						615.384,
						0.93,
						1170.92,
						601.101,
						1.0,
						1058.801,
						600.954,
						0.91,
						1152.847,
						548.794,
						1.0,
						1068.489,
						558.343,
						0.77,
						1110.558,
						750.944,
						0.83,
						1073.35,
						749.493,
						0.85,
						1106.148,
						825.077,
						0.92,
						1068.747,
						831.116,
						0.97,
						1101.091,
						897.392,
						0.95,
						1068.482,
						913.474,
						1.0
					],
					"area": 15889.623,
					"b_score": 0.971,
					"object_id": 0
				}
			]
		},
		{
			"frame_num": 51,
			"objects": [
				{
					"category_id": 1,
					"bbox": [
						1030.01,
						497.77,
						157.01,
						460.08
					],
					"score": 0.906,
					"keypoints": [
						1103.262,
						565.796,
						1.0,
						1108.73,
						559.216,
						1.0,
						1093.878,
						560.055,
						1.0,
						1118.065,
						561.819,
						0.02,
						1069.406,
						565.766,
						0.93,
						1118.113,
						606.341,
						1.0,
						1051.96,
						615.316,
						0.93,
						1171.774,
						598.604,
						1.0,
						1058.58,
						595.908,
						0.78,
						1159.258,
						545.027,
						1.0,
						1073.384,
						540.337,
						0.95,
						1108.772,
						750.396,
						0.85,
						1073.051,
						749.453,
						0.88,
						1106.137,
						825.426,
						0.92,
						1068.355,
						831.021,
						1.0,
						1101.211,
						897.687,
						1.0,
						1068.099,
						912.854,
						1.0
					],
					"area": 16234.763,
					"b_score": 0.973,
					"object_id": 0
				}
			]
		},
		{
			"frame_num": 52,
			"objects": [
				{
					"category_id": 1,
					"bbox": [
						1028.82,
						491.27,
						160.07,
						466.67
					],
					"score": 0.841,
					"keypoints": [
						1104.522,
						564.307,
						1.0,
						1107.771,
						558.411,
						0.92,
						1094.993,
						558.916,
						0.97,
						1119.098,
						561.798,
						0.01,
						1070.561,
						564.382,
						0.79,
						1117.29,
						604.061,
						0.95,
						1054.201,
						613.494,
						0.85,
						1172.817,
						592.008,
						1.0,
						1062.253,
						587.757,
						0.83,
						1169.756,
						535.986,
						1.0,
						1082.346,
						526.859,
						0.91,
						1109.734,
						748.934,
						0.77,
						1072.798,
						748.364,
						0.81,
						1106.246,
						825.022,
						0.86,
						1069.879,
						830.365,
						0.94,
						1101.392,
						897.424,
						0.93,
						1070.395,
						912.257,
						1.0
					],
					"area": 16788.276,
					"b_score": 0.974,
					"object_id": 0
				}
			]
		},
		{
			"frame_num": 53,
			"objects": [
				{
					"category_id": 1,
					"bbox": [
						1029.24,
						493.1,
						159.84,
						464.74
					],
					"score": 0.873,
					"keypoints": [
						1105.369,
						563.932,
						1.0,
						1109.251,
						556.636,
						0.92,
						1095.777,
						557.0,
						1.0,
						1119.854,
						562.317,
						0.01,
						1071.408,
						564.001,
						0.91,
						1116.929,
						603.231,
						0.97,
						1055.666,
						610.817,
						0.88,
						1173.48,
						589.624,
						1.0,
						1067.082,
						584.925,
						0.8,
						1173.059,
						538.124,
						1.0,
						1089.24,
						525.129,
						0.93,
						1110.415,
						748.293,
						0.78,
						1072.818,
						747.951,
						0.81,
						1108.113,
						823.1,
						0.89,
						1070.939,
						830.08,
						0.96,
						1104.43,
						897.37,
						0.97,
						1071.767,
						912.035,
						1.0
					],
					"area": 16694.809,
					"b_score": 0.974,
					"object_id": 0
				}
			]
		},
		{
			"frame_num": 54,
			"objects": [
				{
					"category_id": 1,
					"bbox": [
						1029.25,
						497.77,
						159.43,
						460.19
					],
					"score": 0.834,
					"keypoints": [
						1105.815,
						565.102,
						1.0,
						1108.18,
						557.017,
						0.97,
						1096.221,
						557.245,
						0.96,
						1120.244,
						564.165,
						0.01,
						1070.177,
						565.171,
						0.98,
						1118.487,
						605.82,
						0.93,
						1055.0,
						610.658,
						0.82,
						1173.557,
						592.783,
						1.0,
						1067.596,
						588.215,
						0.69,
						1170.359,
						541.41,
						1.0,
						1088.007,
						534.073,
						0.78,
						1110.756,
						748.715,
						0.78,
						1072.89,
						748.483,
						0.82,
						1107.559,
						824.167,
						0.88,
						1071.653,
						830.372,
						0.92,
						1103.027,
						897.721,
						0.91,
						1069.943,
						912.241,
						0.97
					],
					"area": 16488.965,
					"b_score": 0.972,
					"object_id": 0
				}
			]
		},
		{
			"frame_num": 55,
			"objects": [
				{
					"category_id": 1,
					"bbox": [
						1029.81,
						504.73,
						158.92,
						453.02
					],
					"score": 0.891,
					"keypoints": [
						1106.212,
						564.608,
						1.0,
						1109.474,
						557.705,
						1.0,
						1094.879,
						557.849,
						1.0,
						1120.542,
						562.36,
						0.03,
						1069.783,
						564.668,
						1.0,
						1119.439,
						605.952,
						0.99,
						1055.0,
						610.757,
						0.97,
						1173.337,
						596.639,
						1.0,
						1068.301,
						594.254,
						0.93,
						1164.387,
						545.801,
						0.99,
						1085.137,
						542.146,
						0.78,
						1111.066,
						750.01,
						0.83,
						1073.252,
						748.217,
						0.86,
						1107.325,
						823.843,
						0.91,
						1070.76,
						829.513,
						1.0,
						1102.595,
						898.277,
						0.96,
						1069.533,
						912.596,
						1.0
					],
					"area": 16180.686,
					"b_score": 0.97,
					"object_id": 0
				}
			]
		},
		{
			"frame_num": 56,
			"objects": [
				{
					"category_id": 1,
					"bbox": [
						1029.96,
						512.01,
						154.71,
						445.52
					],
					"score": 0.928,
					"keypoints": [
						1103.904,
						564.879,
						1.0,
						1107.696,
						557.132,
						1.0,
						1093.341,
						557.229,
						1.0,
						1119.977,
						561.778,
						0.03,
						1069.028,
						563.232,
						1.0,
						1119.247,
						606.368,
						1.0,
						1054.614,
						611.154,
						0.95,
						1172.133,
						600.645,
						1.0,
						1068.111,
						599.166,
						0.99,
						1156.153,
						551.993,
						1.0,
						1081.04,
						558.435,
						0.84,
						1110.55,
						750.359,
						0.87,
						1072.979,
						749.178,
						0.89,
						1106.456,
						824.338,
						0.95,
						1069.678,
						829.654,
						0.99,
						1101.398,
						896.462,
						1.0,
						1068.632,
						913.029,
						1.0
					],
					"area": 15491.184,
					"b_score": 0.965,
					"object_id": 0
				}
			]
		},
		{
			"frame_num": 57,
			"objects": [
				{
					"category_id": 1,
					"bbox": [
						1030.33,
						513.83,
						155.13,
						443.47
					],
					"score": 0.864,
					"keypoints": [
						1102.71,
						565.604,
						1.0,
						1106.841,
						557.336,
						0.97,
						1092.686,
						557.398,
						0.96,
						1118.062,
						563.651,
						0.04,
						1068.872,
						564.522,
						0.99,
						1119.318,
						607.133,
						0.99,
						1052.868,
						611.89,
						0.94,
						1171.488,
						605.461,
						0.96,
						1068.337,
						604.669,
						0.99,
						1146.598,
						558.873,
						1.0,
						1073.197,
						568.145,
						0.83,
						1110.423,
						750.848,
						0.82,
						1071.278,
						750.096,
						0.85,
						1106.126,
						824.792,
						0.89,
						1069.283,
						829.866,
						0.96,
						1098.445,
						895.628,
						0.94,
						1068.631,
						913.226,
						1.0
					],
					"area": 15461.806,
					"b_score": 0.965,
					"object_id": 0
				}
			]
		},
		{
			"frame_num": 58,
			"objects": [
				{
					"category_id": 1,
					"bbox": [
						1030.08,
						514.04,
						155.67,
						443.25
					],
					"score": 0.866,
					"keypoints": [
						1102.001,
						566.155,
						1.0,
						1106.338,
						557.535,
						1.0,
						1092.305,
						557.575,
						0.99,
						1116.814,
						564.98,
						0.04,
						1068.789,
						565.472,
						1.0,
						1119.366,
						607.697,
						0.99,
						1051.797,
						612.398,
						0.94,
						1171.05,
						606.75,
						0.95,
						1068.475,
						608.416,
						0.97,
						1140.33,
						564.617,
						1.0,
						1070.253,
						574.3,
						0.75,
						1110.35,
						751.203,
						0.79,
						1072.03,
						749.094,
						0.83,
						1105.928,
						825.114,
						0.9,
						1069.047,
						830.024,
						0.96,
						1099.832,
						895.261,
						0.93,
						1068.647,
						913.332,
						1.0
					],
					"area": 15507.56,
					"b_score": 0.966,
					"object_id": 0
				}
			]
		},
		{
			"frame_num": 59,
			"objects": [
				{
					"category_id": 1,
					"bbox": [
						1029.56,
						514.16,
						156.13,
						443.6
					],
					"score": 0.896,
					"keypoints": [
						1101.467,
						566.572,
						1.0,
						1107.707,
						557.716,
						1.0,
						1093.74,
						557.742,
						1.0,
						1115.922,
						564.143,
						0.05,
						1068.619,
						566.152,
						1.0,
						1119.298,
						608.132,
						1.0,
						1052.824,
						612.786,
						0.98,
						1172.338,
						607.615,
						0.98,
						1070.466,
						608.615,
						0.97,
						1144.691,
						563.335,
						1.0,
						1074.414,
						575.944,
						0.77,
						1110.201,
						749.909,
						0.81,
						1072.375,
						748.529,
						0.86,
						1105.699,
						825.454,
						0.93,
						1068.783,
						830.25,
						0.98,
						1100.293,
						895.325,
						0.99,
						1068.489,
						913.609,
						1.0
					],
					"area": 15565.834,
					"b_score": 0.963,
					"object_id": 0
				}
			]
		},
		{
			"frame_num": 60,
			"objects": [
				{
					"category_id": 1,
					"bbox": [
						1029.05,
						512.64,
						158.63,
						445.32
					],
					"score": 0.841,
					"keypoints": [
						1103.207,
						566.363,
						1.0,
						1108.778,
						557.364,
						1.0,
						1094.828,
						557.381,
						0.95,
						1118.941,
						561.384,
						0.04,
						1068.742,
						566.092,
						1.0,
						1121.206,
						607.99,
						1.0,
						1055.224,
						612.644,
						0.88,
						1173.581,
						607.665,
						0.98,
						1074.101,
						608.25,
						0.87,
						1149.2,
						559.425,
						1.0,
						1085.788,
						572.304,
						0.62,
						1112.04,
						748.801,
						0.77,
						1074.468,
						747.934,
						0.78,
						1107.416,
						823.908,
						0.87,
						1070.446,
						830.302,
						0.9,
						1103.535,
						895.333,
						0.93,
						1071.317,
						913.762,
						0.97
					],
					"area": 15876.413,
					"b_score": 0.967,
					"object_id": 0
				}
			]
		},
		{
			"frame_num": 61,
			"objects": [
				{
					"category_id": 1,
					"bbox": [
						1028.67,
						508.62,
						161.05,
						449.48
					],
					"score": 0.85,
					"keypoints": [
						1104.499,
						563.082,
						1.0,
						1109.733,
						553.774,
						0.98,
						1095.75,
						555.776,
						0.82,
						1119.645,
						557.953,
						0.04,
						1068.988,
						564.844,
						1.0,
						1121.097,
						606.813,
						0.99,
						1055.268,
						609.445,
						0.91,
						1173.147,
						603.123,
						1.0,
						1076.333,
						605.216,
						0.88,
						1154.308,
						549.822,
						1.0,
						1090.505,
						561.995,
						0.7,
						1111.859,
						747.351,
						0.78,
						1074.33,
						746.841,
						0.76,
						1107.22,
						822.415,
						0.89,
						1071.767,
						829.967,
						0.91,
						1102.798,
						895.095,
						0.96,
						1070.308,
						913.683,
						0.95
					],
					"area": 16268.459,
					"b_score": 0.968,
					"object_id": 0
				}
			]
		},
		{
			"frame_num": 62,
			"objects": [
				{
					"category_id": 1,
					"bbox": [
						1029.26,
						500.42,
						160.98,
						457.58
					],
					"score": 0.841,
					"keypoints": [
						1105.509,
						559.778,
						0.99,
						1110.603,
						550.244,
						0.8,
						1096.501,
						553.643,
						0.65,
						1109.862,
						558.766,
						0.04,
						1069.082,
						564.818,
						1.0,
						1121.303,
						605.362,
						1.0,
						1055.154,
						608.727,
						0.91,
						1173.501,
						599.047,
						1.0,
						1077.5,
						602.602,
						0.81,
						1164.39,
						543.926,
						1.0,
						1095.598,
						543.456,
						0.85,
						1111.959,
						746.779,
						0.79,
						1074.214,
						746.477,
						0.79,
						1109.045,
						820.387,
						0.9,
						1072.605,
						828.851,
						0.96,
						1102.693,
						894.3,
						0.96,
						1069.76,
						913.186,
						0.97
					],
					"area": 16554.677,
					"b_score": 0.97,
					"object_id": 0
				}
			]
		},
		{
			"frame_num": 63,
			"objects": [
				{
					"category_id": 1,
					"bbox": [
						1029.65,
						500.12,
						161.18,
						457.8
					],
					"score": 0.878,
					"keypoints": [
						1106.369,
						557.668,
						1.0,
						1111.357,
						548.068,
						0.65,
						1099.11,
						550.044,
						0.74,
						1101.589,
						560.827,
						0.02,
						1069.31,
						562.91,
						1.0,
						1119.919,
						604.321,
						1.0,
						1053.492,
						608.198,
						1.0,
						1173.921,
						594.109,
						1.0,
						1078.332,
						598.629,
						0.9,
						1171.633,
						541.754,
						1.0,
						1097.472,
						541.473,
						0.95,
						1110.486,
						746.362,
						0.82,
						1072.573,
						746.187,
						0.85,
						1108.617,
						821.023,
						0.94,
						1071.578,
						828.072,
						1.0,
						1102.905,
						893.886,
						0.98,
						1067.023,
						912.891,
						1.0
					],
					"area": 16583.962,
					"b_score": 0.97,
					"object_id": 0
				}
			]
		},
		{
			"frame_num": 64,
			"objects": [
				{
					"category_id": 1,
					"bbox": [
						1030.15,
						502.75,
						161.24,
						454.71
					],
					"score": 0.873,
					"keypoints": [
						1107.131,
						557.474,
						0.96,
						1112.035,
						547.927,
						0.63,
						1101.001,
						549.032,
						0.73,
						1097.728,
						562.972,
						0.03,
						1069.736,
						562.551,
						1.0,
						1120.863,
						604.419,
						1.0,
						1052.764,
						608.639,
						1.0,
						1174.218,
						592.357,
						1.0,
						1079.111,
						599.124,
						0.86,
						1173.793,
						542.554,
						1.0,
						1098.457,
						545.552,
						0.95,
						1109.713,
						746.485,
						0.83,
						1073.499,
						746.373,
						0.86,
						1108.539,
						821.565,
						0.94,
						1071.207,
						827.742,
						1.0,
						1100.752,
						893.679,
						0.98,
						1066.306,
						912.664,
						1.0
					],
					"area": 16477.737,
					"b_score": 0.968,
					"object_id": 0
				}
			]
		},
		{
			"frame_num": 65,
			"objects": [
				{
					"category_id": 1,
					"bbox": [
						1030.21,
						508.1,
						161.82,
						449.65
					],
					"score": 0.847,
					"keypoints": [
						1107.761,
						555.291,
						0.92,
						1110.872,
						547.924,
						0.73,
						1100.363,
						548.544,
						0.72,
						1096.164,
						562.614,
						0.03,
						1068.575,
						562.331,
						1.0,
						1121.576,
						602.411,
						0.96,
						1052.691,
						606.774,
						0.99,
						1174.268,
						593.429,
						1.0,
						1077.711,
						600.985,
						0.84,
						1171.09,
						542.97,
						1.0,
						1096.103,
						547.004,
						0.9,
						1109.365,
						745.759,
						0.8,
						1072.709,
						745.708,
						0.8,
						1108.625,
						820.8,
						0.94,
						1069.514,
						826.367,
						0.96,
						1100.011,
						894.128,
						1.0,
						1066.482,
						912.966,
						1.0
					],
					"area": 16353.073,
					"b_score": 0.965,
					"object_id": 0
				}
			]
		},
		{
			"frame_num": 66,
			"objects": [
				{
					"category_id": 1,
					"bbox": [
						1032.56,
						513.28,
						159.1,
						445.5
					],
					"score": 0.862,
					"keypoints": [
						1108.553,
						558.02,
						1.0,
						1110.494,
						549.868,
						0.9,
						1100.417,
						550.26,
						0.85,
						1105.503,
						560.707,
						0.01,
						1069.984,
						563.838,
						1.0,
						1122.373,
						604.594,
						0.96,
						1053.204,
						609.109,
						0.96,
						1174.448,
						597.429,
						1.0,
						1077.531,
						607.915,
						0.92,
						1165.5,
						548.136,
						1.0,
						1095.954,
						559.292,
						0.84,
						1109.521,
						746.467,
						0.8,
						1072.691,
						746.417,
						0.82,
						1109.05,
						821.205,
						0.91,
						1070.607,
						828.105,
						0.94,
						1100.275,
						895.165,
						0.97,
						1067.304,
						913.879,
						1.0
					],
					"area": 15929.326,
					"b_score": 0.966,
					"object_id": 0
				}
			]
		},
		{
			"frame_num": 67,
			"objects": [
				{
					"category_id": 1,
					"bbox": [
						1033.96,
						513.91,
						157.94,
						444.85
					],
					"score": 0.877,
					"keypoints": [
						1107.598,
						561.209,
						1.0,
						1110.538,
						552.713,
						1.0,
						1100.788,
						553.029,
						0.93,
						1110.83,
						561.359,
						0.03,
						1071.284,
						565.049,
						1.0,
						1123.195,
						606.115,
						0.99,
						1053.837,
						610.638,
						0.95,
						1174.842,
						601.723,
						1.0,
						1077.812,
						615.024,
						0.94,
						1160.53,
						554.232,
						1.0,
						1093.784,
						571.558,
						0.76,
						1109.916,
						747.0,
						0.82,
						1072.993,
						746.955,
						0.84,
						1109.633,
						823.12,
						0.9,
						1071.663,
						829.223,
						0.94,
						1100.836,
						895.719,
						0.97,
						1068.127,
						914.341,
						1.0
					],
					"area": 15790.636,
					"b_score": 0.968,
					"object_id": 0
				}
			]
		},
		{
			"frame_num": 68,
			"objects": [
				{
					"category_id": 1,
					"bbox": [
						1035.08,
						515.25,
						155.12,
						443.16
					],
					"score": 0.884,
					"keypoints": [
						1106.927,
						560.453,
						1.0,
						1110.466,
						551.664,
						1.0,
						1099.203,
						553.54,
						1.0,
						1114.466,
						560.542,
						0.04,
						1072.078,
						562.877,
						1.0,
						1123.574,
						604.094,
						0.98,
						1054.217,
						608.625,
						0.97,
						1174.886,
						603.112,
						1.0,
						1077.901,
						617.006,
						1.0,
						1151.609,
						557.372,
						1.0,
						1092.768,
						579.41,
						0.81,
						1110.063,
						747.489,
						0.8,
						1074.842,
						745.755,
						0.81,
						1108.283,
						822.813,
						0.91,
						1072.302,
						828.378,
						0.95,
						1100.973,
						898.617,
						0.94,
						1068.472,
						914.458,
						1.0
					],
					"area": 15449.441,
					"b_score": 0.967,
					"object_id": 0
				}
			]
		},
		{
			"frame_num": 69,
			"objects": [
				{
					"category_id": 1,
					"bbox": [
						1035.26,
						514.83,
						155.21,
						444.0
					],
					"score": 0.872,
					"keypoints": [
						1104.866,
						559.833,
						0.97,
						1110.495,
						550.851,
						1.0,
						1098.32,
						553.748,
						1.0,
						1116.793,
						557.992,
						0.08,
						1070.966,
						561.285,
						1.0,
						1123.905,
						602.654,
						0.97,
						1054.508,
						607.209,
						0.96,
						1175.042,
						603.871,
						1.0,
						1078.019,
						617.912,
						0.98,
						1145.521,
						558.262,
						1.0,
						1089.783,
						581.211,
						0.84,
						1110.234,
						747.804,
						0.79,
						1076.127,
						744.993,
						0.81,
						1107.443,
						822.669,
						0.9,
						1072.768,
						827.885,
						0.94,
						1101.14,
						900.042,
						0.94,
						1068.713,
						914.695,
						1.0
					],
					"area": 15488.492,
					"b_score": 0.966,
					"object_id": 0
				}
			]
		},
		{
			"frame_num": 70,
			"objects": [
				{
					"category_id": 1,
					"bbox": [
						1035.61,
						514.82,
						155.08,
						443.69
					],
					"score": 0.876,
					"keypoints": [
						1103.61,
						559.418,
						0.98,
						1110.616,
						552.009,
						1.0,
						1096.084,
						553.869,
						1.0,
						1118.253,
						558.275,
						0.1,
						1072.037,
						560.265,
						1.0,
						1126.139,
						601.726,
						0.96,
						1056.606,
						606.3,
						0.96,
						1175.229,
						604.297,
						1.0,
						1078.215,
						618.338,
						0.98,
						1143.907,
						561.599,
						1.0,
						1088.607,
						581.648,
						0.87,
						1110.444,
						747.948,
						0.79,
						1077.059,
						744.448,
						0.82,
						1106.998,
						822.494,
						0.9,
						1073.179,
						827.482,
						0.95,
						1101.373,
						900.452,
						0.94,
						1068.992,
						914.645,
						0.99
					],
					"area": 15464.413,
					"b_score": 0.965,
					"object_id": 0
				}
			]
		},
		{
			"frame_num": 71,
			"objects": [
				{
					"category_id": 1,
					"bbox": [
						1035.8,
						515.06,
						155.29,
						443.84
					],
					"score": 0.879,
					"keypoints": [
						1104.662,
						559.254,
						1.0,
						1110.797,
						551.168,
						1.0,
						1096.513,
						554.036,
						1.0,
						1119.202,
						556.679,
						0.05,
						1072.84,
						559.751,
						1.0,
						1125.683,
						601.273,
						0.98,
						1058.072,
						605.862,
						0.97,
						1175.466,
						604.661,
						1.0,
						1080.475,
						618.684,
						0.97,
						1146.622,
						559.982,
						1.0,
						1088.273,
						578.889,
						0.79,
						1112.43,
						748.149,
						0.78,
						1077.742,
						744.24,
						0.82,
						1108.451,
						822.496,
						0.91,
						1073.548,
						827.353,
						0.96,
						1101.643,
						900.829,
						0.94,
						1069.273,
						914.818,
						0.99
					],
					"area": 15490.394,
					"b_score": 0.967,
					"object_id": 0
				}
			]
		},
		{
			"frame_num": 72,
			"objects": [
				{
					"category_id": 1,
					"bbox": [
						1034.73,
						514.38,
						157.74,
						444.82
					],
					"score": 0.864,
					"keypoints": [
						1105.355,
						560.568,
						0.99,
						1110.968,
						553.81,
						1.0,
						1096.823,
						555.666,
						0.92,
						1119.8,
						559.003,
						0.03,
						1073.367,
						562.512,
						1.0,
						1125.486,
						604.078,
						0.96,
						1058.981,
						607.184,
						0.95,
						1175.724,
						606.633,
						1.0,
						1081.807,
						620.871,
						0.95,
						1150.262,
						559.051,
						1.0,
						1090.579,
						577.666,
						0.8,
						1112.011,
						748.229,
						0.79,
						1078.186,
						745.726,
						0.81,
						1107.825,
						824.205,
						0.89,
						1073.799,
						828.899,
						0.92,
						1101.841,
						898.634,
						0.96,
						1069.437,
						915.016,
						1.0
					],
					"area": 15769.861,
					"b_score": 0.968,
					"object_id": 0
				}
			]
		}
	],
	"categories": [
		{
			"supercategory": "person",
			"id": 1,
			"name": "person",
			"keypoints": [
				"nose",
				"left_eye",
				"right_eye",
				"left_ear",
				"right_ear",
				"left_shoulder",
				"right_shoulder",
				"left_elbow",
				"right_elbow",
				"left_wrist",
				"right_wrist",
				"left_hip",
				"right_hip",
				"left_knee",
				"right_knee",
				"left_ankle",
				"right_ankle"
			],
			"skeleton": [
				[
					0,
					1
				],
				[
					0,
					2
				],
				[
					1,
					3
				],
				[
					2,
					4
				],
				[
					0,
					5
				],
				[
					0,
					6
				],
				[
					5,
					7
				],
				[
					6,
					8
				],
				[
					7,
					9
				],
				[
					8,
					10
				],
				[
					5,
					11
				],
				[
					6,
					12
				],
				[
					11,
					13
				],
				[
					12,
					14
				],
				[
					13,
					15
				],
				[
					14,
					16
				]
			]
		}
	]
}