{
	"info": {
		"description": "2D pose estimation outputs from Hawaii 2D Pose (based on MultiPoseNet)",
		"url": "",
		"version": "191128",
		"year": 2020,
		"contributor": "KakaoBrain-HumanCV",
		"date_created": "2020-01-15 20:10:00"
	},
	"video": {
		"path": "S002C002P014R002A027_rgb.avi",
		"width": 1920,
		"height": 1080,
		"original_length": 68,
		"fps": 30.0
	},
	"annotations": [
		{
			"frame_num": 0,
			"objects": [
				{
					"category_id": 1,
					"bbox": [
						731.59,
						249.02,
						279.03,
						826.18
					],
					"score": 0.925,
					"keypoints": [
						832.38,
						365.2,
						1.0,
						849.59,
						347.99,
						1.0,
						815.17,
						347.99,
						1.0,
						892.62,
						339.38,
						1.0,
						797.95,
						347.99,
						0.1,
						944.26,
						451.26,
						0.95,
						780.74,
						442.66,
						1.0,
						978.68,
						571.75,
						1.0,
						763.53,
						563.14,
						1.0,
						995.89,
						683.63,
						1.0,
						763.53,
						683.63,
						1.0,
						918.44,
						692.23,
						0.82,
						832.38,
						700.84,
						0.82,
						944.26,
						838.53,
						0.99,
						840.98,
						838.53,
						0.88,
						952.86,
						976.23,
						0.98,
						858.2,
						984.84,
						1.0
					],
					"area": 51810.286,
					"b_score": 0.969,
					"object_id": 0
				}
			]
		},
		{
			"frame_num": 1,
			"objects": [
				{
					"category_id": 1,
					"bbox": [
						730.27,
						249.34,
						281.28,
						822.05
					],
					"score": 0.988,
					"keypoints": [
						829.0,
						365.11,
						1.0,
						846.175,
						347.928,
						1.0,
						811.83,
						351.291,
						1.0,
						889.112,
						339.335,
						1.0,
						794.649,
						347.928,
						0.11,
						944.066,
						451.02,
						1.0,
						777.479,
						445.751,
						1.0,
						978.426,
						571.293,
						1.0,
						760.304,
						565.972,
						1.0,
						995.462,
						682.636,
						1.0,
						758.605,
						682.636,
						1.0,
						918.291,
						694.79,
						0.9,
						829.0,
						700.15,
						0.88,
						944.066,
						840.785,
						1.0,
						837.587,
						840.785,
						0.94,
						952.548,
						979.229,
						1.0,
						858.133,
						987.808,
						1.0
					],
					"area": 51966.811,
					"b_score": 0.975,
					"object_id": 0
				}
			]
		},
		{
			"frame_num": 2,
			"objects": [
				{
					"category_id": 1,
					"bbox": [
						728.58,
						249.51,
						286.42,
						821.28
					],
					"score": 0.964,
					"keypoints": [
						827.238,
						365.072,
						1.0,
						844.383,
						347.915,
						1.0,
						810.096,
						353.439,
						1.0,
						887.247,
						339.337,
						1.0,
						792.947,
						347.915,
						0.1,
						940.863,
						450.855,
						0.99,
						775.805,
						447.73,
						1.0,
						978.528,
						570.945,
						1.0,
						758.659,
						564.461,
						1.0,
						990.515,
						682.035,
						1.0,
						757.201,
						676.615,
						1.0,
						915.139,
						696.336,
						0.86,
						827.238,
						699.6,
						0.87,
						940.863,
						842.086,
						1.0,
						835.812,
						842.086,
						0.94,
						952.81,
						980.232,
						0.97,
						858.558,
						988.793,
						1.0
					],
					"area": 52866.143,
					"b_score": 0.975,
					"object_id": 0
				}
			]
		},
		{
			"frame_num": 3,
			"objects": [
				{
					"category_id": 1,
					"bbox": [
						728.1,
						249.16,
						290.72,
						822.06
					],
					"score": 0.97,
					"keypoints": [
						826.881,
						364.964,
						1.0,
						844.015,
						347.82,
						1.0,
						809.744,
						354.61,
						1.0,
						886.859,
						339.245,
						1.0,
						792.608,
						347.82,
						0.12,
						942.796,
						453.986,
						0.94,
						775.472,
						448.847,
						1.0,
						979.226,
						570.706,
						1.0,
						758.333,
						563.506,
						1.0,
						999.924,
						676.42,
						1.0,
						757.588,
						674.336,
						1.0,
						917.076,
						697.311,
						0.89,
						826.881,
						699.277,
						0.88,
						939.571,
						842.977,
						0.99,
						835.449,
						842.977,
						0.95,
						953.883,
						976.174,
						1.0,
						859.679,
						989.417,
						1.0
					],
					"area": 53711.896,
					"b_score": 0.974,
					"object_id": 0
				}
			]
		},
		{
			"frame_num": 4,
			"objects": [
				{
					"category_id": 1,
					"bbox": [
						726.95,
						249.2,
						297.89,
						823.35
					],
					"score": 1.013,
					"keypoints": [
						823.927,
						364.969,
						1.0,
						841.069,
						347.823,
						1.0,
						806.788,
						355.377,
						1.0,
						883.92,
						339.246,
						1.0,
						789.65,
						347.823,
						0.12,
						941.839,
						452.81,
						1.0,
						772.506,
						449.653,
						1.0,
						980.688,
						567.269,
						1.0,
						751.038,
						563.06,
						1.0,
						1000.122,
						674.734,
						1.0,
						753.792,
						668.105,
						1.0,
						916.119,
						698.206,
						0.92,
						823.927,
						699.347,
						0.9,
						939.833,
						843.916,
						1.0,
						832.499,
						843.916,
						0.95,
						951.076,
						974.908,
						1.0,
						856.819,
						985.714,
						1.0
					],
					"area": 55124.048,
					"b_score": 0.973,
					"object_id": 0
				}
			]
		},
		{
			"frame_num": 5,
			"objects": [
				{
					"category_id": 1,
					"bbox": [
						725.44,
						248.58,
						307.99,
						824.19
					],
					"score": 0.962,
					"keypoints": [
						827.145,
						364.798,
						1.0,
						844.301,
						347.644,
						1.0,
						806.646,
						355.594,
						1.0,
						883.837,
						339.063,
						1.0,
						792.837,
						350.966,
						0.09,
						942.552,
						451.951,
						0.99,
						775.68,
						449.937,
						1.0,
						987.263,
						564.987,
						1.0,
						752.787,
						559.088,
						1.0,
						1008.444,
						668.097,
						1.0,
						754.489,
						665.972,
						1.0,
						916.816,
						698.659,
						0.84,
						827.145,
						699.33,
						0.88,
						941.315,
						844.464,
						1.0,
						835.722,
						844.464,
						0.89,
						951.783,
						974.414,
						1.0,
						857.428,
						983.964,
						1.0
					],
					"area": 57049.438,
					"b_score": 0.971,
					"object_id": 0
				}
			]
		},
		{
			"frame_num": 6,
			"objects": [
				{
					"category_id": 1,
					"bbox": [
						722.98,
						248.67,
						316.81,
						823.9
					],
					"score": 0.992,
					"keypoints": [
						826.542,
						364.704,
						1.0,
						839.886,
						347.548,
						1.0,
						803.549,
						355.742,
						1.0,
						880.755,
						338.967,
						1.0,
						788.414,
						353.021,
						0.09,
						940.466,
						451.392,
						1.0,
						775.065,
						450.113,
						1.0,
						987.892,
						559.467,
						1.0,
						750.761,
						556.603,
						1.0,
						1012.552,
						665.937,
						1.0,
						750.584,
						659.126,
						1.0,
						917.939,
						698.898,
						0.87,
						826.542,
						699.298,
						0.9,
						939.694,
						844.74,
						1.0,
						835.12,
						844.74,
						0.93,
						953.133,
						974.115,
						1.0,
						858.751,
						983.103,
						1.0
					],
					"area": 58663.613,
					"b_score": 0.974,
					"object_id": 0
				}
			]
		},
		{
			"frame_num": 7,
			"objects": [
				{
					"category_id": 1,
					"bbox": [
						719.73,
						249.4,
						332.17,
						824.41
					],
					"score": 1.03,
					"keypoints": [
						824.405,
						364.924,
						1.0,
						839.317,
						347.76,
						1.0,
						799.743,
						356.162,
						1.0,
						876.986,
						342.578,
						1.0,
						783.712,
						354.607,
						0.06,
						940.906,
						451.328,
						1.0,
						768.786,
						450.568,
						1.0,
						994.77,
						556.941,
						1.0,
						742.983,
						551.423,
						1.0,
						1023.587,
						659.854,
						1.0,
						746.28,
						651.486,
						1.0,
						917.215,
						699.456,
						0.9,
						827.813,
						699.634,
						0.93,
						940.423,
						845.356,
						1.0,
						832.987,
						845.356,
						1.0,
						951.578,
						974.627,
						1.0,
						857.147,
						983.402,
						1.0
					],
					"area": 61545.555,
					"b_score": 0.977,
					"object_id": 0
				}
			]
		},
		{
			"frame_num": 8,
			"objects": [
				{
					"category_id": 1,
					"bbox": [
						715.82,
						250.73,
						343.69,
						823.04
					],
					"score": 0.976,
					"keypoints": [
						823.975,
						368.978,
						1.0,
						839.82,
						348.308,
						1.0,
						798.74,
						356.885,
						1.0,
						875.941,
						345.435,
						1.0,
						786.063,
						356.034,
						0.05,
						941.8,
						451.629,
						1.0,
						770.145,
						451.249,
						1.0,
						1004.154,
						551.572,
						1.0,
						744.552,
						544.458,
						1.0,
						1034.399,
						652.19,
						1.0,
						751.187,
						643.444,
						1.0,
						920.759,
						700.02,
						0.86,
						829.244,
						700.044,
						0.85,
						941.479,
						845.856,
						1.0,
						835.754,
						845.856,
						0.94,
						951.784,
						974.915,
						1.0,
						862.534,
						983.587,
						1.0
					],
					"area": 63573.513,
					"b_score": 0.977,
					"object_id": 0
				}
			]
		},
		{
			"frame_num": 9,
			"objects": [
				{
					"category_id": 1,
					"bbox": [
						714.02,
						254.56,
						357.59,
						818.63
					],
					"score": 0.988,
					"keypoints": [
						822.422,
						369.258,
						1.0,
						838.782,
						349.937,
						1.0,
						796.804,
						355.227,
						1.0,
						873.776,
						344.887,
						1.0,
						786.135,
						358.341,
						0.07,
						941.028,
						449.67,
						1.0,
						769.726,
						449.393,
						1.0,
						1011.158,
						540.327,
						1.0,
						744.091,
						532.297,
						1.0,
						1040.273,
						644.991,
						1.0,
						751.707,
						629.332,
						1.0,
						921.516,
						697.671,
						0.89,
						832.457,
						697.62,
						0.85,
						940.836,
						846.419,
						1.0,
						836.336,
						846.419,
						0.96,
						949.793,
						975.028,
						1.0,
						862.789,
						983.621,
						1.0
					],
					"area": 65791.299,
					"b_score": 0.973,
					"object_id": 0
				}
			]
		},
		{
			"frame_num": 10,
			"objects": [
				{
					"category_id": 1,
					"bbox": [
						713.04,
						259.72,
						365.01,
						814.02
					],
					"score": 1.009,
					"keypoints": [
						819.04,
						375.427,
						1.0,
						831.309,
						357.099,
						1.0,
						793.158,
						359.833,
						1.0,
						869.767,
						350.605,
						1.0,
						779.596,
						366.38,
						0.03,
						941.445,
						449.976,
						1.0,
						767.209,
						453.531,
						1.0,
						1015.379,
						532.377,
						1.0,
						741.436,
						524.006,
						1.0,
						1049.765,
						639.005,
						1.0,
						753.754,
						622.044,
						1.0,
						923.046,
						697.214,
						0.89,
						832.261,
						697.153,
						0.9,
						937.955,
						851.517,
						1.0,
						834.666,
						847.516,
						1.0,
						950.266,
						975.643,
						1.0,
						860.019,
						984.185,
						1.0
					],
					"area": 66777.825,
					"b_score": 0.972,
					"object_id": 0
				}
			]
		},
		{
			"frame_num": 11,
			"objects": [
				{
					"category_id": 1,
					"bbox": [
						716.73,
						267.56,
						366.33,
						808.05
					],
					"score": 1.029,
					"keypoints": [
						815.441,
						382.629,
						1.0,
						829.863,
						360.56,
						1.0,
						793.896,
						366.141,
						1.0,
						870.098,
						357.603,
						1.0,
						778.759,
						374.464,
						0.04,
						943.14,
						452.514,
						1.0,
						764.308,
						455.038,
						1.0,
						1024.36,
						527.564,
						1.0,
						742.721,
						519.13,
						1.0,
						1054.306,
						635.034,
						1.0,
						758.076,
						618.008,
						1.0,
						925.815,
						698.685,
						0.89,
						834.1,
						698.555,
						0.88,
						937.881,
						856.148,
						1.0,
						835.434,
						849.727,
						1.0,
						952.596,
						977.398,
						1.0,
						861.094,
						985.83,
						1.0
					],
					"area": 66528.325,
					"b_score": 0.974,
					"object_id": 0
				}
			]
		},
		{
			"frame_num": 12,
			"objects": [
				{
					"category_id": 1,
					"bbox": [
						721.55,
						277.78,
						362.91,
						801.33
					],
					"score": 1.008,
					"keypoints": [
						811.213,
						391.542,
						1.0,
						826.77,
						372.298,
						1.0,
						787.705,
						379.768,
						1.0,
						867.772,
						366.513,
						1.0,
						771.74,
						383.733,
						0.08,
						942.247,
						458.169,
						1.0,
						760.703,
						460.094,
						1.0,
						1024.174,
						525.479,
						1.0,
						745.251,
						517.085,
						1.0,
						1050.472,
						633.197,
						1.0,
						762.693,
						616.352,
						1.0,
						924.996,
						702.52,
						0.85,
						836.834,
						702.055,
						0.85,
						931.401,
						861.374,
						1.0,
						830.426,
						858.003,
						1.0,
						955.31,
						980.843,
						1.0,
						858.935,
						989.177,
						1.0
					],
					"area": 65359.496,
					"b_score": 0.973,
					"object_id": 0
				}
			]
		},
		{
			"frame_num": 13,
			"objects": [
				{
					"category_id": 1,
					"bbox": [
						725.8,
						291.86,
						355.73,
						788.14
					],
					"score": 0.953,
					"keypoints": [
						805.858,
						408.378,
						1.0,
						821.893,
						385.469,
						1.0,
						781.556,
						393.678,
						1.0,
						862.94,
						378.223,
						1.0,
						765.315,
						400.837,
						0.05,
						941.658,
						467.437,
						0.9,
						756.138,
						468.832,
						1.0,
						1023.342,
						525.686,
						1.0,
						747.799,
						521.925,
						1.0,
						1048.286,
						632.748,
						1.0,
						766.341,
						616.202,
						1.0,
						924.661,
						704.246,
						0.73,
						839.205,
						700.688,
						0.74,
						923.472,
						866.348,
						0.97,
						824.225,
						860.247,
						0.99,
						956.315,
						974.252,
						1.0,
						853.597,
						987.226,
						1.0
					],
					"area": 63010.829,
					"b_score": 0.974,
					"object_id": 0
				}
			]
		},
		{
			"frame_num": 14,
			"objects": [
				{
					"category_id": 1,
					"bbox": [
						733.4,
						316.28,
						338.76,
						763.72
					],
					"score": 0.935,
					"keypoints": [
						804.543,
						428.953,
						1.0,
						820.518,
						405.005,
						1.0,
						780.434,
						413.311,
						1.0,
						860.891,
						397.243,
						1.0,
						764.37,
						415.879,
						0.08,
						940.505,
						483.59,
						0.89,
						755.868,
						484.548,
						1.0,
						1020.561,
						534.359,
						1.0,
						754.024,
						528.398,
						0.91,
						1044.301,
						644.056,
						1.0,
						775.738,
						620.575,
						1.0,
						923.877,
						706.915,
						0.72,
						841.001,
						704.534,
						0.76,
						918.808,
						872.358,
						0.99,
						821.797,
						864.944,
						0.97,
						955.297,
						973.305,
						0.99,
						856.583,
						987.936,
						1.0
					],
					"area": 58145.174,
					"b_score": 0.974,
					"object_id": 0
				}
			]
		},
		{
			"frame_num": 15,
			"objects": [
				{
					"category_id": 1,
					"bbox": [
						735.78,
						339.04,
						321.0,
						740.96
					],
					"score": 0.882,
					"keypoints": [
						802.048,
						443.925,
						1.0,
						817.741,
						425.846,
						1.0,
						778.403,
						428.343,
						1.0,
						857.12,
						418.069,
						1.0,
						762.677,
						434.697,
						0.05,
						939.827,
						502.052,
						0.8,
						754.682,
						502.626,
						1.0,
						1018.217,
						543.507,
						0.99,
						765.208,
						539.542,
						0.85,
						1037.274,
						666.437,
						1.0,
						782.05,
						634.033,
						0.98,
						926.921,
						714.099,
						0.61,
						843.417,
						708.493,
						0.7,
						917.097,
						878.572,
						0.94,
						814.237,
						870.701,
						0.95,
						959.337,
						974.643,
						0.99,
						855.004,
						989.854,
						1.0
					],
					"area": 53455.562,
					"b_score": 0.967,
					"object_id": 0
				}
			]
		},
		{
			"frame_num": 16,
			"objects": [
				{
					"category_id": 1,
					"bbox": [
						737.6,
						353.78,
						298.16,
						715.21
					],
					"score": 0.882,
					"keypoints": [
						801.511,
						467.239,
						1.0,
						816.79,
						446.026,
						1.0,
						778.537,
						446.546,
						1.0,
						858.895,
						438.461,
						1.0,
						763.239,
						453.937,
						0.05,
						940.818,
						530.881,
						0.83,
						758.76,
						531.236,
						0.96,
						1014.284,
						577.933,
						0.99,
						781.529,
						567.149,
						0.87,
						1023.257,
						707.058,
						1.0,
						790.73,
						668.517,
						1.0,
						930.672,
						727.419,
						0.68,
						848.304,
						719.78,
						0.81,
						914.791,
						892.627,
						0.97,
						811.142,
						879.837,
						0.96,
						962.914,
						979.741,
						0.92,
						857.949,
						990.379,
						1.0
					],
					"area": 47926.036,
					"b_score": 0.962,
					"object_id": 0
				}
			]
		},
		{
			"frame_num": 17,
			"objects": [
				{
					"category_id": 1,
					"bbox": [
						743.0,
						366.43,
						279.69,
						700.21
					],
					"score": 0.894,
					"keypoints": [
						800.201,
						475.945,
						1.0,
						815.11,
						454.212,
						1.0,
						777.787,
						459.556,
						1.0,
						858.098,
						452.166,
						1.0,
						758.947,
						467.029,
						0.02,
						936.388,
						551.496,
						0.84,
						760.337,
						546.252,
						1.0,
						1009.93,
						614.953,
						1.0,
						792.09,
						595.583,
						0.93,
						989.175,
						743.833,
						1.0,
						802.856,
						699.658,
						1.0,
						930.483,
						740.846,
						0.71,
						849.156,
						728.171,
						0.76,
						907.09,
						903.597,
						0.98,
						804.313,
						889.14,
						0.97,
						960.838,
						977.475,
						0.95,
						857.62,
						990.193,
						1.0
					],
					"area": 44014.005,
					"b_score": 0.957,
					"object_id": 0
				}
			]
		},
		{
			"frame_num": 18,
			"objects": [
				{
					"category_id": 1,
					"bbox": [
						747.64,
						371.19,
						263.03,
						702.92
					],
					"score": 0.924,
					"keypoints": [
						801.222,
						482.117,
						1.0,
						819.406,
						460.184,
						1.0,
						782.346,
						466.958,
						1.0,
						862.619,
						465.066,
						1.0,
						762.281,
						474.408,
						0.05,
						935.404,
						566.746,
						0.88,
						764.686,
						559.856,
						1.0,
						1002.992,
						653.573,
						1.0,
						798.343,
						625.77,
						1.0,
						961.077,
						773.6,
						1.0,
						808.091,
						742.318,
						1.0,
						928.909,
						755.053,
						0.72,
						851.346,
						740.23,
						0.83,
						901.553,
						912.073,
						0.97,
						803.184,
						897.125,
						1.0,
						962.36,
						976.315,
						0.99,
						859.405,
						990.031,
						1.0
					],
					"area": 41553.016,
					"b_score": 0.959,
					"object_id": 0
				}
			]
		},
		{
			"frame_num": 19,
			"objects": [
				{
					"category_id": 1,
					"bbox": [
						755.05,
						370.74,
						242.14,
						701.82
					],
					"score": 0.935,
					"keypoints": [
						800.31,
						483.464,
						1.0,
						820.258,
						461.518,
						1.0,
						783.407,
						468.673,
						1.0,
						863.707,
						462.997,
						1.0,
						762.536,
						476.05,
						0.02,
						929.857,
						570.345,
						0.91,
						769.989,
						563.118,
						1.0,
						983.744,
						685.826,
						1.0,
						798.954,
						656.067,
						1.0,
						901.484,
						795.574,
						1.0,
						801.789,
						752.976,
						1.0,
						926.876,
						759.416,
						0.66,
						850.949,
						744.449,
						0.78,
						892.899,
						918.995,
						0.97,
						801.079,
						899.348,
						1.0,
						957.273,
						979.036,
						1.0,
						858.579,
						989.216,
						1.0
					],
					"area": 38193.015,
					"b_score": 0.969,
					"object_id": 0
				}
			]
		},
		{
			"frame_num": 20,
			"objects": [
				{
					"category_id": 1,
					"bbox": [
						753.4,
						365.3,
						240.79,
						708.47
					],
					"score": 0.872,
					"keypoints": [
						801.881,
						476.119,
						1.0,
						822.58,
						454.099,
						1.0,
						785.659,
						461.338,
						1.0,
						866.184,
						459.306,
						1.0,
						767.415,
						468.626,
						0.02,
						929.524,
						563.851,
						0.86,
						775.357,
						551.815,
						1.0,
						958.573,
						697.394,
						0.99,
						789.63,
						651.326,
						0.82,
						852.804,
						778.091,
						0.85,
						786.334,
						718.678,
						0.97,
						927.77,
						759.863,
						0.63,
						849.563,
						744.991,
						0.66,
						892.514,
						921.234,
						0.94,
						798.449,
						899.941,
						0.99,
						957.988,
						980.47,
						0.99,
						856.836,
						993.448,
						1.0
					],
					"area": 38339.932,
					"b_score": 0.968,
					"object_id": 0
				}
			]
		},
		{
			"frame_num": 21,
			"objects": [
				{
					"category_id": 1,
					"bbox": [
						714.29,
						351.47,
						281.81,
						726.1
					],
					"score": 0.872,
					"keypoints": [
						806.544,
						466.969,
						1.0,
						824.894,
						449.082,
						1.0,
						790.285,
						451.97,
						1.0,
						868.97,
						450.842,
						1.0,
						770.483,
						459.271,
						0.02,
						924.545,
						556.11,
						0.97,
						779.253,
						547.076,
						0.99,
						926.07,
						685.145,
						1.0,
						778.078,
						650.562,
						0.5,
						816.973,
						744.154,
						0.98,
						754.696,
						675.461,
						0.7,
						927.492,
						757.61,
						0.66,
						847.12,
						747.072,
						0.71,
						890.614,
						926.93,
						0.99,
						798.46,
						904.421,
						0.98,
						957.628,
						981.985,
						1.0,
						857.942,
						996.391,
						1.0
					],
					"area": 45987.87,
					"b_score": 0.969,
					"object_id": 0
				}
			]
		},
		{
			"frame_num": 22,
			"objects": [
				{
					"category_id": 1,
					"bbox": [
						687.62,
						340.81,
						307.88,
						734.72
					],
					"score": 0.777,
					"keypoints": [
						812.719,
						454.838,
						1.0,
						833.713,
						437.906,
						1.0,
						797.829,
						439.692,
						1.0,
						875.313,
						438.355,
						1.0,
						779.908,
						446.848,
						0.04,
						923.246,
						536.848,
						0.84,
						781.689,
						532.542,
						0.84,
						912.309,
						650.054,
						0.93,
						736.425,
						620.055,
						0.59,
						821.866,
						665.228,
						0.62,
						735.098,
						600.455,
						0.67,
						931.71,
						745.846,
						0.52,
						849.777,
						737.086,
						0.6,
						895.111,
						921.874,
						0.93,
						802.73,
						899.505,
						0.88,
						958.995,
						980.804,
						0.92,
						859.454,
						995.665,
						1.0
					],
					"area": 50839.425,
					"b_score": 0.973,
					"object_id": 0
				}
			]
		},
		{
			"frame_num": 23,
			"objects": [
				{
					"category_id": 1,
					"bbox": [
						675.22,
						320.35,
						317.92,
						759.65
					],
					"score": 0.817,
					"keypoints": [
						820.939,
						443.806,
						1.0,
						839.614,
						424.312,
						1.0,
						806.242,
						428.519,
						1.0,
						880.164,
						426.074,
						1.0,
						794.186,
						435.267,
						0.07,
						920.22,
						523.125,
						0.89,
						786.337,
						513.155,
						0.74,
						898.867,
						615.126,
						0.88,
						709.433,
						572.309,
						0.7,
						779.142,
						555.663,
						0.55,
						728.841,
						499.037,
						0.91,
						932.307,
						738.082,
						0.56,
						848.203,
						729.92,
						0.62,
						901.836,
						911.146,
						0.94,
						807.755,
						892.771,
						0.88,
						962.386,
						980.962,
						0.99,
						860.827,
						992.239,
						1.0
					],
					"area": 54278.097,
					"b_score": 0.974,
					"object_id": 0
				}
			]
		},
		{
			"frame_num": 24,
			"objects": [
				{
					"category_id": 1,
					"bbox": [
						662.53,
						285.89,
						330.04,
						794.11
					],
					"score": 0.844,
					"keypoints": [
						826.346,
						413.969,
						1.0,
						843.939,
						396.445,
						1.0,
						810.934,
						397.659,
						1.0,
						884.869,
						398.934,
						1.0,
						801.331,
						411.97,
						0.05,
						921.413,
						482.502,
						0.83,
						793.04,
						478.71,
						0.73,
						898.161,
						516.227,
						0.65,
						691.05,
						500.139,
						0.93,
						781.743,
						493.325,
						0.79,
						731.617,
						427.44,
						0.94,
						928.712,
						727.308,
						0.65,
						848.214,
						713.931,
						0.71,
						909.228,
						900.399,
						0.97,
						810.593,
						876.491,
						0.86,
						963.368,
						973.24,
						1.0,
						858.6,
						987.891,
						1.0
					],
					"area": 58902.811,
					"b_score": 0.987,
					"object_id": 0
				}
			]
		},
		{
			"frame_num": 25,
			"objects": [
				{
					"category_id": 1,
					"bbox": [
						658.72,
						244.45,
						342.6,
						835.55
					],
					"score": 0.913,
					"keypoints": [
						826.015,
						366.388,
						1.0,
						843.521,
						349.169,
						1.0,
						809.584,
						355.836,
						1.0,
						885.719,
						357.393,
						1.0,
						800.368,
						367.141,
						0.05,
						921.412,
						427.127,
						0.91,
						796.647,
						419.459,
						0.77,
						890.05,
						434.338,
						0.93,
						681.799,
						432.65,
						1.0,
						789.632,
						443.844,
						1.0,
						730.338,
						390.681,
						1.0,
						926.07,
						696.453,
						0.68,
						846.254,
						685.266,
						0.79,
						923.573,
						879.549,
						0.97,
						812.795,
						844.91,
						0.96,
						964.299,
						966.003,
						1.0,
						841.546,
						976.29,
						1.0
					],
					"area": 64335.729,
					"b_score": 0.982,
					"object_id": 0
				}
			]
		},
		{
			"frame_num": 26,
			"objects": [
				{
					"category_id": 1,
					"bbox": [
						656.94,
						198.92,
						349.4,
						870.09
					],
					"score": 0.895,
					"keypoints": [
						826.543,
						319.1,
						1.0,
						844.351,
						301.27,
						1.0,
						809.288,
						302.735,
						1.0,
						888.142,
						303.712,
						1.0,
						805.163,
						312.656,
						0.03,
						919.651,
						373.337,
						0.76,
						798.445,
						386.425,
						0.82,
						902.243,
						370.609,
						0.78,
						675.746,
						386.602,
						1.0,
						805.452,
						405.593,
						1.0,
						734.693,
						351.261,
						1.0,
						922.679,
						656.425,
						0.7,
						845.876,
						653.412,
						0.78,
						941.076,
						840.976,
						0.97,
						818.885,
						815.993,
						0.93,
						969.353,
						958.694,
						1.0,
						823.36,
						960.627,
						0.98
					],
					"area": 68323.79,
					"b_score": 0.992,
					"object_id": 0
				}
			]
		},
		{
			"frame_num": 27,
			"objects": [
				{
					"category_id": 1,
					"bbox": [
						661.53,
						154.79,
						350.69,
						885.39
					],
					"score": 0.91,
					"keypoints": [
						829.374,
						273.516,
						1.0,
						847.515,
						255.222,
						1.0,
						816.579,
						262.927,
						1.0,
						892.673,
						263.4,
						1.0,
						810.081,
						272.424,
						0.05,
						917.519,
						327.668,
						0.67,
						796.834,
						345.908,
						0.86,
						920.008,
						324.873,
						0.89,
						681.648,
						351.643,
						1.0,
						824.452,
						382.522,
						1.0,
						738.199,
						335.851,
						1.0,
						923.392,
						616.105,
						0.68,
						847.796,
						615.798,
						0.8,
						953.51,
						794.8,
						0.92,
						820.712,
						781.466,
						0.95,
						983.816,
						939.528,
						1.0,
						823.127,
						931.095,
						1.0
					],
					"area": 69783.544,
					"b_score": 0.983,
					"object_id": 0
				}
			]
		},
		{
			"frame_num": 28,
			"objects": [
				{
					"category_id": 1,
					"bbox": [
						667.34,
						123.67,
						352.38,
						899.4
					],
					"score": 0.923,
					"keypoints": [
						829.425,
						239.943,
						1.0,
						852.783,
						221.289,
						1.0,
						818.446,
						222.746,
						1.0,
						893.908,
						230.719,
						1.0,
						805.497,
						239.942,
						0.07,
						920.072,
						295.252,
						0.7,
						794.446,
						314.442,
						1.0,
						933.476,
						301.464,
						1.0,
						686.237,
						329.916,
						1.0,
						837.4,
						364.101,
						1.0,
						736.624,
						317.303,
						1.0,
						923.306,
						594.446,
						0.64,
						847.963,
						587.262,
						0.72,
						957.881,
						773.0,
						0.95,
						816.938,
						755.59,
						0.93,
						994.75,
						911.614,
						0.96,
						820.894,
						901.524,
						0.97
					],
					"area": 71229.203,
					"b_score": 0.986,
					"object_id": 0
				}
			]
		},
		{
			"frame_num": 29,
			"objects": [
				{
					"category_id": 1,
					"bbox": [
						682.83,
						88.73,
						349.12,
						911.65
					],
					"score": 0.946,
					"keypoints": [
						831.494,
						213.819,
						1.0,
						852.71,
						194.878,
						1.0,
						816.54,
						195.075,
						1.0,
						892.293,
						204.567,
						1.0,
						805.324,
						206.142,
						0.08,
						919.641,
						262.259,
						0.76,
						795.039,
						297.301,
						0.99,
						948.255,
						286.391,
						1.0,
						694.585,
						323.011,
						1.0,
						855.105,
						351.075,
						1.0,
						737.898,
						321.008,
						1.0,
						921.596,
						566.955,
						0.65,
						849.905,
						565.454,
						0.73,
						957.416,
						762.041,
						1.0,
						812.423,
						728.641,
						1.0,
						1002.345,
						894.385,
						1.0,
						823.181,
						875.974,
						1.0
					],
					"area": 71532.037,
					"b_score": 0.975,
					"object_id": 0
				}
			]
		},
		{
			"frame_num": 30,
			"objects": [
				{
					"category_id": 1,
					"bbox": [
						690.67,
						71.64,
						348.42,
						902.64
					],
					"score": 0.966,
					"keypoints": [
						831.723,
						186.239,
						1.0,
						851.764,
						167.398,
						1.0,
						814.932,
						167.358,
						1.0,
						895.056,
						184.738,
						1.0,
						804.556,
						184.868,
						0.07,
						918.264,
						240.916,
						0.91,
						799.499,
						278.563,
						1.0,
						967.479,
						275.958,
						1.0,
						702.382,
						328.71,
						1.0,
						866.006,
						349.21,
						1.0,
						737.93,
						320.832,
						1.0,
						919.46,
						558.469,
						0.74,
						850.267,
						550.886,
						0.74,
						955.583,
						748.539,
						1.0,
						803.96,
						711.52,
						1.0,
						1008.757,
						878.382,
						1.0,
						822.763,
						859.216,
						1.0
					],
					"area": 70681.853,
					"b_score": 0.979,
					"object_id": 0
				}
			]
		},
		{
			"frame_num": 31,
			"objects": [
				{
					"category_id": 1,
					"bbox": [
						702.89,
						53.32,
						344.65,
						910.8
					],
					"score": 0.977,
					"keypoints": [
						832.1,
						166.945,
						1.0,
						851.638,
						147.994,
						1.0,
						814.295,
						147.938,
						1.0,
						897.014,
						166.888,
						1.0,
						804.318,
						158.962,
						0.14,
						918.106,
						231.114,
						0.94,
						807.175,
						261.622,
						0.97,
						983.71,
						276.212,
						1.0,
						712.297,
						332.184,
						1.0,
						876.833,
						351.839,
						1.0,
						742.854,
						323.342,
						1.0,
						918.796,
						545.819,
						0.73,
						850.777,
						544.078,
						0.79,
						955.738,
						735.952,
						1.0,
						804.006,
						697.878,
						1.0,
						1019.432,
						866.601,
						1.0,
						822.94,
						847.344,
						1.0
					],
					"area": 70548.927,
					"b_score": 0.98,
					"object_id": 0
				}
			]
		},
		{
			"frame_num": 32,
			"objects": [
				{
					"category_id": 1,
					"bbox": [
						712.85,
						43.26,
						338.94,
						924.09
					],
					"score": 0.972,
					"keypoints": [
						830.872,
						148.649,
						1.0,
						850.27,
						137.308,
						1.0,
						812.494,
						137.272,
						1.0,
						896.889,
						156.621,
						1.0,
						802.584,
						147.173,
						0.09,
						917.169,
						215.422,
						0.97,
						808.777,
						252.612,
						0.99,
						989.498,
						278.521,
						1.0,
						721.165,
						335.706,
						1.0,
						877.344,
						355.527,
						1.0,
						742.799,
						326.642,
						1.0,
						917.585,
						540.665,
						0.73,
						849.926,
						540.271,
						0.79,
						950.233,
						725.471,
						1.0,
						802.377,
						686.805,
						1.0,
						1021.342,
						874.15,
						1.0,
						813.793,
						847.078,
						1.0
					],
					"area": 70392.515,
					"b_score": 0.979,
					"object_id": 0
				}
			]
		},
		{
			"frame_num": 33,
			"objects": [
				{
					"category_id": 1,
					"bbox": [
						718.86,
						36.17,
						331.4,
						948.31
					],
					"score": 0.95,
					"keypoints": [
						830.59,
						141.634,
						1.0,
						850.145,
						131.505,
						1.0,
						811.654,
						131.484,
						1.0,
						898.113,
						151.245,
						1.0,
						801.719,
						141.369,
						0.09,
						918.011,
						210.321,
						0.99,
						809.681,
						241.657,
						0.97,
						994.911,
						285.95,
						1.0,
						731.354,
						344.156,
						1.0,
						872.034,
						365.091,
						1.0,
						747.932,
						327.409,
						1.0,
						918.233,
						536.454,
						0.69,
						849.951,
						536.388,
						0.71,
						949.516,
						730.601,
						1.0,
						801.555,
						691.46,
						1.0,
						1026.313,
						879.246,
						1.0,
						811.439,
						850.398,
						1.0
					],
					"area": 70630.383,
					"b_score": 0.973,
					"object_id": 0
				}
			]
		},
		{
			"frame_num": 34,
			"objects": [
				{
					"category_id": 1,
					"bbox": [
						725.16,
						36.34,
						325.86,
						965.7
					],
					"score": 0.911,
					"keypoints": [
						831.554,
						141.898,
						1.0,
						856.429,
						131.821,
						1.0,
						816.754,
						131.817,
						1.0,
						900.645,
						151.849,
						1.0,
						806.933,
						141.839,
						0.1,
						920.099,
						211.935,
						0.92,
						811.257,
						242.353,
						0.97,
						994.189,
						298.66,
						1.0,
						743.132,
						357.249,
						0.97,
						872.693,
						371.573,
						1.0,
						757.934,
						339.47,
						0.98,
						920.188,
						534.862,
						0.64,
						855.831,
						534.858,
						0.72,
						951.476,
						734.005,
						1.0,
						805.983,
						694.186,
						1.0,
						1024.522,
						890.786,
						1.0,
						818.333,
						854.942,
						0.97
					],
					"area": 70724.049,
					"b_score": 0.965,
					"object_id": 0
				}
			]
		},
		{
			"frame_num": 35,
			"objects": [
				{
					"category_id": 1,
					"bbox": [
						727.48,
						46.86,
						327.1,
						966.97
					],
					"score": 0.927,
					"keypoints": [
						833.4,
						150.091,
						1.0,
						856.119,
						139.939,
						1.0,
						816.19,
						139.962,
						1.0,
						898.496,
						152.438,
						1.0,
						806.232,
						150.025,
						0.11,
						922.29,
						220.441,
						0.97,
						808.353,
						250.547,
						1.0,
						989.922,
						309.498,
						1.0,
						750.066,
						368.083,
						1.0,
						864.001,
						380.705,
						1.0,
						763.034,
						349.351,
						1.0,
						922.295,
						542.316,
						0.7,
						860.706,
						542.238,
						0.71,
						949.143,
						742.552,
						0.99,
						809.308,
						702.768,
						1.0,
						1019.378,
						900.067,
						1.0,
						822.103,
						857.029,
						1.0
					],
					"area": 71086.413,
					"b_score": 0.953,
					"object_id": 0
				}
			]
		},
		{
			"frame_num": 36,
			"objects": [
				{
					"category_id": 1,
					"bbox": [
						735.13,
						55.57,
						313.33,
						985.95
					],
					"score": 0.871,
					"keypoints": [
						830.029,
						167.163,
						1.0,
						851.705,
						149.541,
						1.0,
						815.573,
						149.58,
						1.0,
						893.725,
						160.408,
						1.0,
						805.46,
						159.787,
						0.07,
						924.297,
						238.468,
						0.95,
						806.539,
						261.618,
						0.99,
						979.689,
						328.216,
						1.0,
						751.834,
						380.232,
						0.77,
						851.597,
						391.225,
						1.0,
						756.853,
						360.147,
						0.93,
						924.34,
						543.066,
						0.58,
						863.391,
						543.033,
						0.58,
						944.708,
						752.677,
						1.0,
						807.535,
						712.642,
						1.0,
						1013.832,
						925.211,
						0.98,
						817.718,
						866.873,
						0.97
					],
					"area": 69429.911,
					"b_score": 0.954,
					"object_id": 0
				}
			]
		},
		{
			"frame_num": 37,
			"objects": [
				{
					"category_id": 1,
					"bbox": [
						734.99,
						76.73,
						297.36,
						986.4
					],
					"score": 0.841,
					"keypoints": [
						828.933,
						185.678,
						1.0,
						850.144,
						166.334,
						1.0,
						816.136,
						166.427,
						1.0,
						891.905,
						176.79,
						1.0,
						801.919,
						176.658,
						0.04,
						926.53,
						250.676,
						0.89,
						806.572,
						272.024,
						0.93,
						975.906,
						350.458,
						1.0,
						759.995,
						390.079,
						0.63,
						841.307,
						412.445,
						1.0,
						762.652,
						382.317,
						0.91,
						922.721,
						550.504,
						0.57,
						865.845,
						550.395,
						0.61,
						943.043,
						767.051,
						0.97,
						811.073,
						722.491,
						0.96,
						999.088,
						949.55,
						0.9,
						822.87,
						884.048,
						1.0
					],
					"area": 65921.532,
					"b_score": 0.953,
					"object_id": 0
				}
			]
		},
		{
			"frame_num": 38,
			"objects": [
				{
					"category_id": 1,
					"bbox": [
						746.99,
						103.01,
						286.47,
						976.99
					],
					"score": 0.816,
					"keypoints": [
						831.1,
						205.451,
						1.0,
						851.978,
						186.072,
						1.0,
						819.789,
						186.274,
						1.0,
						897.875,
						196.368,
						1.0,
						807.25,
						196.437,
						0.06,
						930.716,
						268.822,
						0.83,
						810.103,
						289.528,
						0.89,
						972.362,
						372.724,
						1.0,
						768.086,
						403.062,
						0.34,
						843.456,
						446.55,
						1.0,
						770.119,
						416.435,
						0.82,
						928.296,
						565.257,
						0.63,
						865.325,
						564.906,
						0.67,
						944.255,
						784.548,
						0.86,
						816.834,
						739.226,
						0.95,
						997.777,
						987.313,
						0.91,
						837.989,
						905.395,
						0.92
					],
					"area": 62902.159,
					"b_score": 0.967,
					"object_id": 0
				}
			]
		},
		{
			"frame_num": 39,
			"objects": [
				{
					"category_id": 1,
					"bbox": [
						751.25,
						140.35,
						264.53,
						939.65
					],
					"score": 0.806,
					"keypoints": [
						830.54,
						227.428,
						1.0,
						850.917,
						204.828,
						1.0,
						819.839,
						205.455,
						1.0,
						898.016,
						215.076,
						1.0,
						808.537,
						215.471,
						0.07,
						929.398,
						288.635,
						0.94,
						810.106,
						307.488,
						0.92,
						966.141,
						421.939,
						0.99,
						769.823,
						428.854,
						0.41,
						840.707,
						490.969,
						1.0,
						770.7,
						443.987,
						0.8,
						927.995,
						582.381,
						0.6,
						862.499,
						583.433,
						0.66,
						937.485,
						825.183,
						0.89,
						818.211,
						765.522,
						1.0,
						981.931,
						1021.512,
						0.91,
						854.115,
						940.934,
						0.96
					],
					"area": 55865.051,
					"b_score": 0.937,
					"object_id": 0
				}
			]
		},
		{
			"frame_num": 40,
			"objects": [
				{
					"category_id": 1,
					"bbox": [
						752.5,
						183.21,
						267.41,
						896.79
					],
					"score": 0.851,
					"keypoints": [
						832.311,
						273.049,
						1.0,
						851.955,
						251.202,
						1.0,
						822.476,
						251.013,
						1.0,
						898.978,
						253.475,
						1.0,
						807.784,
						253.345,
						0.1,
						928.929,
						335.78,
						0.86,
						813.04,
						352.84,
						0.83,
						965.928,
						484.401,
						0.99,
						775.289,
						468.059,
						0.57,
						829.438,
						537.418,
						0.97,
						776.452,
						490.278,
						0.87,
						928.094,
						619.965,
						0.64,
						858.933,
						620.802,
						0.7,
						933.363,
						862.983,
						0.84,
						821.645,
						795.855,
						0.9,
						976.707,
						1061.391,
						1.0,
						868.476,
						976.556,
						0.98
					],
					"area": 53895.477,
					"b_score": 0.96,
					"object_id": 0
				}
			]
		},
		{
			"frame_num": 41,
			"objects": [
				{
					"category_id": 1,
					"bbox": [
						757.56,
						234.0,
						315.94,
						846.0
					],
					"score": 0.837,
					"keypoints": [
						836.028,
						324.634,
						1.0,
						859.015,
						305.406,
						1.0,
						827.098,
						305.172,
						1.0,
						900.454,
						304.958,
						1.0,
						815.262,
						304.786,
						0.11,
						928.853,
						393.146,
						0.87,
						818.147,
						402.796,
						0.89,
						965.141,
						540.785,
						1.0,
						795.05,
						492.743,
						0.69,
						836.8,
						594.362,
						0.99,
						784.8,
						533.393,
						0.82,
						928.354,
						682.037,
						0.61,
						858.664,
						675.244,
						0.58,
						921.665,
						910.463,
						0.87,
						826.752,
						838.141,
						0.88,
						989.906,
						1074.034,
						1.0,
						904.754,
						1001.625,
						0.96
					],
					"area": 60070.68,
					"b_score": 0.968,
					"object_id": 0
				}
			]
		},
		{
			"frame_num": 42,
			"objects": [
				{
					"category_id": 1,
					"bbox": [
						761.15,
						274.19,
						291.36,
						805.81
					],
					"score": 0.816,
					"keypoints": [
						839.746,
						373.146,
						1.0,
						859.78,
						355.688,
						1.0,
						827.094,
						355.55,
						1.0,
						901.425,
						355.022,
						1.0,
						812.98,
						354.919,
						0.08,
						928.448,
						454.526,
						0.86,
						818.42,
						448.475,
						0.95,
						963.565,
						600.978,
						1.0,
						794.068,
						540.496,
						0.84,
						830.03,
						651.477,
						0.98,
						785.03,
						592.171,
						0.43,
						931.79,
						726.594,
						0.61,
						859.453,
						718.19,
						0.59,
						910.774,
						947.82,
						0.89,
						823.059,
						878.125,
						0.98,
						997.926,
						1075.579,
						0.68,
						910.023,
						1007.719,
						0.9
					],
					"area": 52766.253,
					"b_score": 0.966,
					"object_id": 0
				}
			]
		},
		{
			"frame_num": 43,
			"objects": [
				{
					"category_id": 1,
					"bbox": [
						762.59,
						303.84,
						291.6,
						776.16
					],
					"score": 0.746,
					"keypoints": [
						843.714,
						404.504,
						1.0,
						865.952,
						388.041,
						1.0,
						829.299,
						387.975,
						1.0,
						906.767,
						387.643,
						1.0,
						814.101,
						387.594,
						0.07,
						936.029,
						512.906,
						0.8,
						825.493,
						483.888,
						0.84,
						962.444,
						660.379,
						0.94,
						802.661,
						580.153,
						0.77,
						839.397,
						715.672,
						0.93,
						789.466,
						681.811,
						0.74,
						934.006,
						753.164,
						0.56,
						861.305,
						744.836,
						0.52,
						907.077,
						972.378,
						0.85,
						819.907,
						899.568,
						0.89,
						1005.645,
						1075.905,
						0.33,
						918.794,
						997.244,
						0.75
					],
					"area": 50867.029,
					"b_score": 0.956,
					"object_id": 0
				}
			]
		},
		{
			"frame_num": 44,
			"objects": [
				{
					"category_id": 1,
					"bbox": [
						758.77,
						320.99,
						303.81,
						759.01
					],
					"score": 0.742,
					"keypoints": [
						843.596,
						429.237,
						1.0,
						870.76,
						413.285,
						1.0,
						832.457,
						406.856,
						1.0,
						910.738,
						419.495,
						1.0,
						816.791,
						406.656,
						0.07,
						933.631,
						533.707,
						0.78,
						826.645,
						508.19,
						0.86,
						965.301,
						690.831,
						1.0,
						819.564,
						603.493,
						0.87,
						866.011,
						779.409,
						0.78,
						800.44,
						695.502,
						0.95,
						940.066,
						770.731,
						0.58,
						867.824,
						756.387,
						0.51,
						902.261,
						979.246,
						0.83,
						817.001,
						913.615,
						0.82,
						1014.047,
						1076.026,
						0.36,
						915.438,
						1003.538,
						0.68
					],
					"area": 51824.223,
					"b_score": 0.943,
					"object_id": 0
				}
			]
		},
		{
			"frame_num": 45,
			"objects": [
				{
					"category_id": 1,
					"bbox": [
						757.09,
						335.59,
						291.95,
						738.39
					],
					"score": 0.752,
					"keypoints": [
						844.452,
						443.404,
						1.0,
						869.595,
						427.904,
						1.0,
						831.266,
						426.543,
						1.0,
						908.908,
						441.553,
						1.0,
						815.795,
						426.396,
						0.08,
						932.159,
						557.232,
						0.81,
						824.46,
						520.634,
						0.91,
						959.915,
						712.246,
						1.0,
						826.621,
						626.013,
						0.87,
						893.081,
						835.922,
						0.87,
						805.349,
						743.627,
						0.94,
						938.935,
						788.394,
						0.55,
						868.115,
						773.027,
						0.57,
						885.794,
						978.17,
						0.87,
						813.078,
						921.502,
						0.86,
						1009.4,
						1071.292,
						0.31,
						903.562,
						1007.646,
						0.6
					],
					"area": 48449.317,
					"b_score": 0.941,
					"object_id": 0
				}
			]
		},
		{
			"frame_num": 46,
			"objects": [
				{
					"category_id": 1,
					"bbox": [
						762.32,
						336.97,
						283.51,
						737.32
					],
					"score": 0.785,
					"keypoints": [
						841.934,
						453.329,
						1.0,
						866.014,
						437.945,
						1.0,
						827.831,
						431.575,
						1.0,
						905.189,
						446.907,
						1.0,
						812.623,
						431.516,
						0.11,
						931.686,
						568.584,
						0.83,
						820.492,
						530.141,
						0.94,
						953.24,
						716.316,
						0.99,
						829.613,
						637.385,
						0.81,
						939.418,
						861.397,
						0.99,
						813.341,
						768.983,
						1.0,
						935.522,
						798.718,
						0.59,
						865.435,
						777.281,
						0.61,
						880.351,
						984.067,
						0.9,
						807.375,
						923.757,
						0.95,
						1008.378,
						1070.636,
						0.3,
						901.252,
						1008.719,
						0.67
					],
					"area": 46979.409,
					"b_score": 0.936,
					"object_id": 0
				}
			]
		},
		{
			"frame_num": 47,
			"objects": [
				{
					"category_id": 1,
					"bbox": [
						775.49,
						330.14,
						280.38,
						749.86
					],
					"score": 0.76,
					"keypoints": [
						841.737,
						451.696,
						1.0,
						865.521,
						436.13,
						1.0,
						827.003,
						428.676,
						1.0,
						904.683,
						438.244,
						1.0,
						811.69,
						428.678,
						0.09,
						930.133,
						562.229,
						0.79,
						823.013,
						523.598,
						0.83,
						952.061,
						716.703,
						0.95,
						837.587,
						638.395,
						0.69,
						984.569,
						843.315,
						1.0,
						823.148,
						756.998,
						0.98,
						929.808,
						801.786,
						0.61,
						862.314,
						778.783,
						0.58,
						880.468,
						977.103,
						0.87,
						805.086,
						920.93,
						0.87,
						1011.553,
						1074.85,
						0.42,
						908.875,
						1012.547,
						0.54
					],
					"area": 47252.492,
					"b_score": 0.953,
					"object_id": 0
				}
			]
		},
		{
			"frame_num": 48,
			"objects": [
				{
					"category_id": 1,
					"bbox": [
						772.41,
						320.17,
						294.37,
						759.83
					],
					"score": 0.807,
					"keypoints": [
						839.638,
						450.99,
						1.0,
						863.338,
						435.224,
						1.0,
						824.596,
						427.439,
						1.0,
						902.818,
						435.768,
						1.0,
						809.314,
						427.447,
						0.06,
						930.626,
						561.716,
						0.88,
						821.956,
						516.622,
						0.85,
						956.811,
						706.618,
						1.0,
						836.87,
						634.149,
						0.73,
						1015.149,
						824.885,
						1.0,
						827.356,
						738.183,
						0.96,
						923.659,
						799.709,
						0.69,
						858.549,
						782.045,
						0.64,
						882.547,
						979.954,
						0.86,
						804.97,
						918.674,
						0.95,
						1006.751,
						1075.747,
						0.57,
						902.982,
						1006.88,
						0.64
					],
					"area": 50269.304,
					"b_score": 0.961,
					"object_id": 0
				}
			]
		},
		{
			"frame_num": 49,
			"objects": [
				{
					"category_id": 1,
					"bbox": [
						773.62,
						308.75,
						312.91,
						771.25
					],
					"score": 0.827,
					"keypoints": [
						838.886,
						443.934,
						1.0,
						862.722,
						422.263,
						1.0,
						823.529,
						420.075,
						1.0,
						902.493,
						422.592,
						1.0,
						807.942,
						420.127,
						0.09,
						931.964,
						549.756,
						0.87,
						818.614,
						508.858,
						0.87,
						971.875,
						688.073,
						1.0,
						832.374,
						616.795,
						0.65,
						1036.176,
						805.913,
						1.0,
						823.156,
						711.983,
						0.72,
						921.105,
						790.38,
						0.71,
						852.895,
						773.979,
						0.63,
						884.444,
						974.123,
						0.85,
						805.227,
						910.99,
						0.98,
						1006.559,
						1075.917,
						0.79,
						902.338,
						999.611,
						0.74
					],
					"area": 54238.896,
					"b_score": 0.974,
					"object_id": 0
				}
			]
		},
		{
			"frame_num": 50,
			"objects": [
				{
					"category_id": 1,
					"bbox": [
						772.22,
						294.29,
						325.71,
						785.71
					],
					"score": 0.814,
					"keypoints": [
						836.783,
						433.809,
						1.0,
						860.764,
						415.844,
						1.0,
						820.862,
						409.638,
						1.0,
						901.027,
						410.716,
						1.0,
						804.72,
						409.743,
						0.11,
						934.997,
						545.512,
						0.8,
						817.769,
						494.394,
						0.89,
						990.247,
						672.541,
						1.0,
						832.615,
						600.914,
						0.53,
						1051.905,
						786.27,
						1.0,
						813.897,
						691.296,
						0.84,
						918.036,
						784.071,
						0.67,
						851.205,
						767.791,
						0.64,
						883.007,
						965.736,
						0.8,
						802.844,
						906.502,
						0.9,
						1005.565,
						1075.912,
						0.77,
						904.957,
						996.377,
						0.71
					],
					"area": 57514.711,
					"b_score": 0.982,
					"object_id": 0
				}
			]
		},
		{
			"frame_num": 51,
			"objects": [
				{
					"category_id": 1,
					"bbox": [
						770.49,
						280.83,
						335.44,
						799.17
					],
					"score": 0.788,
					"keypoints": [
						835.835,
						418.593,
						1.0,
						860.191,
						401.494,
						1.0,
						819.549,
						399.19,
						1.0,
						900.932,
						399.949,
						1.0,
						806.401,
						394.546,
						0.08,
						938.313,
						532.421,
						0.83,
						817.668,
						479.335,
						0.84,
						1006.927,
						652.781,
						1.0,
						855.725,
						581.828,
						0.28,
						1065.548,
						768.502,
						1.0,
						822.076,
						679.004,
						0.25,
						917.74,
						773.534,
						0.69,
						847.023,
						757.242,
						0.64,
						887.866,
						961.699,
						0.84,
						805.5,
						898.248,
						0.91,
						1002.754,
						1075.863,
						0.72,
						902.487,
						994.368,
						0.81
					],
					"area": 60249.014,
					"b_score": 0.975,
					"object_id": 0
				}
			]
		},
		{
			"frame_num": 52,
			"objects": [
				{
					"category_id": 1,
					"bbox": [
						768.74,
						266.51,
						341.44,
						813.49
					],
					"score": 0.781,
					"keypoints": [
						834.98,
						411.344,
						1.0,
						856.353,
						394.346,
						1.0,
						814.47,
						388.651,
						1.0,
						901.07,
						389.507,
						1.0,
						799.52,
						386.914,
						0.07,
						940.819,
						517.201,
						0.8,
						817.272,
						472.282,
						0.77,
						1020.826,
						637.179,
						0.99,
						857.837,
						574.281,
						0.24,
						1077.682,
						747.355,
						1.0,
						824.111,
						672.798,
						0.19,
						913.861,
						766.657,
						0.68,
						844.57,
						750.168,
						0.68,
						890.28,
						954.155,
						0.93,
						806.546,
						893.275,
						0.95,
						1002.897,
						1075.794,
						0.87,
						901.834,
						997.357,
						0.88
					],
					"area": 62424.452,
					"b_score": 0.97,
					"object_id": 0
				}
			]
		},
		{
			"frame_num": 53,
			"objects": [
				{
					"category_id": 1,
					"bbox": [
						761.78,
						255.43,
						353.57,
						822.4
					],
					"score": 0.811,
					"keypoints": [
						829.743,
						403.58,
						1.0,
						853.019,
						382.678,
						1.0,
						810.346,
						379.776,
						1.0,
						897.239,
						380.91,
						1.0,
						794.203,
						379.14,
						0.08,
						941.762,
						507.281,
						0.85,
						812.775,
						462.757,
						0.91,
						1025.782,
						624.061,
						1.0,
						862.994,
						564.803,
						0.2,
						1072.24,
						728.27,
						1.0,
						835.88,
						665.712,
						0.1,
						911.23,
						760.95,
						0.73,
						842.329,
						744.323,
						0.73,
						890.828,
						945.19,
						0.87,
						802.426,
						889.036,
						1.0,
						997.448,
						1074.381,
						1.0,
						895.763,
						1002.228,
						0.99
					],
					"area": 65349.877,
					"b_score": 0.964,
					"object_id": 0
				}
			]
		},
		{
			"frame_num": 54,
			"objects": [
				{
					"category_id": 1,
					"bbox": [
						756.97,
						245.95,
						360.06,
						832.35
					],
					"score": 0.815,
					"keypoints": [
						829.258,
						393.719,
						1.0,
						853.688,
						374.803,
						1.0,
						810.776,
						372.733,
						1.0,
						897.531,
						374.374,
						1.0,
						794.077,
						372.593,
						0.08,
						945.796,
						500.153,
						0.83,
						812.184,
						453.592,
						0.87,
						1032.884,
						614.45,
						1.0,
						868.85,
						556.881,
						0.19,
						1086.419,
						713.63,
						1.0,
						843.479,
						646.327,
						0.07,
						908.926,
						752.776,
						0.68,
						839.79,
						740.052,
						0.74,
						896.842,
						940.668,
						0.87,
						798.428,
						886.229,
						0.97,
						1000.073,
						1074.124,
						1.0,
						891.703,
						1003.74,
						1.0
					],
					"area": 67356.367,
					"b_score": 0.958,
					"object_id": 0
				}
			]
		},
		{
			"frame_num": 55,
			"objects": [
				{
					"category_id": 1,
					"bbox": [
						754.36,
						237.53,
						366.58,
						839.91
					],
					"score": 0.83,
					"keypoints": [
						828.842,
						385.713,
						1.0,
						850.148,
						367.059,
						1.0,
						810.782,
						366.348,
						1.0,
						897.817,
						366.312,
						1.0,
						789.25,
						361.479,
						0.05,
						944.05,
						491.639,
						0.82,
						807.699,
						444.01,
						0.84,
						1036.347,
						604.191,
						1.0,
						870.893,
						548.507,
						0.2,
						1090.091,
						707.285,
						1.0,
						845.181,
						638.004,
						0.07,
						907.979,
						751.166,
						0.7,
						833.664,
						736.31,
						0.71,
						904.802,
						934.801,
						0.91,
						795.949,
						883.705,
						0.98,
						1001.759,
						1073.506,
						1.0,
						884.217,
						1003.334,
						1.0
					],
					"area": 69198.111,
					"b_score": 0.964,
					"object_id": 0
				}
			]
		},
		{
			"frame_num": 56,
			"objects": [
				{
					"category_id": 1,
					"bbox": [
						753.75,
						234.17,
						368.56,
						843.71
					],
					"score": 0.834,
					"keypoints": [
						824.441,
						382.975,
						1.0,
						848.129,
						360.41,
						1.0,
						806.466,
						360.371,
						1.0,
						894.398,
						359.792,
						1.0,
						786.676,
						357.453,
						0.07,
						943.328,
						489.215,
						0.87,
						804.985,
						442.36,
						0.86,
						1032.633,
						597.105,
						1.0,
						866.281,
						547.391,
						0.19,
						1084.369,
						705.022,
						1.0,
						845.59,
						641.576,
						0.06,
						907.631,
						749.884,
						0.71,
						830.71,
						733.959,
						0.7,
						910.051,
						930.579,
						0.92,
						789.896,
						882.201,
						1.0,
						997.839,
						1073.497,
						1.0,
						868.401,
						1009.065,
						0.97
					],
					"area": 69887.613,
					"b_score": 0.961,
					"object_id": 0
				}
			]
		},
		{
			"frame_num": 57,
			"objects": [
				{
					"category_id": 1,
					"bbox": [
						753.27,
						233.07,
						368.35,
						843.18
					],
					"score": 0.818,
					"keypoints": [
						821.77,
						376.42,
						1.0,
						842.308,
						356.084,
						1.0,
						803.928,
						356.245,
						1.0,
						892.083,
						355.681,
						1.0,
						785.176,
						354.664,
						0.09,
						942.688,
						486.992,
						0.8,
						798.725,
						436.172,
						0.87,
						1030.878,
						592.762,
						0.97,
						864.237,
						546.186,
						0.19,
						1082.799,
						703.463,
						1.0,
						839.708,
						634.929,
						0.05,
						907.181,
						748.604,
						0.69,
						829.074,
						735.761,
						0.69,
						917.341,
						927.115,
						0.88,
						786.66,
						880.785,
						1.0,
						1000.701,
						1072.601,
						1.0,
						857.17,
						1016.158,
						0.96
					],
					"area": 69803.437,
					"b_score": 0.961,
					"object_id": 0
				}
			]
		},
		{
			"frame_num": 58,
			"objects": [
				{
					"category_id": 1,
					"bbox": [
						740.97,
						232.02,
						376.58,
						844.58
					],
					"score": 0.828,
					"keypoints": [
						815.988,
						372.415,
						1.0,
						839.561,
						353.425,
						1.0,
						798.181,
						353.599,
						1.0,
						886.684,
						353.184,
						1.0,
						779.908,
						352.784,
						0.06,
						939.306,
						485.288,
						0.87,
						795.742,
						437.487,
						0.88,
						1021.447,
						594.91,
						1.0,
						858.95,
						545.309,
						0.21,
						1076.654,
						702.891,
						1.0,
						827.343,
						626.185,
						0.07,
						902.769,
						747.817,
						0.75,
						823.668,
						736.688,
						0.74,
						921.303,
						928.847,
						0.9,
						785.324,
						879.974,
						1.0,
						997.533,
						1072.38,
						1.0,
						833.198,
						1032.117,
						0.95
					],
					"area": 71479.881,
					"b_score": 0.949,
					"object_id": 0
				}
			]
		},
		{
			"frame_num": 59,
			"objects": [
				{
					"category_id": 1,
					"bbox": [
						733.99,
						231.11,
						375.34,
						848.89
					],
					"score": 0.868,
					"keypoints": [
						813.473,
						370.281,
						1.0,
						838.607,
						351.947,
						1.0,
						795.692,
						352.081,
						1.0,
						884.324,
						351.809,
						1.0,
						782.271,
						351.67,
						0.05,
						934.084,
						484.403,
						0.86,
						794.572,
						433.61,
						0.88,
						1018.089,
						600.06,
						0.99,
						846.842,
						535.748,
						0.4,
						1070.637,
						709.624,
						1.0,
						808.859,
						595.499,
						0.87,
						901.143,
						748.054,
						0.76,
						821.634,
						734.304,
						0.72,
						923.837,
						927.353,
						0.92,
						789.205,
						880.382,
						0.95,
						1001.993,
						1074.197,
						1.0,
						822.258,
						1038.338,
						1.0
					],
					"area": 71608.888,
					"b_score": 0.95,
					"object_id": 0
				}
			]
		},
		{
			"frame_num": 60,
			"objects": [
				{
					"category_id": 1,
					"bbox": [
						737.07,
						235.47,
						360.76,
						844.53
					],
					"score": 0.903,
					"keypoints": [
						805.278,
						374.911,
						1.0,
						831.33,
						353.046,
						1.0,
						787.53,
						356.757,
						1.0,
						876.167,
						352.988,
						1.0,
						777.005,
						352.853,
						0.04,
						928.563,
						488.07,
						0.9,
						787.256,
						437.71,
						0.97,
						1009.09,
						606.754,
						1.0,
						832.847,
						532.75,
						0.4,
						1061.43,
						716.837,
						1.0,
						794.068,
						599.53,
						0.88,
						893.26,
						748.897,
						0.77,
						813.46,
						737.321,
						0.75,
						922.823,
						926.811,
						0.97,
						785.148,
						884.93,
						0.97,
						1001.476,
						1075.002,
						1.0,
						802.354,
						1054.076,
						1.0
					],
					"area": 68474.592,
					"b_score": 0.96,
					"object_id": 0
				}
			]
		},
		{
			"frame_num": 61,
			"objects": [
				{
					"category_id": 1,
					"bbox": [
						734.5,
						240.11,
						350.25,
						839.89
					],
					"score": 0.904,
					"keypoints": [
						802.497,
						375.263,
						1.0,
						823.652,
						355.364,
						1.0,
						784.869,
						357.361,
						1.0,
						872.974,
						355.364,
						1.0,
						765.187,
						355.15,
						0.02,
						921.248,
						488.564,
						0.83,
						779.724,
						441.157,
						1.0,
						997.163,
						612.9,
						0.99,
						814.437,
						537.267,
						0.58,
						1050.531,
						735.598,
						1.0,
						785.162,
						608.653,
						0.85,
						890.245,
						750.171,
						0.7,
						810.907,
						736.135,
						0.69,
						922.787,
						926.847,
						0.89,
						783.965,
						892.703,
						0.91,
						1001.484,
						1075.36,
						1.0,
						800.631,
						1057.269,
						1.0
					],
					"area": 66114.429,
					"b_score": 0.972,
					"object_id": 0
				}
			]
		},
		{
			"frame_num": 62,
			"objects": [
				{
					"category_id": 1,
					"bbox": [
						730.49,
						245.14,
						335.43,
						834.86
					],
					"score": 0.931,
					"keypoints": [
						794.977,
						377.154,
						1.0,
						819.019,
						358.267,
						1.0,
						777.455,
						359.323,
						1.0,
						865.065,
						358.311,
						1.0,
						764.184,
						357.972,
						0.03,
						915.981,
						490.248,
						0.91,
						769.973,
						441.009,
						0.96,
						983.293,
						622.75,
						1.0,
						793.143,
						543.96,
						0.75,
						1022.909,
						749.553,
						1.0,
						767.415,
						621.452,
						0.95,
						887.453,
						751.778,
						0.73,
						803.358,
						740.187,
						0.74,
						917.747,
						927.231,
						0.86,
						782.393,
						897.362,
						0.94,
						1004.656,
						1075.524,
						1.0,
						798.662,
						1058.03,
						1.0
					],
					"area": 62937.177,
					"b_score": 0.973,
					"object_id": 0
				}
			]
		},
		{
			"frame_num": 63,
			"objects": [
				{
					"category_id": 1,
					"bbox": [
						723.01,
						247.42,
						337.58,
						832.58
					],
					"score": 0.928,
					"keypoints": [
						788.09,
						378.904,
						1.0,
						813.387,
						360.531,
						1.0,
						770.658,
						361.103,
						1.0,
						863.022,
						360.6,
						1.0,
						760.284,
						360.252,
						0.02,
						909.833,
						491.99,
						0.89,
						762.247,
						444.709,
						0.99,
						961.191,
						628.438,
						0.96,
						775.033,
						552.089,
						0.91,
						989.041,
						767.674,
						0.96,
						759.23,
						642.375,
						1.0,
						882.58,
						753.095,
						0.73,
						796.51,
						742.94,
						0.76,
						916.007,
						927.619,
						0.85,
						778.44,
						904.788,
						0.91,
						1002.329,
						1075.6,
						1.0,
						800.287,
						1058.246,
						1.0
					],
					"area": 63167.631,
					"b_score": 0.972,
					"object_id": 0
				}
			]
		},
		{
			"frame_num": 64,
			"objects": [
				{
					"category_id": 1,
					"bbox": [
						711.99,
						250.71,
						347.63,
						829.29
					],
					"score": 0.95,
					"keypoints": [
						781.881,
						384.678,
						1.0,
						807.638,
						363.034,
						1.0,
						769.794,
						363.478,
						1.0,
						858.759,
						363.034,
						1.0,
						760.427,
						367.087,
						0.02,
						903.528,
						494.065,
						0.92,
						761.22,
						452.25,
						1.0,
						942.6,
						637.173,
						0.97,
						765.23,
						563.397,
						0.94,
						955.512,
						779.287,
						1.0,
						753.313,
						671.418,
						1.0,
						876.97,
						754.418,
						0.72,
						790.332,
						745.068,
						0.74,
						912.973,
						928.076,
						0.85,
						773.488,
						903.794,
						0.9,
						1002.377,
						1075.644,
						1.0,
						802.869,
						1058.357,
						1.0
					],
					"area": 64790.431,
					"b_score": 0.97,
					"object_id": 0
				}
			]
		},
		{
			"frame_num": 65,
			"objects": [
				{
					"category_id": 1,
					"bbox": [
						698.3,
						248.47,
						355.69,
						831.53
					],
					"score": 0.923,
					"keypoints": [
						778.659,
						383.921,
						1.0,
						799.18,
						363.932,
						1.0,
						763.476,
						364.226,
						1.0,
						851.102,
						363.919,
						1.0,
						754.78,
						366.38,
						0.02,
						900.256,
						494.598,
						0.94,
						754.695,
						452.154,
						1.0,
						929.771,
						640.26,
						0.99,
						755.195,
						573.65,
						0.96,
						919.603,
						780.783,
						1.0,
						736.707,
						690.645,
						1.0,
						868.711,
						758.93,
						0.68,
						781.643,
						745.752,
						0.72,
						906.567,
						928.204,
						0.84,
						765.41,
						903.096,
						0.87,
						1002.05,
						1075.658,
						1.0,
						802.616,
						1058.352,
						1.0
					],
					"area": 66473.38,
					"b_score": 0.947,
					"object_id": 0
				}
			]
		},
		{
			"frame_num": 66,
			"objects": [
				{
					"category_id": 1,
					"bbox": [
						687.4,
						248.95,
						368.11,
						831.05
					],
					"score": 0.888,
					"keypoints": [
						769.067,
						383.622,
						1.0,
						792.997,
						364.663,
						1.0,
						752.548,
						364.853,
						1.0,
						845.117,
						361.5,
						1.0,
						738.501,
						366.151,
						0.01,
						890.79,
						491.764,
						0.9,
						743.649,
						452.247,
						0.99,
						916.319,
						641.709,
						0.93,
						736.434,
						578.499,
						1.0,
						880.081,
						781.214,
						1.0,
						722.737,
						701.281,
						1.0,
						856.875,
						757.317,
						0.64,
						775.465,
						746.197,
						0.7,
						900.146,
						928.317,
						0.83,
						759.117,
						902.819,
						0.83,
						993.24,
						1070.623,
						1.0,
						799.177,
						1058.357,
						1.0
					],
					"area": 68754.114,
					"b_score": 0.938,
					"object_id": 0
				}
			]
		},
		{
			"frame_num": 67,
			"objects": [
				{
					"category_id": 1,
					"bbox": [
						671.66,
						243.69,
						376.23,
						836.31
					],
					"score": 0.898,
					"keypoints": [
						768.6,
						381.929,
						1.0,
						788.483,
						363.44,
						1.0,
						751.529,
						363.542,
						1.0,
						840.819,
						361.429,
						1.0,
						729.758,
						367.786,
						0.01,
						885.192,
						488.627,
						0.97,
						742.73,
						450.765,
						0.99,
						904.128,
						636.371,
						1.0,
						728.19,
						578.825,
						0.97,
						841.802,
						764.569,
						0.95,
						709.815,
						708.281,
						0.97,
						855.982,
						755.617,
						0.59,
						770.929,
						745.485,
						0.7,
						895.149,
						924.358,
						0.92,
						764.071,
						902.142,
						0.83,
						988.434,
						1068.387,
						1.0,
						801.885,
						1064.407,
						1.0
					],
					"area": 70715.472,
					"b_score": 0.938,
					"object_id": 0
				}
			]
		}
	],
	"categories": [
		{
			"supercategory": "person",
			"id": 1,
			"name": "person",
			"keypoints": [
				"nose",
				"left_eye",
				"right_eye",
				"left_ear",
				"right_ear",
				"left_shoulder",
				"right_shoulder",
				"left_elbow",
				"right_elbow",
				"left_wrist",
				"right_wrist",
				"left_hip",
				"right_hip",
				"left_knee",
				"right_knee",
				"left_ankle",
				"right_ankle"
			],
			"skeleton": [
				[
					0,
					1
				],
				[
					0,
					2
				],
				[
					1,
					3
				],
				[
					2,
					4
				],
				[
					0,
					5
				],
				[
					0,
					6
				],
				[
					5,
					7
				],
				[
					6,
					8
				],
				[
					7,
					9
				],
				[
					8,
					10
				],
				[
					5,
					11
				],
				[
					6,
					12
				],
				[
					11,
					13
				],
				[
					12,
					14
				],
				[
					13,
					15
				],
				[
					14,
					16
				]
			]
		}
	]
}